22 5 93 126 107 63 139 116 186 131 190 109 45 160 62 177 11 155 76 137 47 49 199 59 33 124 187 174 37 113 128 2 176 138 195 84 98 170 6 54 44 56 23 188 99 132 196 17 15 120 161 157 140 154 123 81 14 192 18 65 105 55 129 66 53 117 151 73 51 26 164 197 165 61 21 79 29 16 52 19 114 43 169 25 27 181 171 57 77 75 179 153 9 82 110 143 12 112 193 125 91 13 156 64 1 191 142 148 69 146 101 96 108 118 38 189 48 71 159 106 41 103 92 173 3 50 167 90 88 150 183 185 111 70 97 163 102 83 152 147 178 122 127 115 31 162 182 24 8 149 121 28 144 141 130 10 119 89 86 136 0 67 172 94 34 134 87 46 72 30 166 175 40 194 39 74 95 78 184 32 20 4 145 60 168 198 80 104 36 58 7 42 85 133 180 158 35 135 100 68
22 5 93 67 0 136 86 172 94 89 119 10 130 135 100 35 158 180 85 133 68 7 42 4 145 58 36 104 80 198 168 60 20 32 184 78 95 74 39 194 175 40 30 166 125 91 13 156 64 1 191 142 148 69 146 101 96 108 118 38 189 48 71 127 122 178 16 29 52 19 114 159 103 106 41 57 77 82 110 143 12 112 193 162 31 115 9 153 179 75 171 181 43 169 25 27 92 173 3 50 167 55 129 66 53 117 151 73 51 26 164 197 165 61 21 79 147 152 83 102 163 97 70 111 185 183 150 88 90 65 18 105 192 14 81 123 161 157 140 154 120 15 17 196 132 99 188 23 56 44 6 54 170 98 84 195 138 176 2 128 113 37 174 187 124 33 199 59 49 47 76 137 155 11 177 62 160 45 134 46 72 87 34 186 116 63 139 126 107 131 190 109 149 8 182 24 121 28 144 141
100 135 144 141 130 10 0 67 136 86 119 89 172 94 139 63 116 186 107 126 93 5 22 109 45 190 131 34 134 87 46 72 37 174 113 128 2 176 195 84 98 187 124 33 199 59 49 47 76 137 160 62 155 11 177 182 24 8 149 28 121 30 166 91 125 193 112 143 110 12 31 162 54 170 6 44 56 23 188 99 132 196 138 154 140 157 161 120 15 17 123 81 14 192 18 65 90 88 150 183 185 111 70 26 51 117 53 66 129 55 105 167 50 3 115 173 151 73 164 197 165 61 21 79 147 97 163 102 83 152 127 122 178 16 29 52 19 114 71 48 189 103 159 43 169 25 92 27 181 106 41 77 57 171 75 179 153 9 82 156 13 64 1 191 78 184 32 20 96 101 148 142 69 146 118 38 108 80 104 36 58 198 168 60 145 4 7 42 133 68 158 35 180 85 95 74 39 194 175 40
16 178 122 127 152 83 102 163 97 147 29 79 21 61 165 197 164 51 26 70 111 185 183 150 88 90 65 18 105 192 14 81 123 161 157 140 154 120 17 15 176 2 128 113 174 37 72 33 49 199 59 124 187 98 84 195 138 196 132 99 188 23 44 56 50 167 55 129 53 66 3 173 151 117 73 92 115 31 162 54 6 170 47 76 137 155 11 177 62 160 109 45 134 46 87 34 131 190 107 186 116 63 139 94 172 126 93 5 22 67 0 136 86 89 119 10 130 141 144 28 149 8 182 24 121 30 166 39 194 175 40 100 135 35 158 180 85 133 68 7 42 95 74 78 184 32 20 4 145 60 168 198 58 36 104 80 38 189 48 71 159 106 41 103 118 108 96 101 146 69 148 142 191 1 64 156 13 91 125 193 112 12 143 110 82 9 153 179 75 77 57 171 181 27 25 169 43 114 19 52
153 9 75 171 57 77 41 106 103 146 69 148 101 96 108 118 38 80 104 36 58 198 168 60 145 4 7 68 133 180 158 35 135 100 144 121 28 141 130 10 0 67 136 86 119 89 172 94 139 63 116 186 107 126 93 5 22 160 45 109 190 131 34 134 87 46 72 33 49 137 76 155 11 62 177 182 8 149 24 30 166 40 175 194 39 74 85 95 78 42 184 32 20 142 191 1 64 13 156 82 115 110 143 91 125 193 112 12 31 162 47 59 199 124 187 174 37 113 128 2 176 138 195 84 98 170 54 6 44 56 23 188 99 132 196 154 140 157 161 120 15 17 123 81 14 192 18 65 90 88 150 183 185 111 26 51 117 53 66 129 55 105 167 50 3 173 151 73 197 164 70 97 163 102 83 152 147 178 122 127 71 48 189 159 114 19 52 16 29 79 21 61 165 92 25 169 43 27 181 179
160 45 134 46 72 87 34 131 190 126 107 186 116 63 139 94 172 89 119 10 130 141 144 100 135 35 158 180 85 133 68 7 42 4 145 58 36 104 80 198 168 60 20 32 184 78 95 74 39 194 175 40 166 125 91 13 156 64 1 191 142 148 69 146 101 96 108 118 38 189 48 71 127 122 178 16 29 52 19 114 159 103 106 41 57 77 82 110 143 12 112 193 162 31 115 9 153 179 75 171 181 43 169 25 27 92 173 3 50 167 55 129 66 53 117 151 73 51 26 164 197 165 61 21 79 147 152 83 102 163 97 70 111 185 183 150 88 90 65 18 105 192 14 81 123 161 157 140 154 120 15 17 196 132 99 188 23 56 44 6 54 170 98 84 195 138 176 2 128 113 37 174 187 124 33 199 59 49 47 76 137 62 155 11 177 182 8 149 24 30 121 28 0 136 86 67 22 5 93 109
65 90 88 150 183 185 111 70 164 26 51 73 151 117 53 129 55 66 3 173 115 12 143 110 82 77 57 103 41 106 159 43 169 25 27 181 171 75 179 9 153 92 197 165 61 21 79 147 97 163 102 83 152 127 122 178 16 29 52 19 114 71 48 189 38 118 108 96 101 146 69 148 142 191 1 64 156 13 91 125 193 112 31 162 54 170 6 44 56 50 167 23 188 99 132 196 195 84 98 187 124 33 199 59 49 47 76 137 155 11 62 160 45 109 93 5 22 67 86 136 0 28 121 149 8 182 177 24 30 166 40 175 194 39 74 95 78 184 32 20 60 168 198 80 104 36 58 145 4 7 68 42 85 133 180 158 35 135 100 144 141 130 10 119 89 172 94 139 63 126 107 116 186 131 190 34 134 87 46 72 37 174 113 128 2 176 138 154 140 157 161 120 15 17 123 81 14 192 105 18
105 18 65 90 88 150 183 185 111 70 26 164 197 165 61 21 79 147 97 163 102 83 152 127 122 178 16 29 52 19 114 71 48 189 38 118 108 96 101 146 69 148 142 191 1 64 156 13 91 125 193 112 12 143 110 82 77 57 103 41 106 159 43 169 25 27 181 171 75 179 9 153 92 115 31 162 54 6 170 98 84 187 124 33 199 59 49 47 76 137 155 11 62 160 45 109 93 5 22 67 86 136 0 28 121 149 8 182 177 24 30 166 40 175 194 39 74 95 78 184 32 20 60 168 198 80 104 36 58 145 4 7 68 42 85 133 180 158 35 135 100 144 141 130 10 119 89 172 94 139 63 126 107 116 186 131 190 34 134 87 46 72 37 174 113 128 2 176 195 138 196 132 17 15 120 154 140 157 161 123 81 14 192 99 188 23 44 56 50 167 66 3 173 151 73 51 117 53 129 55
92 153 9 179 75 171 57 77 41 106 181 27 43 169 25 79 21 61 165 197 164 26 51 73 151 117 53 66 129 55 167 50 54 170 6 44 56 23 188 99 132 196 195 84 98 187 124 47 76 137 155 193 112 125 91 166 30 121 28 144 141 149 8 24 182 177 11 62 160 45 109 93 5 22 67 86 136 0 10 130 119 89 172 94 139 63 126 107 116 186 131 190 34 134 87 46 49 59 199 33 72 37 174 113 128 2 176 138 154 140 157 161 120 15 17 123 81 14 192 105 18 65 90 88 150 183 185 111 70 97 163 102 83 152 147 127 122 178 16 29 52 19 114 159 71 48 189 38 108 80 104 36 58 145 4 7 68 133 85 180 158 35 135 100 40 175 194 39 74 95 78 42 184 32 20 60 168 198 96 101 118 103 146 69 148 142 191 1 64 13 156 82 110 143 12 31 162 3 173 115
58 36 80 38 189 48 71 127 122 178 16 29 52 19 114 43 169 25 27 92 173 3 50 167 55 129 66 53 117 151 73 51 26 164 197 165 61 21 79 147 152 83 102 163 97 70 111 185 183 150 88 90 65 18 105 192 14 81 123 161 157 140 154 120 15 17 196 132 99 188 23 56 44 6 170 54 49 59 199 33 124 187 98 84 195 138 176 2 128 113 174 37 72 46 87 134 34 131 190 45 160 109 107 186 116 63 139 94 172 126 93 5 22 67 0 136 86 89 119 10 130 141 144 166 30 121 28 149 8 24 182 177 11 155 62 137 76 47 162 31 12 143 112 193 125 91 13 156 110 115 82 9 153 179 75 77 57 171 181 159 106 41 103 118 108 96 101 146 69 148 142 64 1 191 74 39 194 175 40 100 135 35 158 180 85 133 68 7 42 95 78 184 32 20 4 145 60 168 198 104
39 194 74 85 42 95 78 184 32 20 142 148 101 96 108 118 38 80 104 36 58 198 168 60 145 4 7 68 133 180 158 35 135 100 40 175 166 30 24 182 8 149 160 45 109 93 5 22 121 28 144 141 130 10 0 67 136 86 119 89 172 94 139 63 116 186 107 126 190 131 34 134 87 46 72 37 174 113 128 2 176 195 84 98 187 124 33 199 59 49 47 76 137 62 177 11 155 162 54 6 170 132 196 138 154 140 157 161 120 15 17 123 81 14 192 99 188 23 44 56 50 167 105 18 65 90 88 150 183 53 129 55 66 3 173 151 117 73 197 164 26 51 185 111 70 97 163 102 83 152 147 79 21 61 165 92 25 169 43 27 181 41 106 159 114 29 16 178 127 122 52 19 71 48 189 103 146 69 77 57 171 75 179 153 9 115 31 193 125 91 112 12 143 110 82 156 13 64 1 191
0 141 144 28 121 30 24 182 8 149 160 45 109 22 5 93 126 107 139 63 116 186 131 190 34 134 87 46 72 37 174 113 128 2 176 138 195 84 98 187 124 33 199 59 49 47 76 137 62 177 11 155 193 112 12 31 162 54 170 6 3 151 173 115 110 143 125 91 166 100 40 175 194 39 74 95 78 42 184 32 20 142 191 1 64 13 156 82 9 153 179 75 171 57 77 41 106 181 27 43 169 25 92 73 117 53 66 129 55 105 167 50 56 44 23 188 99 132 196 17 15 120 154 140 157 161 123 81 14 192 18 65 90 88 150 183 185 111 102 163 97 70 26 51 164 197 165 61 21 79 147 83 152 127 122 178 16 29 52 19 114 159 71 48 189 103 146 69 148 101 96 108 118 38 80 104 36 58 198 168 60 145 4 7 68 133 85 180 158 35 135 130 10 119 89 94 172 86 136 67
39 194 74 85 42 95 78 184 32 20 142 148 101 96 108 118 38 80 104 36 58 198 168 60 145 4 7 68 133 180 158 35 135 100 40 175 166 30 24 182 8 149 160 45 109 93 5 22 121 28 144 141 130 10 0 67 136 86 119 89 172 94 139 63 116 186 107 126 190 131 34 134 87 46 72 37 174 113 128 2 176 195 84 98 187 124 33 199 59 49 47 76 137 62 177 11 155 162 54 6 170 132 196 138 154 140 157 161 120 15 17 123 81 14 192 99 188 23 44 56 50 167 105 18 65 90 88 150 183 53 129 55 66 3 173 151 117 73 197 164 26 51 185 111 70 97 163 102 83 152 147 79 21 61 165 92 25 169 43 27 181 41 106 159 114 29 16 178 127 122 52 19 71 48 189 103 146 69 77 57 171 75 179 153 9 115 31 193 125 91 112 12 143 110 82 156 13 64 1 191
104 58 36 80 38 189 48 71 127 122 178 16 29 52 19 114 43 169 25 27 92 173 3 50 167 55 129 66 53 117 151 73 51 26 164 197 165 61 21 79 147 152 83 102 163 97 70 111 185 183 150 88 90 65 18 105 192 14 81 123 161 157 140 154 120 15 17 196 132 99 188 23 56 44 6 170 54 49 59 199 33 124 187 98 84 195 138 176 2 128 113 174 37 72 46 87 134 34 131 190 45 160 109 107 186 116 63 139 94 172 126 93 5 22 67 0 136 86 89 119 10 130 141 144 166 30 121 28 149 8 24 182 177 11 155 62 137 76 47 162 31 12 143 112 193 125 91 13 156 110 115 82 9 153 179 75 77 57 171 181 159 106 41 103 118 108 96 101 146 69 148 142 64 1 191 74 39 194 175 40 100 135 35 158 180 85 133 68 7 42 95 78 184 32 20 4 145 60 168 198
199 49 33 72 46 87 134 34 131 190 109 45 160 22 5 93 126 107 186 116 63 139 94 172 67 0 136 86 89 119 10 130 141 144 100 135 35 158 180 85 133 68 7 42 4 145 58 36 104 80 198 168 60 20 32 184 78 95 74 39 194 175 40 166 30 121 28 149 8 24 182 177 11 155 62 137 76 47 162 31 12 143 112 193 125 91 13 156 64 1 191 142 148 69 146 101 96 108 118 38 189 48 71 127 122 178 16 29 52 19 114 159 103 106 41 57 77 82 110 115 9 153 179 75 171 181 43 169 25 27 92 173 3 50 167 55 129 66 53 117 151 73 51 26 164 197 165 61 21 79 147 152 83 102 163 97 70 111 185 183 150 88 90 65 18 105 192 14 81 123 161 157 140 154 120 15 17 196 132 99 188 23 56 44 6 54 170 98 84 195 138 176 2 128 113 37 174 187 124 59
24 182 8 149 109 45 160 62 177 11 155 137 76 162 31 12 143 112 193 125 91 13 156 64 1 191 142 148 69 146 101 96 108 118 38 189 48 71 127 122 178 16 29 52 19 114 159 103 106 41 57 77 82 110 115 9 153 179 75 171 181 43 169 25 27 92 173 3 50 167 55 129 66 53 117 151 73 51 26 164 197 165 61 21 79 147 152 83 102 163 97 70 111 185 183 150 88 90 65 18 105 192 14 81 123 161 157 140 154 120 15 17 196 132 99 188 23 56 44 6 54 170 98 84 195 138 176 2 128 113 37 174 187 124 47 49 59 199 33 72 46 87 134 34 190 131 186 116 63 94 172 139 107 126 93 5 22 67 0 136 86 89 119 10 130 141 28 121 144 135 35 158 68 7 42 4 145 58 36 104 80 198 168 60 20 32 184 78 95 74 85 133 180 194 39 175 40 100 166 30
12 143 110 82 9 153 179 75 171 57 77 41 106 181 27 43 169 25 92 165 61 21 79 97 163 102 83 152 147 178 127 122 16 29 52 19 114 159 71 48 189 103 146 69 148 142 191 1 64 156 13 91 125 112 193 155 11 177 62 160 45 109 93 5 22 149 8 182 24 121 28 30 166 40 175 194 39 74 95 78 184 32 20 101 96 108 118 38 80 104 36 58 198 168 60 145 4 7 68 42 85 133 180 158 35 135 100 144 141 130 10 119 89 86 136 0 67 172 94 139 63 116 186 107 126 190 131 34 134 87 46 137 76 47 162 31 54 170 6 44 56 23 188 99 132 196 195 84 98 187 124 59 199 49 33 72 37 174 113 128 2 176 138 154 140 157 161 120 15 17 123 81 14 192 18 65 90 88 150 183 185 111 70 197 164 26 51 73 151 117 53 66 129 55 105 167 50 3 173 115
128 2 176 138 195 84 98 170 54 6 44 56 23 188 99 132 196 154 140 157 161 120 15 17 123 81 14 192 18 65 90 88 150 183 185 111 70 97 163 102 83 152 127 122 178 147 197 164 26 51 73 151 117 53 66 129 55 105 167 50 3 173 92 165 61 21 79 29 16 52 19 114 43 169 25 27 179 75 77 57 171 181 41 106 103 159 71 48 189 38 118 108 96 101 146 69 148 142 191 1 64 156 13 91 125 193 112 12 143 110 82 9 153 115 31 162 47 76 137 155 11 62 160 45 109 93 5 22 67 86 136 0 28 121 149 8 182 177 24 30 166 40 175 194 39 74 95 78 184 32 20 60 168 198 80 104 36 58 145 4 7 68 42 85 133 180 158 35 135 100 144 141 130 10 119 89 172 94 139 63 126 107 116 186 131 190 34 134 87 46 49 199 59 124 187 33 72 37 174 113
23 56 50 167 55 129 53 66 3 54 6 44 170 47 76 137 46 87 134 34 131 190 126 107 186 116 63 139 94 172 89 119 10 130 141 144 100 135 35 158 180 85 133 68 7 42 4 145 58 36 104 80 198 168 60 20 32 184 78 95 74 39 194 175 40 166 30 28 121 24 182 8 149 0 136 86 67 22 5 93 109 45 160 62 177 11 155 162 31 12 143 112 193 125 91 13 156 64 1 191 142 148 69 146 101 96 108 118 38 189 48 71 159 103 106 41 171 57 77 82 110 115 173 92 153 9 75 179 181 27 25 169 43 114 19 52 16 29 79 21 61 165 197 73 151 117 51 26 164 70 97 147 178 122 127 152 83 102 163 111 185 183 150 88 90 65 18 105 192 14 81 123 161 157 140 154 120 17 15 176 2 128 113 174 37 72 33 49 199 59 124 187 98 84 195 138 196 132 99 188
115 110 143 12 31 162 47 76 137 62 177 11 155 193 112 125 91 13 156 82 75 171 57 77 41 106 103 146 69 148 142 64 1 191 78 184 32 20 101 96 108 118 38 80 104 36 58 198 168 60 145 4 7 68 42 95 74 85 133 180 158 35 135 141 28 121 144 100 40 175 194 39 166 30 24 182 8 149 160 45 109 93 5 22 67 86 136 0 10 130 119 89 172 94 139 63 116 186 107 126 190 131 34 134 87 46 72 33 49 199 59 124 187 174 37 113 128 2 176 138 195 84 98 170 54 6 44 56 23 188 99 132 196 154 140 157 161 120 15 17 123 81 14 192 18 65 90 88 150 183 185 111 26 51 117 53 66 129 55 105 167 50 3 173 151 73 197 164 70 97 163 102 83 152 147 178 122 127 71 48 189 159 114 19 52 16 29 79 21 61 165 92 25 169 43 27 181 179 153 9
169 25 92 165 61 197 164 26 51 73 151 117 53 66 129 55 167 50 3 173 115 31 162 54 170 6 44 56 23 188 99 132 196 195 84 98 187 124 33 199 59 49 47 76 137 155 11 62 160 45 109 93 5 22 67 86 136 0 28 121 149 8 182 177 24 30 166 40 175 194 39 74 95 78 184 32 20 60 168 198 80 104 36 58 145 4 7 68 42 85 133 180 158 35 135 100 144 141 130 10 119 89 172 94 139 63 126 107 116 186 131 190 34 134 87 46 72 37 174 113 128 2 176 138 154 140 157 161 120 15 17 123 81 14 192 105 18 65 90 88 150 183 185 111 70 97 163 102 83 152 147 178 127 122 52 19 71 48 189 38 118 108 96 101 146 69 148 142 191 1 64 156 13 91 125 193 112 12 143 110 82 9 153 179 75 77 57 171 181 27 43 106 41 103 159 114 29 16 79 21
65 90 88 150 183 185 111 70 164 26 51 73 151 117 53 129 55 66 3 173 115 12 143 110 82 77 57 103 41 106 159 43 169 25 27 181 171 75 179 9 153 92 197 165 61 21 79 147 97 163 102 83 152 127 122 178 16 29 52 19 114 71 48 189 38 118 108 96 101 146 69 148 142 191 1 64 156 13 91 125 193 112 31 162 54 170 6 44 56 50 167 23 188 99 132 196 195 84 98 187 124 33 199 59 49 47 76 137 155 11 62 160 45 109 93 5 22 67 86 136 0 28 121 149 8 182 177 24 30 166 40 175 194 39 74 95 78 184 32 20 60 168 198 80 104 36 58 145 4 7 68 42 85 133 180 158 35 135 100 144 141 130 10 119 89 172 94 139 63 126 107 116 186 131 190 34 134 87 46 72 37 174 113 128 2 176 138 154 140 157 161 120 15 17 123 81 14 192 105 18
149 8 182 177 11 155 47 76 137 62 160 45 109 22 141 130 10 0 67 136 86 119 89 94 172 5 93 126 107 139 63 116 186 131 190 34 134 87 46 49 59 199 33 124 187 72 37 174 113 128 2 176 138 195 84 98 170 54 6 44 56 23 188 99 132 196 17 15 120 154 140 157 161 123 81 14 192 105 18 65 90 88 150 183 185 111 70 97 163 102 83 152 147 79 21 61 165 197 164 26 51 73 151 117 53 66 129 55 167 50 3 173 92 27 25 169 43 181 171 75 179 153 9 115 31 162 193 112 12 143 110 82 77 57 41 106 103 159 114 19 52 29 16 178 122 127 71 48 189 38 118 108 96 101 146 69 148 142 191 1 64 156 13 91 125 166 40 175 39 194 180 133 85 74 95 78 184 32 20 60 168 198 80 104 36 58 145 4 42 7 68 158 35 135 100 144 28 121 30 24
175 40 166 39 78 184 32 20 4 145 60 168 198 58 36 104 80 108 38 118 96 101 146 69 148 142 191 1 64 156 13 91 125 193 155 11 177 62 137 76 47 124 187 98 84 195 138 196 132 188 99 105 55 129 167 50 23 56 44 6 170 54 162 31 12 112 143 110 82 9 153 179 75 171 57 77 103 106 41 181 27 43 169 25 29 16 52 19 114 159 189 48 71 127 122 178 147 152 83 102 163 97 79 21 61 165 92 115 173 3 66 53 117 151 73 51 26 164 197 70 111 185 183 150 88 90 65 18 192 14 81 123 161 157 140 154 120 17 15 176 2 128 113 174 37 72 33 199 59 49 46 87 134 34 190 131 186 116 107 126 63 139 94 172 89 119 86 136 0 67 22 5 93 109 45 160 149 8 182 24 30 121 28 141 10 130 144 100 135 35 158 180 85 133 68 7 42 95 74 194
70 111 185 183 150 88 90 65 18 105 192 14 81 123 161 157 140 154 120 17 15 176 2 128 113 174 37 72 33 49 199 59 124 187 98 84 195 138 196 132 99 188 23 44 56 50 167 55 129 66 53 117 73 51 26 164 197 61 165 92 153 9 82 110 115 173 151 3 6 170 54 31 162 47 76 137 46 87 134 34 131 190 126 107 186 116 63 139 94 172 89 119 10 130 141 144 100 135 35 158 180 85 133 68 7 42 4 145 58 36 104 80 198 168 60 20 32 184 78 95 74 39 194 175 40 166 30 28 121 24 182 8 149 0 136 86 67 22 5 93 109 45 160 62 177 11 155 193 112 12 143 125 91 13 156 64 1 191 142 148 69 146 101 96 108 118 38 189 48 71 159 103 106 41 77 57 171 75 179 181 27 25 169 43 114 19 52 122 127 178 16 29 79 21 147 152 83 102 163 97
129 55 167 50 3 173 115 110 82 75 179 9 153 92 21 79 147 97 163 102 83 152 127 122 178 16 29 52 19 114 43 169 25 27 181 171 57 77 103 41 106 159 71 48 189 38 118 108 96 101 146 69 148 142 191 1 64 156 13 91 125 193 112 143 12 31 162 47 76 137 155 11 62 160 45 109 93 5 22 67 86 136 0 28 121 149 8 182 177 24 30 166 40 175 194 39 74 95 78 184 32 20 60 168 198 80 104 36 58 145 4 7 68 42 85 133 180 158 35 135 100 144 141 130 10 119 89 172 94 139 63 126 107 116 186 131 190 34 134 87 46 72 37 174 187 33 49 199 59 124 84 98 170 54 6 44 56 23 188 99 132 196 195 113 128 2 176 138 154 140 157 161 120 15 17 123 81 14 192 105 18 65 90 88 150 183 185 111 70 61 165 197 164 26 51 73 151 117 53 66
135 100 40 175 194 39 74 78 95 85 180 35 158 133 68 7 42 184 32 20 4 145 60 168 198 58 36 104 80 108 38 118 96 101 146 69 148 142 191 1 64 13 156 82 110 115 173 3 50 167 55 129 66 53 117 151 73 51 26 164 197 61 165 92 153 9 179 75 171 57 77 41 106 181 27 43 169 25 21 79 29 16 52 19 114 159 103 189 48 71 127 122 178 147 152 83 102 163 97 70 111 185 183 150 88 90 65 18 105 192 14 81 123 161 157 140 154 120 15 17 196 132 99 188 23 56 44 6 170 54 162 31 12 143 112 193 125 91 166 30 28 121 24 182 8 149 109 45 160 62 177 11 155 137 76 47 49 59 199 33 124 187 98 84 195 138 176 2 128 113 174 37 72 46 87 134 34 190 131 186 116 63 94 172 139 107 126 93 5 22 67 0 136 86 89 119 10 130 141 144
189 48 71 114 19 52 122 127 178 16 29 79 147 152 83 102 163 97 70 111 185 183 150 88 90 65 18 105 192 14 81 123 161 157 140 154 120 15 17 196 132 99 188 23 44 56 50 167 55 129 66 53 117 151 73 51 26 164 197 61 21 165 173 3 6 170 54 49 59 199 33 124 187 98 84 195 138 176 2 128 113 174 37 72 46 87 134 34 131 190 109 45 160 22 5 93 126 107 186 116 63 139 94 172 67 0 136 86 89 119 10 130 141 144 100 135 35 158 180 85 133 68 7 42 4 145 58 36 104 80 198 168 60 20 32 184 78 95 74 39 194 175 40 166 30 121 28 149 8 24 182 177 11 155 62 137 76 47 162 31 115 92 25 169 43 27 181 171 57 77 75 179 153 9 82 110 143 12 112 193 125 91 13 156 64 1 191 142 148 69 146 101 96 108 38 118 103 41 106 159
57 77 82 110 143 12 112 193 125 91 13 156 64 1 191 142 148 69 146 101 96 108 118 38 189 48 71 127 122 178 16 29 52 19 114 159 103 106 41 181 43 169 25 27 92 165 61 21 79 147 152 83 102 163 97 70 111 185 183 150 88 90 65 18 192 14 81 123 161 157 140 154 120 15 17 105 55 129 53 117 51 26 164 197 73 151 173 3 66 167 50 56 44 23 188 99 132 196 138 176 2 128 195 98 84 113 37 174 187 124 59 199 49 33 72 46 87 134 34 131 190 109 45 160 22 5 93 126 107 186 116 63 139 94 172 67 0 136 86 89 119 10 130 141 144 100 135 35 158 180 85 133 68 7 42 4 145 58 36 104 80 198 168 60 20 32 184 78 95 74 39 194 175 40 166 30 121 28 149 8 24 182 177 11 155 62 137 76 47 170 6 54 162 31 115 9 153 179 75 171
86 136 0 67 22 5 93 109 45 160 149 8 182 24 30 121 28 141 10 130 144 100 135 35 158 180 85 133 68 7 42 4 145 60 168 198 58 36 104 80 38 118 108 96 101 20 32 184 78 95 74 39 194 175 40 166 125 91 13 156 64 1 191 142 148 69 146 103 189 48 71 159 114 19 52 29 16 178 122 127 152 83 147 79 21 61 165 197 164 51 26 70 97 163 102 111 185 183 150 88 90 65 18 192 14 81 123 161 157 140 154 120 15 17 196 132 99 188 23 44 56 50 167 105 55 129 66 53 117 73 92 25 169 43 27 181 106 41 77 57 171 75 179 153 9 82 110 143 12 112 193 155 11 177 62 137 76 47 162 31 115 173 151 3 54 6 170 59 199 49 33 124 187 98 84 195 138 176 2 128 113 174 37 72 46 87 134 34 190 131 186 116 107 126 63 139 94 172 89 119
45 160 62 137 76 49 59 199 33 124 187 174 37 113 128 2 176 138 195 84 98 170 54 6 44 56 23 188 99 132 196 154 140 157 161 120 15 17 123 81 14 192 18 65 90 88 150 183 185 111 70 97 163 102 83 152 127 122 178 147 197 164 26 51 73 151 117 53 66 129 55 105 167 50 3 173 92 165 61 21 79 29 16 52 19 114 43 169 25 27 179 75 77 57 171 181 41 106 103 159 71 48 189 38 118 108 96 101 146 69 148 142 191 1 64 156 13 91 125 193 112 12 143 110 82 9 153 115 31 162 47 155 11 177 182 24 8 149 28 121 30 166 40 175 194 39 74 95 78 184 32 20 60 168 198 80 104 36 58 145 4 7 68 42 85 133 180 158 35 135 100 144 141 130 10 119 89 94 172 86 136 0 67 22 5 93 109 126 107 139 63 116 186 34 87 72 46 134 131 190
23 56 50 167 55 129 53 66 3 54 6 44 170 47 76 137 46 87 134 34 131 190 126 107 186 116 63 139 94 172 89 119 10 130 141 144 100 135 35 158 180 85 133 68 7 42 4 145 58 36 104 80 198 168 60 20 32 184 78 95 74 39 194 175 40 166 30 28 121 24 182 8 149 0 136 86 67 22 5 93 109 45 160 62 177 11 155 162 31 12 143 112 193 125 91 13 156 64 1 191 142 148 69 146 101 96 108 118 38 189 48 71 159 103 106 41 171 57 77 82 110 115 173 92 153 9 75 179 181 27 25 169 43 114 19 52 16 29 79 21 61 165 197 73 151 117 51 26 164 70 97 147 178 122 127 152 83 102 163 111 185 183 150 88 90 65 18 105 192 14 81 123 161 157 140 154 120 17 15 176 2 128 113 174 37 72 33 49 199 59 124 187 98 84 195 138 196 132 99 188
7 68 133 85 180 158 35 135 100 40 175 194 39 166 30 121 28 144 141 149 8 24 182 177 11 155 62 160 45 109 93 5 22 67 86 136 0 10 130 119 89 172 94 139 63 126 107 116 186 131 190 34 134 87 46 72 33 49 137 76 47 59 199 124 187 174 37 113 128 2 176 138 195 84 98 170 54 6 44 56 23 188 99 132 196 154 140 157 161 120 15 17 123 81 14 192 18 65 90 88 150 183 185 111 70 26 51 164 197 73 117 53 66 129 55 105 167 50 3 151 173 115 31 162 193 125 91 112 12 143 110 9 153 179 75 171 181 27 43 169 25 92 165 61 21 79 147 97 163 102 83 152 127 122 178 16 29 52 19 114 159 71 48 189 103 106 41 57 77 82 156 13 64 1 191 142 148 69 146 101 118 38 108 96 80 36 58 104 198 168 60 145 4 20 32 184 78 74 95 42
110 115 173 3 50 167 55 129 66 53 117 151 73 51 26 164 197 70 97 147 178 122 127 152 83 102 163 111 185 183 150 88 90 65 18 105 192 14 81 123 161 157 140 154 120 15 17 196 132 99 188 23 56 44 6 170 54 31 162 155 11 177 62 137 76 47 49 59 199 33 124 187 98 84 195 138 176 2 128 113 174 37 72 46 87 134 34 190 131 186 116 107 126 63 139 94 172 89 119 86 136 0 67 22 5 93 109 45 160 182 24 8 149 141 10 130 144 28 121 30 166 100 135 35 158 180 133 68 7 4 145 60 168 198 58 36 104 80 38 118 108 96 101 20 32 184 78 95 42 85 74 194 40 175 39 1 64 191 142 148 69 146 103 189 48 71 159 114 19 52 16 29 79 21 61 165 92 25 169 43 27 181 106 41 77 57 171 75 179 153 9 82 156 13 91 125 193 112 12 143
26 164 73 151 66 3 6 170 98 84 187 124 59 199 49 33 174 113 195 176 2 128 37 72 46 87 134 34 190 131 186 116 107 126 63 139 94 172 89 119 10 130 141 144 100 135 35 158 180 133 85 42 68 7 4 145 58 36 104 80 198 168 60 20 32 184 78 95 74 39 194 175 40 166 30 24 177 182 8 149 121 28 0 136 86 67 22 5 93 109 45 160 62 11 155 137 76 47 54 162 31 12 143 112 193 125 91 13 156 64 1 191 142 148 69 146 101 96 108 38 118 103 41 106 159 189 48 71 114 43 169 25 27 181 171 57 77 75 179 153 9 82 110 115 173 92 197 165 61 21 79 29 16 19 52 178 122 127 152 83 102 163 97 147 70 111 185 183 150 88 90 65 18 105 192 14 81 123 17 15 120 161 157 140 154 138 196 132 99 188 23 44 56 50 167 55 129 53 117 51
62 160 45 109 93 5 22 67 86 136 0 28 121 149 8 182 24 30 166 40 175 194 39 74 95 78 184 32 20 60 168 198 80 104 36 58 145 4 7 68 42 85 133 180 158 35 135 100 144 141 130 10 119 89 172 94 139 63 126 107 116 186 131 190 34 134 87 46 72 37 174 113 128 2 176 138 195 84 98 170 54 6 44 56 23 188 99 132 196 154 140 157 161 120 15 17 123 81 14 192 18 65 90 88 150 183 185 111 70 97 163 102 83 152 127 122 178 147 197 164 26 51 73 151 117 53 66 129 55 105 167 50 3 173 92 165 61 21 79 29 16 52 19 114 43 169 25 27 179 75 77 57 171 181 41 106 103 159 71 48 189 38 118 108 96 101 146 69 148 142 191 1 64 156 13 91 125 193 112 12 143 110 82 9 153 115 31 162 124 187 33 199 59 49 47 76 137 155 11 177
157 140 154 138 196 132 98 84 124 59 199 49 33 187 195 176 2 128 113 174 37 72 46 87 134 34 131 190 126 107 186 116 63 139 94 172 89 119 10 130 141 144 100 135 35 158 180 85 133 68 7 42 4 145 58 36 104 80 198 168 60 20 32 184 78 95 74 39 194 175 40 166 30 28 121 24 182 8 149 0 136 86 67 22 5 93 109 45 160 62 177 11 155 137 76 47 162 31 12 143 112 193 125 91 13 156 64 1 191 142 148 69 146 101 96 108 118 38 189 48 71 127 122 178 16 29 52 19 114 43 169 25 27 159 103 106 41 181 171 57 77 75 179 153 9 82 110 115 92 173 3 66 53 117 151 73 51 26 164 197 165 61 21 79 147 152 83 102 163 97 70 111 185 183 150 88 90 65 18 105 55 129 167 50 54 170 6 44 56 23 188 99 192 14 81 123 17 15 120 161
50 167 55 129 66 53 117 151 73 51 26 164 197 165 61 21 79 147 152 83 102 163 97 70 111 185 183 150 88 90 65 18 105 192 14 81 123 161 157 140 154 120 15 17 196 132 99 188 23 56 44 6 170 54 162 31 115 110 82 9 153 179 75 77 57 171 181 27 43 159 106 41 103 146 69 101 148 142 78 95 74 194 39 191 1 64 13 156 143 12 112 193 125 91 24 182 8 149 109 45 160 62 177 11 155 137 76 47 124 187 98 84 195 138 176 2 128 113 174 37 72 33 199 59 49 46 87 134 34 190 131 186 116 63 94 172 139 107 126 93 5 22 67 0 136 86 89 119 10 130 141 144 28 121 30 166 175 40 100 135 35 158 180 85 133 68 7 42 184 32 20 4 145 60 168 198 58 36 104 80 96 108 118 38 189 48 71 114 19 52 122 127 178 16 29 169 25 92 173 3
25 169 43 27 92 153 9 179 75 77 57 171 181 41 106 103 159 71 48 189 38 118 108 96 101 146 69 148 142 191 1 64 156 13 91 125 193 112 12 143 110 82 115 173 151 117 53 3 66 129 55 167 50 56 44 23 188 99 132 196 195 84 98 170 6 54 31 162 47 76 137 155 11 62 160 45 109 93 5 22 67 86 136 0 28 121 149 8 182 177 24 30 166 40 175 194 39 74 95 78 184 32 20 60 168 198 80 104 36 58 145 4 7 68 42 85 133 180 158 35 135 100 144 141 130 10 119 89 172 94 139 63 126 107 116 186 131 190 34 134 87 46 49 199 59 124 187 33 72 37 174 113 128 2 176 138 154 140 157 161 120 15 17 123 81 14 192 105 18 65 90 88 150 183 185 111 70 97 163 102 83 152 147 178 127 122 52 19 114 29 16 79 21 61 164 26 51 73 197 165
88 90 65 18 105 55 129 167 50 56 44 98 84 124 59 199 49 33 187 195 138 196 132 23 188 99 192 14 81 123 161 157 140 154 120 17 15 176 2 128 113 174 37 72 46 87 134 34 131 190 109 45 160 22 5 93 126 107 186 116 63 139 94 172 67 0 136 86 89 119 10 130 141 144 100 135 35 158 180 85 133 68 7 42 4 145 58 36 104 80 198 168 60 20 32 184 78 95 74 39 194 175 40 166 30 121 28 149 8 24 182 177 11 155 62 137 76 47 170 6 54 162 31 12 143 112 193 125 91 13 156 64 1 191 142 148 69 146 101 96 108 118 38 189 48 71 159 103 106 41 171 57 77 82 110 115 173 3 66 53 117 151 73 51 26 164 197 165 92 153 9 75 179 181 27 43 169 25 61 21 79 16 29 114 19 52 122 127 178 147 152 83 102 163 97 70 111 185 183 150
118 38 108 80 36 58 104 198 168 60 145 4 20 32 184 78 95 42 7 68 133 85 74 180 158 35 135 100 144 28 121 149 141 130 10 119 89 94 172 86 136 0 67 22 5 93 109 160 45 190 131 107 126 139 63 116 186 34 134 87 46 72 37 174 113 128 2 176 195 84 98 187 124 33 199 59 49 47 76 137 62 155 11 177 182 8 24 30 166 40 175 194 39 191 1 64 156 13 91 125 193 112 143 12 31 162 54 170 6 44 56 23 188 99 132 196 138 154 140 157 161 120 15 17 123 81 14 192 18 65 90 88 150 183 185 111 70 97 163 102 83 152 147 79 21 61 165 197 164 26 51 73 151 117 53 66 129 55 105 167 50 3 173 115 110 82 77 57 171 75 179 9 153 92 25 169 43 114 19 52 29 16 178 122 127 71 48 189 159 27 181 41 106 103 146 69 142 148 101 96
104 58 36 80 38 189 48 71 127 122 178 16 29 52 19 114 43 169 25 27 92 173 3 50 167 55 129 66 53 117 151 73 51 26 164 197 165 61 21 79 147 152 83 102 163 97 70 111 185 183 150 88 90 65 18 105 192 14 81 123 161 157 140 154 120 15 17 196 132 99 188 23 56 44 6 170 54 49 59 199 33 124 187 98 84 195 138 176 2 128 113 174 37 72 46 87 134 34 131 190 45 160 109 107 186 116 63 139 94 172 126 93 5 22 67 0 136 86 89 119 10 130 141 144 166 30 121 28 149 8 24 182 177 11 155 62 137 76 47 162 31 12 143 112 193 125 91 13 156 110 115 82 9 153 179 75 77 57 171 181 159 106 41 103 118 108 96 101 146 69 148 142 64 1 191 74 39 194 175 40 100 135 35 158 180 85 133 68 7 42 95 78 184 32 20 4 145 60 168 198
77 57 171 75 179 9 153 92 165 61 21 79 147 152 83 102 163 97 70 111 185 183 150 88 90 65 18 192 14 81 123 161 157 140 154 120 15 17 105 55 129 53 117 51 26 164 197 73 151 173 3 66 167 50 56 44 23 188 99 132 196 138 176 2 128 195 98 84 113 37 174 187 124 59 199 49 33 72 46 87 134 34 131 190 109 45 160 22 5 93 126 107 186 116 63 139 94 172 67 0 136 86 89 119 10 130 141 144 100 135 35 158 180 85 133 68 7 42 4 145 58 36 104 80 198 168 60 20 32 184 78 95 74 39 194 175 40 166 30 121 28 149 8 24 182 177 11 155 62 137 76 47 170 6 54 162 31 115 82 110 143 12 112 193 125 91 13 156 64 1 191 142 148 69 146 101 96 108 118 38 189 48 71 127 122 178 16 29 52 19 114 43 169 25 27 181 159 106 41 103
195 84 98 187 124 33 199 59 49 47 76 137 155 11 177 62 160 45 109 190 131 34 134 87 46 72 37 174 113 128 2 176 138 154 140 157 120 15 17 161 123 81 14 192 18 65 90 88 105 55 129 167 50 3 66 53 150 183 185 111 70 197 164 26 51 73 117 151 173 115 110 82 9 153 179 75 171 57 77 41 106 181 27 43 169 25 92 165 61 21 79 147 97 163 102 83 152 127 122 178 16 29 52 19 114 159 71 48 189 103 146 69 148 101 96 108 118 38 80 104 36 58 198 168 60 145 4 7 68 42 85 133 180 158 35 135 100 144 141 130 10 119 89 86 136 0 67 172 94 139 63 116 186 107 126 93 5 22 149 8 182 24 121 28 30 166 40 175 194 39 74 95 78 184 32 20 142 191 1 64 156 13 91 125 193 112 143 12 31 162 54 170 6 44 56 23 188 99 132 196
18 65 90 88 150 183 185 111 70 97 163 102 83 152 147 127 122 178 16 29 52 19 114 71 48 189 38 118 108 96 101 146 69 148 142 191 1 64 156 13 91 125 193 112 143 12 31 162 54 170 6 3 173 92 153 9 115 110 82 75 179 27 181 171 57 77 103 41 106 159 43 169 25 79 21 61 165 197 164 26 51 73 151 117 53 66 129 55 167 50 56 44 23 188 99 132 196 195 84 98 187 124 33 199 59 49 47 76 137 155 11 62 160 45 109 93 5 22 67 86 136 0 28 121 149 8 182 177 24 30 166 40 175 194 39 74 95 78 184 32 20 60 168 198 80 104 36 58 145 4 7 68 42 85 133 180 158 35 135 100 144 141 130 10 119 89 172 94 139 63 126 107 116 186 131 190 34 134 87 46 72 37 174 113 128 2 176 138 154 140 157 161 120 15 17 123 81 14 192 105
70 111 185 183 150 88 90 65 18 105 192 14 81 123 161 157 140 154 120 17 15 176 2 128 113 174 37 72 33 49 199 59 124 187 98 84 195 138 196 132 99 188 23 44 56 50 167 55 129 66 53 117 73 51 26 164 197 61 165 92 153 9 82 110 115 173 151 3 6 170 54 31 162 47 76 137 46 87 134 34 131 190 126 107 186 116 63 139 94 172 89 119 10 130 141 144 100 135 35 158 180 85 133 68 7 42 4 145 58 36 104 80 198 168 60 20 32 184 78 95 74 39 194 175 40 166 30 28 121 24 182 8 149 0 136 86 67 22 5 93 109 45 160 62 177 11 155 193 112 12 143 125 91 13 156 64 1 191 142 148 69 146 101 96 108 118 38 189 48 71 159 103 106 41 77 57 171 75 179 181 27 25 169 43 114 19 52 122 127 178 16 29 79 21 147 152 83 102 163 97
26 164 73 151 66 3 6 170 98 84 187 124 59 199 49 33 174 113 195 176 2 128 37 72 46 87 134 34 190 131 186 116 107 126 63 139 94 172 89 119 10 130 141 144 100 135 35 158 180 133 85 42 68 7 4 145 58 36 104 80 198 168 60 20 32 184 78 95 74 39 194 175 40 166 30 24 177 182 8 149 121 28 0 136 86 67 22 5 93 109 45 160 62 11 155 137 76 47 54 162 31 12 143 112 193 125 91 13 156 64 1 191 142 148 69 146 101 96 108 38 118 103 41 106 159 189 48 71 114 43 169 25 27 181 171 57 77 75 179 153 9 82 110 115 173 92 197 165 61 21 79 29 16 19 52 178 122 127 152 83 102 163 97 147 70 111 185 183 150 88 90 65 18 105 192 14 81 123 17 15 120 161 157 140 154 138 196 132 99 188 23 44 56 50 167 55 129 53 117 51
51 26 70 97 147 178 122 127 152 83 102 163 111 185 183 150 88 90 65 18 105 55 129 167 50 56 44 23 188 99 192 14 81 123 17 15 120 161 157 140 154 132 196 138 195 176 2 128 113 174 37 72 33 199 59 49 46 87 134 34 190 131 186 116 107 126 63 139 94 172 89 119 10 130 141 144 100 135 35 158 180 133 85 42 68 7 4 145 58 36 104 80 198 168 60 20 32 184 78 95 74 39 194 175 40 166 30 24 177 182 8 149 121 28 0 136 86 67 22 5 93 109 45 160 62 11 155 137 76 47 124 187 84 98 170 6 54 162 31 12 143 112 193 125 91 13 156 64 1 191 142 148 69 146 101 96 108 118 38 189 48 71 159 106 41 103 57 77 82 110 115 3 66 53 117 73 151 173 92 153 9 179 75 171 181 27 25 169 43 114 19 52 16 29 79 21 61 165 197 164
130 141 144 135 35 158 180 85 133 68 7 42 4 145 58 36 104 80 198 168 60 20 32 184 78 95 74 39 194 175 40 100 28 121 149 8 182 24 30 166 125 91 13 156 64 1 191 142 148 69 146 101 96 108 118 38 189 48 71 127 122 178 16 29 52 19 114 159 103 106 41 57 77 82 110 143 12 112 193 162 31 115 9 153 179 75 171 181 43 169 25 27 92 173 3 50 167 55 129 66 53 117 151 73 51 26 164 197 165 61 21 79 147 152 83 102 163 97 70 111 185 183 150 88 90 65 18 105 192 14 81 123 161 157 140 154 120 15 17 196 132 99 188 23 56 44 6 54 170 98 84 195 138 176 2 128 113 174 37 72 187 124 33 199 59 49 46 87 34 134 47 76 137 155 11 177 62 160 45 109 190 131 186 116 63 139 107 126 93 5 22 67 0 136 86 172 94 89 119 10
119 10 141 28 121 149 8 109 93 5 22 67 0 136 86 89 172 94 139 63 126 107 116 186 131 190 34 87 72 46 134 45 160 62 137 76 49 59 199 33 124 187 174 37 113 128 2 176 138 195 84 98 170 54 6 44 56 23 188 99 132 196 154 140 157 161 120 15 17 123 81 14 192 18 65 90 88 150 183 185 111 70 97 163 102 83 152 127 122 178 147 197 164 26 51 73 151 117 53 66 129 55 105 167 50 3 173 92 165 61 21 79 29 16 52 19 114 43 169 25 27 179 75 77 57 171 181 41 106 103 159 71 48 189 38 118 108 96 101 146 69 148 142 191 1 64 156 13 91 125 193 112 12 143 110 82 9 153 115 31 162 47 155 11 177 182 24 30 166 40 175 194 39 74 95 78 184 32 20 60 168 198 80 104 36 58 145 4 7 68 42 85 133 180 158 35 135 100 144 130
22 5 93 67 0 136 86 172 94 89 119 10 130 135 100 35 158 180 85 133 68 7 42 4 145 58 36 104 80 198 168 60 20 32 184 78 95 74 39 194 175 40 30 166 125 91 13 156 64 1 191 142 148 69 146 101 96 108 118 38 189 48 71 127 122 178 16 29 52 19 114 159 103 106 41 57 77 82 110 143 12 112 193 162 31 115 9 153 179 75 171 181 43 169 25 27 92 173 3 50 167 55 129 66 53 117 151 73 51 26 164 197 165 61 21 79 147 152 83 102 163 97 70 111 185 183 150 88 90 65 18 105 192 14 81 123 161 157 140 154 120 15 17 196 132 99 188 23 56 44 6 54 170 98 84 195 138 176 2 128 113 37 174 187 124 33 199 59 49 47 76 137 155 11 177 62 160 45 134 46 72 87 34 186 116 63 139 126 107 131 190 109 149 8 182 24 121 28 144 141
26 164 73 151 66 3 6 170 98 84 187 124 59 199 49 33 174 113 195 176 2 128 37 72 46 87 134 34 190 131 186 116 107 126 63 139 94 172 89 119 10 130 141 144 100 135 35 158 180 133 85 42 68 7 4 145 58 36 104 80 198 168 60 20 32 184 78 95 74 39 194 175 40 166 30 24 177 182 8 149 121 28 0 136 86 67 22 5 93 109 45 160 62 11 155 137 76 47 54 162 31 12 143 112 193 125 91 13 156 64 1 191 142 148 69 146 101 96 108 38 118 103 41 106 159 189 48 71 114 43 169 25 27 181 171 57 77 75 179 153 9 82 110 115 173 92 197 165 61 21 79 29 16 19 52 178 122 127 152 83 102 163 97 147 70 111 185 183 150 88 90 65 18 105 192 14 81 123 17 15 120 161 157 140 154 138 196 132 99 188 23 44 56 50 167 55 129 53 117 51
156 13 64 1 191 39 194 175 40 166 91 125 193 112 143 12 31 162 155 11 177 62 137 76 47 124 187 98 84 195 138 176 2 128 113 174 37 72 33 199 59 49 46 87 134 34 190 131 186 116 107 126 63 139 94 172 89 119 86 136 0 67 22 5 93 109 45 160 149 8 182 24 30 121 28 141 10 130 144 100 135 35 158 180 133 68 7 42 85 74 95 78 184 32 20 4 145 60 168 198 58 36 104 80 38 118 108 96 101 148 142 69 146 103 189 48 71 127 122 178 16 29 52 19 114 159 43 169 25 92 165 61 21 79 147 152 83 102 163 97 70 111 185 183 150 88 90 65 18 192 14 81 123 161 157 140 154 120 15 17 196 132 99 188 23 56 44 6 170 54 3 66 50 167 105 55 129 53 117 51 26 164 197 73 151 173 115 110 82 9 153 179 27 181 106 41 77 57 171 75
5 93 67 0 136 86 89 119 10 130 135 100 35 158 180 85 133 68 7 42 4 145 60 168 198 58 36 104 80 38 118 108 96 101 20 32 184 78 95 74 39 194 175 40 166 125 91 13 156 64 1 191 142 148 69 146 103 189 48 71 127 122 178 16 29 52 19 114 159 106 41 77 57 171 75 179 181 27 43 169 25 79 147 152 83 102 163 97 21 61 165 197 164 51 26 70 111 185 183 150 88 90 65 18 192 14 81 123 161 157 140 154 120 15 17 196 132 99 188 23 44 56 50 167 105 55 129 66 53 117 73 92 153 9 82 110 115 173 151 3 6 170 54 162 31 12 143 112 193 155 11 177 62 137 76 47 49 59 199 33 124 187 98 84 195 138 176 2 128 113 174 37 72 46 87 134 34 186 116 63 139 94 172 126 107 131 190 109 45 160 149 8 182 24 30 121 28 144 141 22
189 48 71 114 19 52 122 127 178 16 29 79 147 152 83 102 163 97 70 111 185 183 150 88 90 65 18 105 192 14 81 123 161 157 140 154 120 15 17 196 132 99 188 23 44 56 50 167 55 129 66 53 117 151 73 51 26 164 197 61 21 165 173 3 6 170 54 49 59 199 33 124 187 98 84 195 138 176 2 128 113 174 37 72 46 87 134 34 131 190 109 45 160 22 5 93 126 107 186 116 63 139 94 172 67 0 136 86 89 119 10 130 141 144 100 135 35 158 180 85 133 68 7 42 4 145 58 36 104 80 198 168 60 20 32 184 78 95 74 39 194 175 40 166 30 121 28 149 8 24 182 177 11 155 62 137 76 47 162 31 115 92 25 169 43 27 181 171 57 77 75 179 153 9 82 110 143 12 112 193 125 91 13 156 64 1 191 142 148 69 146 101 96 108 38 118 103 41 106 159
151 117 53 66 129 55 167 50 3 173 115 110 82 75 179 9 153 92 21 79 147 97 163 102 83 152 127 122 178 16 29 52 19 114 43 169 25 27 181 171 57 77 103 41 106 159 71 48 189 38 118 108 96 101 146 69 148 142 191 1 64 156 13 91 125 193 112 143 12 31 162 54 47 76 137 155 11 62 160 45 109 93 5 22 67 86 136 0 28 121 149 8 182 177 24 30 166 40 175 194 39 74 95 78 184 32 20 60 168 198 80 104 36 58 145 4 7 68 42 85 133 180 158 35 135 100 144 141 130 10 119 89 172 94 139 63 126 107 116 186 131 190 34 134 87 46 72 37 128 2 176 195 113 174 33 49 199 59 124 187 84 98 170 6 44 56 23 188 99 132 196 138 154 140 157 161 120 15 17 123 81 14 192 105 18 65 90 88 150 183 185 111 70 61 165 197 164 26 51 73
157 140 154 138 196 132 98 84 124 59 199 49 33 187 195 176 2 128 113 174 37 72 46 87 134 34 131 190 126 107 186 116 63 139 94 172 89 119 10 130 141 144 100 135 35 158 180 85 133 68 7 42 4 145 58 36 104 80 198 168 60 20 32 184 78 95 74 39 194 175 40 166 30 28 121 24 182 8 149 0 136 86 67 22 5 93 109 45 160 62 177 11 155 137 76 47 162 31 12 143 112 193 125 91 13 156 64 1 191 142 148 69 146 101 96 108 118 38 189 48 71 127 122 178 16 29 52 19 114 43 169 25 27 159 103 106 41 181 171 57 77 75 179 153 9 82 110 115 92 173 3 66 53 117 151 73 51 26 164 197 165 61 21 79 147 152 83 102 163 97 70 111 185 183 150 88 90 65 18 105 55 129 167 50 54 170 6 44 56 23 188 99 192 14 81 123 17 15 120 161
125 91 166 30 24 149 8 182 177 11 155 193 162 47 124 187 33 199 59 49 76 137 62 160 45 109 93 5 22 67 86 136 0 10 130 119 89 172 94 139 63 116 186 107 126 190 131 34 134 87 46 72 37 174 113 128 2 176 138 195 84 98 170 54 6 44 56 23 188 99 132 196 154 140 157 161 120 15 17 123 81 14 192 18 65 90 88 150 183 185 111 26 51 117 53 66 129 55 105 167 50 3 31 115 173 151 73 197 164 70 97 163 102 83 152 147 79 21 61 165 92 25 169 43 27 181 41 106 159 114 19 52 29 16 178 122 127 71 48 189 103 146 69 148 101 96 108 118 38 80 104 36 58 198 168 60 145 4 7 68 42 95 85 133 180 158 35 135 141 28 121 144 100 40 175 194 39 74 78 184 32 20 142 191 1 64 13 156 77 57 171 75 179 153 9 82 110 143 12 112
138 154 140 157 120 15 17 161 123 81 14 192 18 65 90 88 105 55 129 167 50 3 66 53 150 183 185 111 70 197 164 26 51 73 117 151 173 115 110 82 9 153 179 75 171 57 77 41 106 181 27 43 169 25 92 165 61 21 79 147 97 163 102 83 152 127 122 178 16 29 52 19 114 159 71 48 189 103 146 69 148 142 191 1 64 156 13 91 125 175 40 194 39 74 95 78 184 32 20 101 96 108 118 38 80 104 36 58 198 168 60 145 4 7 68 42 85 133 180 158 35 135 100 166 30 121 28 144 141 130 10 119 89 86 136 0 67 172 94 139 63 116 186 107 126 93 5 22 149 8 24 182 160 45 109 190 131 34 134 87 46 33 72 37 174 113 128 2 176 195 84 98 187 124 59 199 49 47 76 137 62 177 11 155 193 112 143 12 31 162 54 170 6 44 56 23 188 99 132 196
159 106 41 103 189 48 71 127 122 178 16 29 52 19 114 43 169 25 92 173 3 115 31 162 54 6 170 98 84 124 59 199 49 33 187 195 138 196 132 99 188 23 44 56 50 167 55 129 66 53 117 151 73 51 26 164 197 165 61 21 79 147 152 83 102 163 97 70 111 185 183 150 88 90 65 18 105 192 14 81 123 161 157 140 154 120 17 15 176 2 128 113 174 37 72 46 87 34 134 47 76 137 155 11 62 160 45 109 190 131 186 116 63 139 94 172 126 107 93 5 22 67 0 136 86 89 119 10 130 141 144 28 121 149 8 182 177 24 30 166 40 175 194 39 74 100 135 35 158 180 85 133 68 7 42 95 78 184 32 20 4 145 60 168 198 104 58 36 80 38 118 108 96 101 146 69 148 142 191 1 64 156 13 91 125 193 112 12 143 110 82 9 153 75 77 57 171 179 27 181
142 148 101 96 108 80 36 58 104 198 168 60 145 4 20 32 184 78 95 42 7 68 133 85 74 180 158 35 135 100 144 28 121 149 8 182 24 30 166 40 175 194 39 191 1 64 156 13 91 125 193 112 143 12 31 162 47 76 137 155 11 177 62 160 45 109 93 5 22 141 130 10 119 89 86 136 0 67 172 94 139 63 116 186 107 126 190 131 34 134 87 46 72 37 174 113 128 2 176 195 33 49 199 59 124 187 84 98 170 6 54 3 151 73 197 164 26 51 117 53 66 129 55 167 50 56 44 23 188 99 132 196 138 154 140 157 161 120 15 17 123 81 14 192 105 18 65 90 88 150 183 185 111 70 97 163 102 83 152 147 178 127 122 52 19 16 29 79 21 61 165 92 173 115 110 82 9 153 179 75 77 57 171 181 27 25 169 43 114 71 48 189 38 118 159 106 41 103 146 69
124 187 98 84 195 176 2 128 113 174 37 72 46 87 134 34 190 131 186 116 63 94 172 139 107 126 93 5 22 67 0 136 86 89 119 10 130 141 144 28 121 30 166 175 40 100 135 35 158 180 85 133 68 7 4 145 58 36 104 80 198 168 60 20 32 184 42 78 95 74 194 39 13 156 91 125 193 112 143 110 82 9 153 179 75 171 57 77 41 106 181 27 43 169 25 29 16 52 19 114 159 103 146 69 64 1 191 142 148 101 96 108 118 38 189 48 71 127 122 178 147 152 83 102 163 97 79 21 61 165 92 151 117 73 51 26 164 197 70 111 185 183 150 88 90 65 18 192 14 81 123 17 15 120 161 157 140 154 138 196 132 188 99 105 55 129 53 66 167 50 23 56 44 6 170 54 3 173 115 12 31 162 155 11 177 182 24 8 149 109 45 160 62 137 76 47 49 59 199 33
46 134 45 160 62 137 76 49 59 199 33 124 187 174 37 113 128 2 176 138 195 84 98 170 54 6 44 56 23 188 99 132 196 154 140 157 161 120 15 17 123 81 14 192 18 65 90 88 150 183 185 111 70 97 163 102 83 152 127 122 178 147 197 164 26 51 73 151 117 53 66 129 55 105 167 50 3 173 92 165 61 21 79 29 16 52 19 114 43 169 25 27 179 75 77 57 171 181 41 106 103 159 71 48 189 38 118 108 96 101 146 69 148 142 191 1 64 156 13 91 125 193 112 12 143 110 82 9 153 115 31 162 47 155 11 177 182 24 30 166 175 194 39 74 95 78 184 32 20 60 168 198 80 104 36 58 145 4 42 7 68 133 85 180 158 35 40 100 135 130 10 119 89 86 136 0 67 172 94 139 63 116 186 107 126 93 5 22 141 144 28 121 149 8 109 190 131 34 87 72
140 154 138 196 132 99 188 23 56 44 6 170 98 84 124 59 199 49 33 187 195 176 2 128 113 174 37 72 46 87 134 34 131 190 126 107 186 116 63 139 94 172 89 119 10 130 141 144 100 135 35 158 180 85 133 68 7 42 4 145 58 36 104 80 198 168 60 20 32 184 78 95 74 39 194 175 40 166 30 28 121 24 182 8 149 0 136 86 67 22 5 93 109 45 160 62 177 11 155 137 76 47 54 162 31 12 143 112 193 125 91 13 156 64 1 191 142 148 69 146 101 96 108 118 38 189 48 71 127 122 178 16 29 52 19 114 43 169 25 27 159 103 106 41 181 171 57 77 75 179 153 9 82 110 115 92 173 3 50 167 55 129 66 53 117 151 73 51 26 164 197 165 61 21 79 147 152 83 102 163 97 70 111 185 183 150 88 90 65 18 105 192 14 81 123 17 15 120 161 157
4 20 32 184 78 95 42 7 68 133 85 180 158 35 135 100 40 175 194 39 74 191 1 64 142 148 69 146 118 103 106 41 77 57 171 75 179 153 9 82 115 110 156 13 91 125 193 112 143 12 31 162 47 76 137 155 11 177 62 8 149 182 24 166 30 121 28 144 141 130 10 0 67 136 86 119 89 172 94 139 63 116 186 131 190 107 126 93 5 22 109 160 45 34 134 87 46 72 33 49 199 59 124 187 174 37 113 128 2 176 138 195 84 98 170 54 6 44 56 23 188 99 132 196 154 140 157 161 120 15 17 123 81 14 192 18 65 90 88 150 183 185 111 26 51 117 53 66 129 55 105 167 50 3 173 151 73 197 164 70 97 163 102 83 152 147 79 21 61 165 92 25 169 27 181 43 29 16 178 127 122 52 19 114 159 71 48 189 38 108 101 96 80 104 36 58 198 168 60 145
103 106 41 181 171 57 77 75 82 110 143 12 112 193 125 91 13 156 64 1 191 142 148 69 146 101 96 108 118 38 189 48 71 127 122 178 16 29 52 19 114 43 169 25 92 165 61 21 79 147 152 83 102 163 97 70 111 185 183 150 88 90 65 18 192 14 81 123 161 157 140 154 120 15 17 105 55 129 53 117 51 26 164 197 73 151 173 3 66 167 50 56 44 23 188 99 132 196 138 176 2 128 195 98 84 113 37 174 187 124 59 199 49 33 72 46 87 134 34 131 190 109 45 160 22 5 93 126 107 186 116 63 139 94 172 67 0 136 86 89 119 10 130 141 144 100 135 35 158 180 85 133 68 7 42 4 145 58 36 104 80 198 168 60 20 32 184 78 95 74 39 194 175 40 166 30 121 28 149 8 24 182 177 11 155 62 137 76 47 170 6 54 162 31 115 9 153 179 27 159
60 145 4 20 32 184 78 95 42 7 68 133 85 180 158 35 135 100 144 141 130 10 119 89 94 172 86 136 0 67 22 5 93 126 107 139 63 116 186 131 190 109 160 45 34 134 87 46 72 37 174 113 128 2 176 195 84 98 187 124 33 199 59 49 47 76 137 155 11 62 177 182 24 8 149 28 121 30 166 40 175 194 39 74 191 1 64 142 148 69 146 103 41 106 159 181 171 57 77 75 179 153 9 82 156 13 91 125 193 112 12 143 110 115 31 162 54 170 6 44 56 23 188 99 132 196 138 154 140 157 161 120 15 17 123 81 14 192 105 18 65 90 88 150 183 185 111 70 97 163 102 83 152 147 79 21 61 165 197 164 26 51 117 53 129 55 167 50 66 3 173 151 73 92 27 43 169 25 29 16 178 127 122 52 19 114 71 48 189 38 118 108 101 96 80 104 36 58 198 168
93 5 22 67 0 136 86 89 119 10 130 141 28 121 30 24 182 8 149 160 137 76 62 177 11 155 193 112 12 143 110 82 9 153 179 75 171 57 77 41 106 181 27 43 169 25 92 165 61 21 79 29 16 52 19 114 159 103 146 69 148 142 191 1 64 156 13 91 125 166 175 39 78 95 74 194 40 100 144 135 35 158 180 85 133 68 7 42 184 32 20 4 145 60 168 198 58 36 104 80 96 101 108 118 38 189 48 71 127 122 178 147 152 83 102 163 97 70 111 185 183 150 88 90 65 18 192 14 81 123 161 157 140 154 120 15 17 196 132 188 99 105 167 50 23 56 44 6 170 54 3 66 55 129 53 117 51 26 164 197 73 151 173 115 31 162 47 49 59 199 33 124 187 98 84 195 138 176 2 128 113 174 37 72 46 87 134 34 186 116 63 139 94 172 126 107 131 190 45 109
142 148 101 96 108 80 36 58 104 198 168 60 145 4 20 32 184 78 95 42 7 68 133 85 74 180 158 35 135 100 144 28 121 149 8 182 24 30 166 40 175 194 39 191 1 64 156 13 91 125 193 112 143 12 31 162 47 76 137 155 11 177 62 160 45 109 93 5 22 141 130 10 119 89 86 136 0 67 172 94 139 63 116 186 107 126 190 131 34 134 87 46 72 37 174 113 128 2 176 195 33 49 199 59 124 187 84 98 170 6 54 3 151 73 197 164 26 51 117 53 66 129 55 167 50 56 44 23 188 99 132 196 138 154 140 157 161 120 15 17 123 81 14 192 105 18 65 90 88 150 183 185 111 70 97 163 102 83 152 147 178 127 122 52 19 16 29 79 21 61 165 92 173 115 110 82 9 153 179 75 77 57 171 181 27 25 169 43 114 71 48 189 38 118 159 106 41 103 146 69
141 130 10 0 67 136 86 119 89 172 94 139 63 116 186 107 126 93 5 22 109 160 45 190 131 34 134 87 46 72 37 174 113 128 2 176 195 84 98 187 124 33 199 59 49 47 76 137 62 177 11 155 166 91 125 193 112 31 162 54 170 6 44 56 23 188 99 132 196 138 154 140 157 161 120 15 17 123 81 14 192 18 65 90 88 150 183 185 111 70 26 51 164 197 73 151 117 53 129 55 105 167 50 66 3 173 115 12 143 110 9 153 179 75 171 181 27 43 169 25 92 165 61 21 79 147 97 163 102 83 152 127 122 178 16 29 52 19 114 159 71 48 189 103 106 41 57 77 82 156 13 64 1 191 78 184 32 20 96 101 148 142 69 146 118 38 108 80 104 36 58 198 168 60 145 4 7 42 133 68 158 35 180 85 95 74 39 194 175 40 100 135 144 28 121 30 24 182 8 149
115 110 143 12 31 162 47 76 137 62 177 11 155 193 112 125 91 13 156 82 75 171 57 77 41 106 103 146 69 148 142 64 1 191 78 184 32 20 101 96 108 118 38 80 104 36 58 198 168 60 145 4 7 68 42 95 74 85 133 180 158 35 135 141 28 121 144 100 40 175 194 39 166 30 24 182 8 149 160 45 109 93 5 22 67 86 136 0 10 130 119 89 172 94 139 63 116 186 107 126 190 131 34 134 87 46 72 33 49 199 59 124 187 174 37 113 128 2 176 138 195 84 98 170 54 6 44 56 23 188 99 132 196 154 140 157 161 120 15 17 123 81 14 192 18 65 90 88 150 183 185 111 26 51 117 53 66 129 55 105 167 50 3 173 151 73 197 164 70 97 163 102 83 152 147 178 122 127 71 48 189 159 114 19 52 16 29 79 21 61 165 92 25 169 43 27 181 179 153 9
107 126 172 94 139 63 116 186 131 190 34 87 72 46 134 45 109 160 62 137 76 49 59 199 33 124 187 174 37 113 128 2 176 138 195 84 98 170 54 6 44 56 23 188 99 132 196 154 140 157 161 120 15 17 123 81 14 192 18 65 90 88 150 183 185 111 70 97 163 102 83 152 127 122 178 147 197 164 26 51 73 151 117 53 66 129 55 105 167 50 3 173 92 165 61 21 79 29 16 52 19 114 43 169 25 27 179 75 77 57 171 181 41 106 103 159 71 48 189 38 118 108 96 101 146 69 148 142 191 1 64 156 13 91 125 193 112 12 143 110 82 9 153 115 31 162 47 155 11 177 166 40 175 194 39 74 95 78 184 32 20 60 168 198 80 104 36 58 145 4 7 68 42 85 133 180 158 35 135 100 30 24 182 8 149 121 28 144 141 130 10 119 89 86 136 0 67 22 5 93
86 136 0 67 22 5 93 109 45 160 149 8 182 24 30 121 28 141 10 130 144 100 135 35 158 180 85 133 68 7 42 4 145 60 168 198 58 36 104 80 38 118 108 96 101 20 32 184 78 95 74 39 194 175 40 166 125 91 13 156 64 1 191 142 148 69 146 103 189 48 71 159 114 19 52 29 16 178 122 127 152 83 147 79 21 61 165 197 164 51 26 70 97 163 102 111 185 183 150 88 90 65 18 192 14 81 123 161 157 140 154 120 15 17 196 132 99 188 23 44 56 50 167 105 55 129 66 53 117 73 92 25 169 43 27 181 106 41 77 57 171 75 179 153 9 82 110 143 12 112 193 155 11 177 62 137 76 47 162 31 115 173 151 3 54 6 170 59 199 49 33 124 187 98 84 195 138 176 2 128 113 174 37 72 46 87 134 34 190 131 186 116 107 126 63 139 94 172 89 119
37 174 113 128 2 176 138 195 84 98 132 196 154 140 157 161 120 15 17 123 81 14 192 99 188 23 44 56 50 167 105 18 65 90 88 150 183 53 129 55 66 3 6 170 54 162 31 12 143 112 193 125 91 13 156 64 1 191 142 148 69 146 103 106 41 77 57 171 75 179 153 9 82 110 115 173 151 117 73 197 164 26 51 185 111 70 97 163 102 83 152 147 79 21 61 165 92 25 169 27 181 43 29 16 178 127 122 52 19 114 159 71 48 189 38 118 108 101 96 80 36 58 104 198 168 60 145 4 20 32 184 78 95 42 7 68 133 85 180 158 35 135 100 74 39 194 175 40 166 30 24 182 8 149 121 28 144 141 130 10 119 89 86 136 0 67 22 5 93 109 160 62 177 11 155 47 76 137 45 190 131 107 126 172 94 139 63 116 186 34 134 87 46 49 59 199 33 124 187 72
24 182 8 149 109 45 160 62 177 11 155 137 76 162 31 12 143 112 193 125 91 13 156 64 1 191 142 148 69 146 101 96 108 118 38 189 48 71 127 122 178 16 29 52 19 114 159 103 106 41 57 77 82 110 115 9 153 179 75 171 181 43 169 25 27 92 173 3 50 167 55 129 66 53 117 151 73 51 26 164 197 165 61 21 79 147 152 83 102 163 97 70 111 185 183 150 88 90 65 18 105 192 14 81 123 161 157 140 154 120 15 17 196 132 99 188 23 56 44 6 54 170 98 84 195 138 176 2 128 113 37 174 187 124 47 49 59 199 33 72 46 87 134 34 190 131 186 116 63 94 172 139 107 126 93 5 22 67 0 136 86 89 119 10 130 141 28 121 144 135 35 158 68 7 42 4 145 58 36 104 80 198 168 60 20 32 184 78 95 74 85 133 180 194 39 175 40 100 166 30
183 150 88 90 65 18 105 192 14 81 123 161 157 140 154 120 15 17 196 132 99 188 23 56 44 6 170 98 84 195 138 176 2 128 113 37 174 187 124 59 199 49 33 72 46 87 134 34 131 190 109 45 160 22 5 93 126 107 186 116 63 139 94 172 67 0 136 86 89 119 10 130 141 144 100 135 35 158 180 85 133 68 7 42 4 145 58 36 104 80 198 168 60 20 32 184 78 95 74 39 194 175 40 166 30 121 28 149 8 24 182 177 11 155 62 137 76 47 54 162 31 12 143 112 193 125 91 13 156 64 1 191 142 148 69 146 101 96 108 118 38 189 48 71 114 19 52 122 127 178 16 29 79 21 147 152 83 102 163 97 61 165 197 92 153 9 75 179 181 27 25 169 43 159 103 106 41 171 57 77 82 110 115 173 3 66 50 167 55 129 53 117 151 73 51 26 164 70 111 185
198 168 60 145 4 20 32 184 78 95 42 7 68 133 85 180 158 35 135 100 144 141 130 10 119 89 94 172 86 136 0 67 22 5 93 126 107 139 63 116 186 131 190 109 160 45 34 134 87 46 72 37 174 113 128 2 176 195 84 98 187 124 33 199 59 49 137 76 155 11 62 177 182 24 8 149 28 121 30 166 40 175 194 39 74 191 1 64 142 148 69 146 103 41 106 159 181 171 57 77 75 179 153 9 82 156 13 91 125 193 112 12 143 110 115 31 162 47 54 170 6 44 56 23 188 99 132 196 138 154 140 157 161 120 15 17 123 81 14 192 105 18 65 90 88 150 183 185 111 70 97 163 102 83 152 147 79 21 61 165 197 164 26 51 117 53 129 55 167 50 66 3 173 151 73 92 27 43 169 25 29 16 178 127 122 52 19 114 71 48 189 38 118 101 96 108 80 104 36 58
69 146 101 96 108 80 36 58 104 198 168 60 145 4 20 32 184 78 95 42 7 68 133 85 180 158 35 135 100 74 39 194 175 40 166 30 121 28 144 141 149 8 24 182 109 93 5 22 67 86 136 0 10 130 119 89 172 94 139 63 126 107 116 186 131 190 34 87 72 46 134 45 160 62 177 11 155 137 76 47 49 59 199 33 124 187 174 37 113 128 2 176 138 195 84 98 170 54 6 44 56 23 188 99 132 196 154 140 157 161 120 15 17 123 81 14 192 18 65 90 88 150 183 185 111 26 51 117 53 66 129 55 105 167 50 3 31 162 193 125 91 112 12 143 110 115 173 151 73 197 164 70 97 163 102 83 152 147 178 122 127 71 48 189 38 118 103 159 114 19 52 16 29 79 21 61 165 92 25 169 43 27 181 106 41 77 57 171 75 179 153 9 82 156 13 64 1 191 142 148
7 68 133 85 180 158 35 135 100 40 175 194 39 166 30 121 28 144 141 149 8 24 182 177 11 155 62 160 45 109 93 5 22 67 86 136 0 10 130 119 89 172 94 139 63 126 107 116 186 131 190 34 134 87 46 72 33 49 137 76 47 59 199 124 187 174 37 113 128 2 176 138 195 84 98 170 54 6 44 56 23 188 99 132 196 154 140 157 161 120 15 17 123 81 14 192 18 65 90 88 150 183 185 111 70 26 51 164 197 73 117 53 66 129 55 105 167 50 3 151 173 115 31 162 193 125 91 112 12 143 110 9 153 179 75 171 181 27 43 169 25 92 165 61 21 79 147 97 163 102 83 152 127 122 178 16 29 52 19 114 159 71 48 189 103 106 41 57 77 82 156 13 64 1 191 142 148 69 146 101 118 38 108 96 80 36 58 104 198 168 60 145 4 20 32 184 78 74 95 42
170 54 6 44 56 23 188 99 132 196 138 154 140 157 161 120 15 17 123 81 14 192 18 65 90 88 150 183 185 111 70 97 163 102 83 152 127 122 178 147 197 164 26 51 73 151 117 53 66 129 55 105 167 50 3 173 92 165 61 21 79 29 16 52 19 114 43 169 25 27 179 75 77 57 171 181 41 106 103 159 71 48 189 38 118 108 96 101 146 69 148 142 191 1 64 156 13 91 125 193 112 12 143 110 82 9 153 115 31 162 47 76 137 155 11 62 160 45 109 93 5 22 67 86 136 0 28 121 149 8 182 177 24 30 166 40 175 194 39 74 95 78 184 32 20 60 168 198 80 104 36 58 145 4 7 68 42 85 133 180 158 35 135 100 144 141 130 10 119 89 172 94 139 63 126 107 116 186 131 190 34 134 87 46 72 37 128 2 176 195 113 174 33 49 199 59 124 187 84 98
7 68 133 85 180 158 35 135 100 40 175 194 39 166 30 121 28 144 141 149 8 24 182 177 11 155 62 160 45 109 93 5 22 67 86 136 0 10 130 119 89 172 94 139 63 126 107 116 186 131 190 34 134 87 46 72 33 49 137 76 47 59 199 124 187 174 37 113 128 2 176 138 195 84 98 170 54 6 44 56 23 188 99 132 196 154 140 157 161 120 15 17 123 81 14 192 18 65 90 88 150 183 185 111 70 26 51 164 197 73 117 53 66 129 55 105 167 50 3 151 173 115 31 162 193 125 91 112 12 143 110 9 153 179 75 171 181 27 43 169 25 92 165 61 21 79 147 97 163 102 83 152 127 122 178 16 29 52 19 114 159 71 48 189 103 106 41 57 77 82 156 13 64 1 191 142 148 69 146 101 118 38 108 96 80 36 58 104 198 168 60 145 4 20 32 184 78 74 95 42
182 24 30 121 28 8 149 141 144 100 135 35 158 68 7 42 4 145 58 36 104 80 198 168 60 20 32 184 78 95 74 85 133 180 194 39 175 40 166 125 91 13 156 64 1 191 142 148 69 146 101 96 108 118 38 189 48 71 127 122 178 16 29 52 19 114 159 103 106 41 57 77 82 110 143 12 112 193 162 31 115 9 153 179 75 171 181 43 169 25 27 92 173 3 50 167 55 129 66 53 117 151 73 51 26 164 197 165 61 21 79 147 152 83 102 163 97 70 111 185 183 150 88 90 65 18 105 192 14 81 123 161 157 140 154 120 15 17 196 132 99 188 23 56 44 6 54 170 98 84 195 138 176 2 128 113 174 37 72 187 124 33 199 59 49 46 87 134 34 186 116 63 139 107 126 172 94 89 119 130 10 0 136 86 67 22 5 93 109 190 131 45 160 137 76 47 155 11 62 177
95 42 7 68 158 35 180 133 85 74 39 194 175 40 100 135 144 141 130 10 119 89 86 136 0 67 172 94 126 107 139 63 116 186 131 190 34 134 87 46 72 37 174 113 128 2 176 138 195 84 98 187 124 33 199 59 49 47 76 137 155 11 177 62 160 45 109 93 5 22 149 8 182 24 121 28 30 166 91 125 193 112 143 12 31 162 54 170 6 44 56 23 188 99 132 196 17 15 120 154 140 157 161 123 81 14 192 105 18 65 90 88 150 183 185 111 70 197 164 26 51 73 151 117 53 66 129 55 167 50 3 173 115 110 13 156 82 9 153 179 75 171 57 77 41 106 181 27 43 169 25 92 165 61 21 79 29 16 147 97 163 102 83 152 127 122 178 52 19 114 159 71 48 189 103 146 69 64 1 191 142 148 101 118 38 108 96 80 36 58 104 198 168 60 145 4 20 32 184 78
94 172 89 86 136 0 67 22 5 93 109 45 160 149 8 182 24 30 121 28 144 141 10 119 130 135 100 35 158 180 85 133 68 7 4 145 60 168 198 58 36 104 80 38 118 108 96 101 148 69 146 103 189 48 71 159 114 19 52 29 16 178 122 127 152 83 102 163 97 147 21 79 25 169 43 27 181 106 41 77 57 171 75 179 153 9 82 156 13 64 1 191 142 20 32 184 42 78 95 74 39 194 175 40 166 91 125 143 110 115 173 3 50 167 55 129 66 53 117 151 73 51 26 164 197 92 165 61 70 111 185 183 150 88 90 65 18 105 192 14 81 123 161 157 140 154 120 15 17 196 132 99 188 23 56 44 6 170 54 162 31 12 112 193 155 11 177 62 137 76 47 49 59 199 33 124 187 98 84 195 138 176 2 128 113 174 37 72 46 87 134 34 190 131 186 116 107 126 63 139
148 142 64 1 191 39 194 175 40 166 30 24 182 8 149 121 28 144 100 135 35 158 180 74 85 133 68 7 42 95 78 184 32 20 4 145 60 168 58 36 104 80 198 96 101 108 118 38 189 48 71 127 122 178 16 29 52 19 114 43 169 25 27 92 173 3 54 6 170 98 84 195 196 132 99 188 23 44 56 50 167 55 129 66 53 117 151 73 51 26 164 197 165 61 21 79 147 152 83 102 163 97 70 111 185 183 150 88 90 65 18 105 192 14 81 123 17 15 120 161 157 140 154 138 176 2 128 113 37 174 187 124 59 199 49 33 72 46 87 134 34 131 190 126 107 186 116 63 139 94 172 67 0 136 86 89 119 10 130 141 22 5 93 109 45 160 62 177 11 155 137 76 47 162 31 12 143 112 193 125 91 13 156 110 115 82 9 153 179 75 77 57 171 181 159 106 41 103 146 69
152 83 102 163 97 70 111 185 183 150 88 90 65 18 105 192 14 81 123 161 157 140 154 120 15 17 196 132 99 188 23 44 56 50 167 55 129 53 66 3 54 6 170 98 84 195 138 176 2 128 113 174 37 72 33 187 124 59 199 49 46 87 134 34 131 190 126 107 186 116 63 139 94 172 89 119 10 130 141 144 100 135 35 158 180 85 133 68 7 42 4 145 58 36 104 80 198 168 60 20 32 184 78 95 74 39 194 175 40 166 30 28 121 24 182 8 149 0 136 86 67 22 5 93 109 45 160 62 177 11 155 137 76 47 162 31 12 143 112 193 125 91 13 156 64 1 191 142 148 69 146 101 96 108 118 38 189 48 71 159 103 106 41 171 57 77 82 110 115 173 151 117 73 51 26 164 197 61 165 92 153 9 75 179 181 27 25 169 43 114 19 52 16 29 79 21 147 178 122 127
16 178 122 127 152 83 102 163 97 147 29 79 21 61 165 197 164 51 26 70 111 185 183 150 88 90 65 18 105 192 14 81 123 161 157 140 154 120 17 15 176 2 128 113 174 37 72 33 49 199 59 124 187 98 84 195 138 196 132 99 188 23 44 56 50 167 55 129 53 66 3 173 151 117 73 92 115 31 162 54 6 170 47 76 137 155 11 177 62 160 109 45 134 46 87 34 131 190 107 186 116 63 139 94 172 126 93 5 22 67 0 136 86 89 119 10 130 141 144 28 149 8 182 24 121 30 166 39 194 175 40 100 135 35 158 180 85 133 68 7 42 95 74 78 184 32 20 4 145 60 168 198 58 36 104 80 38 189 48 71 159 106 41 103 118 108 96 101 146 69 148 142 191 1 64 156 13 91 125 193 112 12 143 110 82 9 153 179 75 77 57 171 181 27 25 169 43 114 19 52
70 111 185 183 150 88 90 65 18 105 192 14 81 123 161 157 140 154 120 17 15 176 2 128 113 174 37 72 33 49 199 59 124 187 98 84 195 138 196 132 99 188 23 44 56 50 167 55 129 66 53 117 73 51 26 164 197 61 165 92 153 9 82 110 115 173 151 3 6 170 54 31 162 47 76 137 46 87 134 34 131 190 126 107 186 116 63 139 94 172 89 119 10 130 141 144 100 135 35 158 180 85 133 68 7 42 4 145 58 36 104 80 198 168 60 20 32 184 78 95 74 39 194 175 40 166 30 28 121 24 182 8 149 0 136 86 67 22 5 93 109 45 160 62 177 11 155 193 112 12 143 125 91 13 156 64 1 191 142 148 69 146 101 96 108 118 38 189 48 71 159 103 106 41 77 57 171 75 179 181 27 25 169 43 114 19 52 122 127 178 16 29 79 21 147 152 83 102 163 97
12 143 110 82 9 153 179 75 171 57 77 41 106 181 27 43 169 25 92 165 61 21 79 97 163 102 83 152 147 178 127 122 16 29 52 19 114 159 71 48 189 103 146 69 148 142 191 1 64 156 13 91 125 112 193 155 11 177 62 160 45 109 93 5 22 149 8 182 24 121 28 30 166 40 175 194 39 74 95 78 184 32 20 101 96 108 118 38 80 104 36 58 198 168 60 145 4 7 68 42 85 133 180 158 35 135 100 144 141 130 10 119 89 86 136 0 67 172 94 139 63 116 186 107 126 190 131 34 134 87 46 137 76 47 162 31 54 170 6 44 56 23 188 99 132 196 195 84 98 187 124 59 199 49 33 72 37 174 113 128 2 176 138 154 140 157 161 120 15 17 123 81 14 192 18 65 90 88 150 183 185 111 70 197 164 26 51 73 151 117 53 66 129 55 105 167 50 3 173 115
15 17 123 81 14 192 18 65 90 88 150 183 185 111 70 197 164 26 51 73 151 117 53 129 55 105 167 50 66 3 173 115 110 82 9 153 179 75 171 57 77 41 106 181 27 43 169 25 92 165 61 21 79 147 97 163 102 83 152 127 122 178 16 29 52 19 114 159 71 48 189 103 146 69 148 142 191 1 64 156 13 91 125 175 40 194 39 74 95 78 184 32 20 101 96 108 118 38 80 104 36 58 198 168 60 145 4 7 68 42 85 133 180 158 35 135 100 166 30 121 28 144 141 130 10 119 89 86 136 0 67 172 94 139 63 116 186 107 126 93 5 22 149 8 24 182 177 11 155 193 112 143 12 31 162 54 170 6 44 56 23 188 99 132 196 195 84 98 187 124 47 76 137 62 160 45 109 190 131 34 134 87 46 49 59 199 33 72 37 174 113 128 2 176 138 154 140 157 161 120
121 28 144 100 135 35 158 180 85 133 68 7 42 4 145 58 36 104 80 198 168 60 20 32 184 78 95 74 39 194 175 40 166 125 91 13 156 64 1 191 142 148 69 146 101 96 108 118 38 189 48 71 127 122 178 16 29 52 19 114 159 103 106 41 57 77 82 110 143 12 112 193 162 31 115 9 153 179 75 171 181 43 169 25 27 92 173 3 50 167 55 129 66 53 117 151 73 51 26 164 197 165 61 21 79 147 152 83 102 163 97 70 111 185 183 150 88 90 65 18 105 192 14 81 123 161 157 140 154 120 15 17 196 132 99 188 23 56 44 6 54 170 98 84 195 138 176 2 128 113 174 37 72 187 124 33 199 59 49 46 87 134 34 186 116 63 139 107 126 172 94 89 119 130 141 10 0 136 86 67 22 5 93 109 190 131 45 137 76 47 155 11 177 62 160 149 8 182 24 30
130 141 144 135 35 158 180 85 133 68 7 42 4 145 58 36 104 80 198 168 60 20 32 184 78 95 74 39 194 175 40 100 28 121 149 8 182 24 30 166 125 91 13 156 64 1 191 142 148 69 146 101 96 108 118 38 189 48 71 127 122 178 16 29 52 19 114 159 103 106 41 57 77 82 110 143 12 112 193 162 31 115 9 153 179 75 171 181 43 169 25 27 92 173 3 50 167 55 129 66 53 117 151 73 51 26 164 197 165 61 21 79 147 152 83 102 163 97 70 111 185 183 150 88 90 65 18 105 192 14 81 123 161 157 140 154 120 15 17 196 132 99 188 23 56 44 6 54 170 98 84 195 138 176 2 128 113 174 37 72 187 124 33 199 59 49 46 87 34 134 47 76 137 155 11 177 62 160 45 109 190 131 186 116 63 139 107 126 93 5 22 67 0 136 86 172 94 89 119 10
143 12 31 162 54 170 6 44 56 23 188 99 132 196 138 154 140 157 161 120 15 17 123 81 14 192 18 65 90 88 150 183 185 111 70 197 164 26 51 73 151 117 53 66 129 55 105 167 50 3 173 115 110 82 9 153 179 75 171 57 77 41 106 181 27 43 169 25 92 165 61 21 79 147 97 163 102 83 152 127 122 178 16 29 52 19 114 159 71 48 189 103 146 69 64 1 191 142 148 101 118 38 108 96 80 36 58 104 198 168 60 145 4 20 32 184 7 68 42 78 95 74 85 133 180 158 35 135 100 40 175 194 39 166 30 24 182 8 149 160 45 109 93 5 22 121 28 144 141 130 10 0 67 136 86 119 89 172 94 139 63 116 186 107 126 190 131 34 134 87 46 72 37 174 113 128 2 176 195 84 98 187 124 33 199 59 49 47 76 137 62 177 11 155 193 112 125 91 13 156
24 182 8 149 109 45 160 62 177 11 155 137 76 162 31 12 143 112 193 125 91 13 156 64 1 191 142 148 69 146 101 96 108 118 38 189 48 71 127 122 178 16 29 52 19 114 159 103 106 41 57 77 82 110 115 9 153 179 75 171 181 43 169 25 27 92 173 3 50 167 55 129 66 53 117 151 73 51 26 164 197 165 61 21 79 147 152 83 102 163 97 70 111 185 183 150 88 90 65 18 105 192 14 81 123 161 157 140 154 120 15 17 196 132 99 188 23 56 44 6 54 170 98 84 195 138 176 2 128 113 37 174 187 124 47 49 59 199 33 72 46 87 134 34 190 131 186 116 63 94 172 139 107 126 93 5 22 67 0 136 86 89 119 10 130 141 28 121 144 135 35 158 68 7 42 4 145 58 36 104 80 198 168 60 20 32 184 78 95 74 85 133 180 194 39 175 40 100 166 30
94 172 89 86 136 0 67 22 5 93 109 45 160 149 8 182 24 30 121 28 144 141 10 119 130 135 100 35 158 180 85 133 68 7 4 145 60 168 198 58 36 104 80 38 118 108 96 101 148 69 146 103 189 48 71 159 114 19 52 29 16 178 122 127 152 83 102 163 97 147 21 79 25 169 43 27 181 106 41 77 57 171 75 179 153 9 82 156 13 64 1 191 142 20 32 184 42 78 95 74 39 194 175 40 166 91 125 143 110 115 173 3 50 167 55 129 66 53 117 151 73 51 26 164 197 92 165 61 70 111 185 183 150 88 90 65 18 105 192 14 81 123 161 157 140 154 120 15 17 196 132 99 188 23 56 44 6 170 54 162 31 12 112 193 155 11 177 62 137 76 47 49 59 199 33 124 187 98 84 195 138 176 2 128 113 174 37 72 46 87 134 34 190 131 186 116 107 126 63 139
113 174 33 49 199 59 124 187 98 84 195 128 2 176 138 154 140 157 120 15 17 161 123 81 14 192 99 196 132 188 23 56 44 6 170 54 3 66 50 167 129 55 105 18 65 90 88 150 53 183 185 111 102 163 97 70 197 164 26 51 73 117 151 173 115 110 82 9 153 179 75 171 57 77 41 106 181 27 43 169 25 92 165 61 21 79 29 16 147 83 152 127 122 178 52 19 114 159 71 48 189 103 146 69 148 101 96 108 118 38 80 104 36 58 198 168 60 145 4 20 32 184 42 7 68 133 85 180 158 35 135 100 144 141 130 10 119 89 172 94 139 63 116 186 107 126 93 5 22 67 86 136 0 149 8 182 24 121 28 30 166 40 175 194 39 74 95 78 142 191 1 64 156 13 91 125 193 112 143 12 31 162 47 76 137 155 11 177 62 160 45 109 190 131 34 134 87 46 72 37
61 165 197 164 26 70 111 185 183 150 88 90 65 18 105 167 50 56 44 23 188 99 192 14 81 123 161 157 140 154 120 15 17 132 196 138 176 2 128 195 98 84 113 37 174 187 124 59 199 49 33 72 46 87 134 34 131 190 109 45 160 22 5 93 126 107 186 116 63 139 94 172 67 0 136 86 89 119 10 130 141 144 100 135 35 158 180 85 133 68 7 42 4 145 58 36 104 80 198 168 60 20 32 184 78 95 74 39 194 175 40 166 30 121 28 149 8 24 182 177 11 155 62 137 76 47 170 6 54 162 31 12 143 112 193 125 91 13 156 64 1 191 142 148 69 146 101 96 108 118 38 189 48 71 159 103 106 41 171 57 77 82 110 115 173 3 66 55 129 53 117 51 73 151 92 153 9 75 179 181 27 25 169 43 114 19 52 178 122 127 152 83 102 163 97 147 16 29 79 21
10 130 135 100 35 158 180 85 133 68 7 4 145 60 168 198 58 36 104 80 38 118 108 96 101 148 69 146 103 189 48 71 127 122 178 16 29 52 19 114 159 106 41 77 57 171 75 179 181 27 43 169 25 79 21 147 152 83 102 163 97 70 111 185 183 150 88 90 55 129 66 53 117 151 73 51 26 164 197 61 165 92 153 9 82 156 13 64 1 191 142 20 32 184 42 78 95 74 39 194 175 40 166 91 125 143 110 115 173 3 50 167 105 18 65 192 14 81 123 161 157 140 154 120 15 17 196 132 99 188 23 56 44 6 170 54 162 31 12 112 193 155 11 177 62 137 76 47 49 59 199 33 124 187 98 84 195 138 176 2 128 113 174 37 72 46 87 134 34 131 190 126 107 186 116 63 139 94 172 89 119 86 136 0 67 22 5 93 109 45 160 149 8 182 24 30 121 28 144 141
75 179 9 153 92 165 61 21 79 147 152 83 102 163 97 70 111 185 183 150 88 90 65 18 192 14 81 123 161 157 140 154 120 15 17 105 55 129 53 117 51 26 164 197 73 151 173 3 66 167 50 56 44 23 188 99 132 196 138 176 2 128 195 98 84 113 37 174 187 124 59 199 49 33 72 46 87 134 34 131 190 109 45 160 22 5 93 126 107 186 116 63 139 94 172 67 0 136 86 89 119 10 130 141 144 100 135 35 158 180 85 133 68 7 42 4 145 58 36 104 80 198 168 60 20 32 184 78 95 74 39 194 175 40 166 30 121 28 149 8 24 182 177 11 155 62 137 76 47 170 6 54 162 31 115 82 110 143 12 112 193 125 91 13 156 64 1 191 142 148 69 146 101 96 108 118 38 189 48 71 127 122 178 16 29 52 19 114 43 169 25 27 181 159 103 106 41 77 57 171
146 69 148 142 191 1 64 13 156 82 9 153 179 75 171 57 77 103 189 48 71 127 122 178 16 29 52 19 114 159 106 41 181 27 43 169 25 92 173 3 50 167 55 129 66 53 117 151 73 51 26 164 197 165 61 21 79 147 152 83 102 163 97 70 111 185 183 150 88 90 65 18 105 192 14 81 123 161 157 140 154 120 15 17 196 132 99 188 23 56 44 6 170 54 162 31 115 110 143 12 112 193 125 91 24 182 8 149 109 45 160 62 177 11 155 137 76 47 49 59 199 33 124 187 98 84 195 138 176 2 128 113 174 37 72 46 87 134 34 190 131 186 116 63 94 172 139 107 126 93 5 22 67 0 136 86 89 119 10 130 141 144 28 121 30 166 39 74 194 175 40 100 135 35 158 180 85 133 68 7 42 95 78 184 32 20 4 145 60 168 198 104 58 36 80 108 38 118 96 101
140 154 138 196 132 99 188 23 56 44 6 170 98 84 124 59 199 49 33 187 195 176 2 128 113 174 37 72 46 87 134 34 131 190 126 107 186 116 63 139 94 172 89 119 10 130 141 144 100 135 35 158 180 85 133 68 7 42 4 145 58 36 104 80 198 168 60 20 32 184 78 95 74 39 194 175 40 166 30 28 121 24 182 8 149 0 136 86 67 22 5 93 109 45 160 62 177 11 155 137 76 47 54 162 31 12 143 112 193 125 91 13 156 64 1 191 142 148 69 146 101 96 108 118 38 189 48 71 127 122 178 16 29 52 19 114 43 169 25 27 159 103 106 41 181 171 57 77 75 179 153 9 82 110 115 92 173 3 50 167 55 129 66 53 117 151 73 51 26 164 197 165 61 21 79 147 152 83 102 163 97 70 111 185 183 150 88 90 65 18 105 192 14 81 123 17 15 120 161 157
161 157 140 154 138 196 132 99 188 23 56 50 167 55 129 66 53 117 151 173 92 153 9 75 179 181 27 25 169 43 159 103 106 41 171 57 77 82 110 115 3 54 6 44 170 98 84 124 59 199 49 33 187 195 176 2 128 113 174 37 72 46 87 134 34 131 190 126 107 186 116 63 139 94 172 89 119 10 130 141 144 100 135 35 158 180 85 133 68 7 42 4 145 58 36 104 80 198 168 60 20 32 184 78 95 74 39 194 175 40 166 30 28 121 24 182 8 149 0 136 86 67 22 5 93 109 45 160 62 177 11 155 137 76 47 162 31 12 143 112 193 125 91 13 156 64 1 191 142 148 69 146 101 96 108 118 38 189 48 71 114 19 52 16 29 79 21 61 165 197 164 73 51 26 70 97 147 178 122 127 152 83 102 163 111 185 183 150 88 90 65 18 105 192 14 81 123 17 15 120
74 95 78 42 184 32 20 60 145 4 7 68 158 35 180 133 85 194 175 40 100 135 144 141 130 10 119 89 94 172 86 136 0 67 126 107 139 63 116 186 131 190 34 134 87 46 72 37 174 113 128 2 176 138 195 84 98 170 54 6 44 56 23 188 99 132 196 154 140 157 161 120 15 17 123 81 14 192 18 65 90 88 150 183 185 111 70 197 164 26 51 73 151 117 53 66 129 55 105 167 50 3 173 115 31 162 124 187 33 199 59 49 47 76 137 155 11 177 62 160 45 109 93 5 22 149 8 182 24 121 28 30 166 91 125 193 112 12 143 110 82 9 153 179 75 171 57 77 41 106 181 27 43 169 25 92 165 61 21 79 147 97 163 102 83 152 127 122 178 16 29 52 19 114 159 71 48 189 103 146 69 118 38 108 80 104 36 58 168 198 96 101 148 142 191 1 64 156 13 39
161 157 140 154 138 196 132 99 188 23 56 50 167 55 129 66 53 117 151 173 92 153 9 75 179 181 27 25 169 43 159 103 106 41 171 57 77 82 110 115 3 54 6 44 170 98 84 124 59 199 49 33 187 195 176 2 128 113 174 37 72 46 87 134 34 131 190 126 107 186 116 63 139 94 172 89 119 10 130 141 144 100 135 35 158 180 85 133 68 7 42 4 145 58 36 104 80 198 168 60 20 32 184 78 95 74 39 194 175 40 166 30 28 121 24 182 8 149 0 136 86 67 22 5 93 109 45 160 62 177 11 155 137 76 47 162 31 12 143 112 193 125 91 13 156 64 1 191 142 148 69 146 101 96 108 118 38 189 48 71 114 19 52 16 29 79 21 61 165 197 164 73 51 26 70 97 147 178 122 127 152 83 102 163 111 185 183 150 88 90 65 18 105 192 14 81 123 17 15 120
131 190 107 126 86 136 0 67 22 5 93 109 45 160 62 137 76 49 59 199 33 124 187 174 37 113 128 2 176 138 195 84 98 170 54 6 44 56 23 188 99 132 196 154 140 157 161 120 15 17 123 81 14 192 18 65 90 88 150 183 185 111 70 97 163 102 83 152 127 122 178 147 197 164 26 51 73 151 117 53 66 129 55 105 167 50 3 173 92 165 61 21 79 29 16 52 19 114 43 169 25 27 179 75 77 57 171 181 41 106 103 159 71 48 189 38 118 108 96 101 146 69 148 142 191 1 64 156 13 91 125 193 112 12 143 110 82 9 153 115 31 162 47 155 11 177 182 24 8 149 28 121 30 166 40 175 194 39 74 95 78 184 32 20 60 168 198 80 104 36 58 145 4 7 68 42 85 133 180 158 35 135 100 144 141 130 10 119 89 172 94 139 63 116 186 34 87 72 46 134
103 106 41 181 171 57 77 75 82 110 143 12 112 193 125 91 13 156 64 1 191 142 148 69 146 101 96 108 118 38 189 48 71 127 122 178 16 29 52 19 114 43 169 25 92 165 61 21 79 147 152 83 102 163 97 70 111 185 183 150 88 90 65 18 192 14 81 123 161 157 140 154 120 15 17 105 55 129 53 117 51 26 164 197 73 151 173 3 66 167 50 56 44 23 188 99 132 196 138 176 2 128 195 98 84 113 37 174 187 124 59 199 49 33 72 46 87 134 34 131 190 109 45 160 22 5 93 126 107 186 116 63 139 94 172 67 0 136 86 89 119 10 130 141 144 100 135 35 158 180 85 133 68 7 42 4 145 58 36 104 80 198 168 60 20 32 184 78 95 74 39 194 175 40 166 30 121 28 149 8 24 182 177 11 155 62 137 76 47 170 6 54 162 31 115 9 153 179 27 159
126 93 5 22 67 0 136 86 89 119 10 130 141 28 121 144 100 135 35 158 180 85 133 68 7 42 4 145 58 36 104 80 198 168 60 20 32 184 78 95 74 39 194 175 40 166 30 24 149 8 182 177 11 155 125 91 13 156 64 1 191 142 148 69 146 101 96 108 118 38 189 48 71 127 122 178 16 29 52 19 114 159 103 106 41 57 77 82 110 143 12 112 193 162 31 115 9 153 179 75 171 181 43 169 25 27 92 173 3 50 167 55 129 66 53 117 151 73 51 26 164 197 165 61 21 79 147 152 83 102 163 97 70 111 185 183 150 88 90 65 18 105 192 14 81 123 161 157 140 154 120 15 17 196 132 99 188 23 56 44 6 54 170 98 84 195 138 176 2 128 113 37 174 187 124 33 199 59 49 47 76 137 62 160 45 109 190 131 134 46 72 87 34 186 116 107 63 139 94 172
123 17 15 120 161 157 140 154 138 196 132 99 188 23 170 98 84 124 59 199 49 33 187 195 176 2 128 113 174 37 72 46 87 134 34 131 190 126 107 186 116 63 139 94 172 89 119 10 130 141 144 100 135 35 158 180 85 133 68 7 42 4 145 58 36 104 80 198 168 60 20 32 184 78 95 74 39 194 175 40 166 30 28 121 24 182 8 149 0 136 86 67 22 5 93 109 45 160 62 177 11 155 137 76 47 162 31 12 143 112 193 125 91 13 156 110 115 82 9 153 179 75 77 57 171 181 159 106 41 103 146 69 64 1 191 142 148 101 96 108 118 38 189 48 71 127 122 178 147 152 83 102 163 97 70 111 185 183 150 88 90 65 18 105 55 129 66 53 117 151 73 51 26 164 197 165 61 21 79 29 16 52 19 114 43 169 25 27 92 173 3 54 6 44 56 50 167 192 14 81
7 68 133 85 180 158 35 135 100 40 175 194 39 166 30 121 28 144 141 149 8 24 182 177 11 155 62 160 45 109 93 5 22 67 86 136 0 10 130 119 89 172 94 139 63 126 107 116 186 131 190 34 134 87 46 72 33 49 137 76 47 59 199 124 187 174 37 113 128 2 176 138 195 84 98 170 54 6 44 56 23 188 99 132 196 154 140 157 161 120 15 17 123 81 14 192 18 65 90 88 150 183 185 111 70 26 51 164 197 73 117 53 66 129 55 105 167 50 3 151 173 115 31 162 193 125 91 112 12 143 110 9 153 179 75 171 181 27 43 169 25 92 165 61 21 79 147 97 163 102 83 152 127 122 178 16 29 52 19 114 159 71 48 189 103 106 41 57 77 82 156 13 64 1 191 142 148 69 146 101 118 38 108 96 80 36 58 104 198 168 60 145 4 20 32 184 78 74 95 42
28 121 30 24 182 8 149 160 45 109 93 5 22 141 130 10 119 89 86 136 0 67 172 94 139 63 116 186 107 126 190 131 34 134 87 46 72 37 174 113 128 2 176 195 84 98 187 124 33 199 59 49 47 76 137 62 177 11 155 162 31 54 170 6 44 56 23 188 99 132 196 138 154 140 157 161 120 15 17 123 81 14 192 18 65 90 88 105 55 129 167 50 3 66 53 150 183 185 111 70 197 164 26 51 73 117 151 173 115 110 143 12 112 193 125 91 166 40 175 194 39 74 78 184 32 20 96 101 146 69 148 142 191 1 64 13 156 82 9 153 179 75 171 57 77 41 106 181 27 43 169 25 92 165 61 21 79 147 97 163 102 83 152 127 122 178 16 29 52 19 114 159 71 48 189 103 118 38 108 80 104 36 58 198 168 60 145 4 7 68 42 95 85 133 180 158 35 135 100 144
195 84 98 187 124 33 199 59 49 47 76 137 155 11 177 62 160 45 109 190 131 34 134 87 46 72 37 174 113 128 2 176 138 154 140 157 120 15 17 161 123 81 14 192 18 65 90 88 105 55 129 167 50 3 66 53 150 183 185 111 70 197 164 26 51 73 117 151 173 115 110 82 9 153 179 75 171 57 77 41 106 181 27 43 169 25 92 165 61 21 79 147 97 163 102 83 152 127 122 178 16 29 52 19 114 159 71 48 189 103 146 69 148 101 96 108 118 38 80 104 36 58 198 168 60 145 4 7 68 42 85 133 180 158 35 135 100 144 141 130 10 119 89 86 136 0 67 172 94 139 63 116 186 107 126 93 5 22 149 8 182 24 121 28 30 166 40 175 194 39 74 95 78 184 32 20 142 191 1 64 156 13 91 125 193 112 143 12 31 162 54 170 6 44 56 23 188 99 132 196
83 152 127 122 178 16 29 52 19 114 71 48 189 38 118 108 96 101 146 69 148 142 191 1 64 156 13 91 125 175 40 194 39 74 95 78 184 32 20 60 168 198 80 104 36 58 145 4 7 68 42 85 133 180 158 35 135 100 166 30 121 28 144 141 130 10 119 89 86 136 0 67 172 94 139 63 116 186 107 126 93 5 22 149 8 24 182 177 11 155 193 112 12 143 110 115 31 162 54 6 170 98 84 187 124 47 76 137 62 160 45 109 190 131 34 134 87 46 49 59 199 33 72 37 174 113 128 2 176 195 138 196 132 154 140 157 161 120 15 17 123 81 14 192 99 188 23 44 56 50 167 129 55 105 18 65 90 88 150 183 185 111 70 61 165 197 164 26 51 73 151 117 53 66 3 173 92 27 181 171 75 179 153 9 82 77 57 103 41 106 159 43 169 25 79 21 147 97 163 102
126 93 5 22 67 0 136 86 89 119 10 130 141 28 121 144 100 135 35 158 180 85 133 68 7 42 4 145 58 36 104 80 198 168 60 20 32 184 78 95 74 39 194 175 40 166 30 24 149 8 182 177 11 155 125 91 13 156 64 1 191 142 148 69 146 101 96 108 118 38 189 48 71 127 122 178 16 29 52 19 114 159 103 106 41 57 77 82 110 143 12 112 193 162 31 115 9 153 179 75 171 181 43 169 25 27 92 173 3 50 167 55 129 66 53 117 151 73 51 26 164 197 165 61 21 79 147 152 83 102 163 97 70 111 185 183 150 88 90 65 18 105 192 14 81 123 161 157 140 154 120 15 17 196 132 99 188 23 56 44 6 54 170 98 84 195 138 176 2 128 113 37 174 187 124 33 199 59 49 47 76 137 62 160 45 109 190 131 134 46 72 87 34 186 116 107 63 139 94 172
161 157 140 154 138 196 132 99 188 23 56 50 167 55 129 66 53 117 151 173 92 153 9 75 179 181 27 25 169 43 159 103 106 41 171 57 77 82 110 115 3 54 6 44 170 98 84 124 59 199 49 33 187 195 176 2 128 113 174 37 72 46 87 134 34 131 190 126 107 186 116 63 139 94 172 89 119 10 130 141 144 100 135 35 158 180 85 133 68 7 42 4 145 58 36 104 80 198 168 60 20 32 184 78 95 74 39 194 175 40 166 30 28 121 24 182 8 149 0 136 86 67 22 5 93 109 45 160 62 177 11 155 137 76 47 162 31 12 143 112 193 125 91 13 156 64 1 191 142 148 69 146 101 96 108 118 38 189 48 71 114 19 52 16 29 79 21 61 165 197 164 73 51 26 70 97 147 178 122 127 152 83 102 163 111 185 183 150 88 90 65 18 105 192 14 81 123 17 15 120
151 117 53 66 129 55 167 50 3 173 115 110 82 75 179 9 153 92 21 79 147 97 163 102 83 152 127 122 178 16 29 52 19 114 43 169 25 27 181 171 57 77 103 41 106 159 71 48 189 38 118 108 96 101 146 69 148 142 191 1 64 156 13 91 125 193 112 143 12 31 162 54 47 76 137 155 11 62 160 45 109 93 5 22 67 86 136 0 28 121 149 8 182 177 24 30 166 40 175 194 39 74 95 78 184 32 20 60 168 198 80 104 36 58 145 4 7 68 42 85 133 180 158 35 135 100 144 141 130 10 119 89 172 94 139 63 126 107 116 186 131 190 34 134 87 46 72 37 128 2 176 195 113 174 33 49 199 59 124 187 84 98 170 6 44 56 23 188 99 132 196 138 154 140 157 161 120 15 17 123 81 14 192 105 18 65 90 88 150 183 185 111 70 61 165 197 164 26 51 73
122 127 178 16 29 79 147 152 83 102 163 97 21 61 165 197 164 70 111 185 26 51 73 117 151 173 3 66 53 183 150 88 90 65 18 192 14 81 123 161 157 140 154 120 15 17 105 55 129 167 50 56 44 23 188 99 132 196 138 176 2 128 195 98 84 113 37 174 187 124 59 199 49 33 72 46 87 134 34 131 190 109 45 160 22 5 93 126 107 186 116 63 139 94 172 67 0 136 86 89 119 10 130 141 144 100 135 35 158 180 85 133 68 7 42 4 145 58 36 104 80 198 168 60 20 32 184 78 95 74 39 194 175 40 166 30 121 28 149 8 24 182 177 11 155 62 137 76 47 170 6 54 162 31 115 92 25 169 43 159 103 106 41 181 27 171 57 77 75 179 153 9 82 110 143 12 112 193 125 91 13 156 64 1 191 142 148 69 146 101 96 108 118 38 189 48 71 114 19 52
190 131 107 126 172 94 139 63 116 186 34 134 87 46 72 37 174 113 128 2 176 195 84 98 187 124 33 199 59 49 47 76 137 160 62 177 11 155 193 112 143 12 31 162 54 170 6 44 56 23 188 99 132 196 138 154 140 157 161 120 15 17 123 81 14 192 18 65 90 88 150 183 185 111 70 97 163 102 83 152 127 122 178 147 21 61 165 92 151 73 197 164 26 51 117 53 66 129 55 105 167 50 3 173 115 110 82 9 153 179 75 171 57 77 41 106 181 27 43 169 25 79 29 16 52 19 114 159 71 48 189 103 146 69 148 142 191 1 64 156 13 91 125 166 30 24 182 8 149 121 28 100 40 175 194 39 74 78 184 32 20 101 96 108 118 38 80 104 36 58 198 168 60 145 4 7 68 42 95 85 133 180 158 35 135 144 141 130 10 119 89 86 136 0 67 22 5 93 109 45
113 174 33 49 199 59 124 187 98 84 195 128 2 176 138 154 140 157 120 15 17 161 123 81 14 192 99 196 132 188 23 56 44 6 170 54 3 66 50 167 129 55 105 18 65 90 88 150 53 183 185 111 102 163 97 70 197 164 26 51 73 117 151 173 115 110 82 9 153 179 75 171 57 77 41 106 181 27 43 169 25 92 165 61 21 79 29 16 147 83 152 127 122 178 52 19 114 159 71 48 189 103 146 69 148 101 96 108 118 38 80 104 36 58 198 168 60 145 4 20 32 184 42 7 68 133 85 180 158 35 135 100 144 141 130 10 119 89 172 94 139 63 116 186 107 126 93 5 22 67 86 136 0 149 8 182 24 121 28 30 166 40 175 194 39 74 95 78 142 191 1 64 156 13 91 125 193 112 143 12 31 162 47 76 137 155 11 177 62 160 45 109 190 131 34 134 87 46 72 37
113 174 33 49 199 59 124 187 98 84 195 128 2 176 138 154 140 157 120 15 17 161 123 81 14 192 99 196 132 188 23 56 44 6 170 54 3 66 50 167 129 55 105 18 65 90 88 150 53 183 185 111 102 163 97 70 197 164 26 51 73 117 151 173 115 110 82 9 153 179 75 171 57 77 41 106 181 27 43 169 25 92 165 61 21 79 29 16 147 83 152 127 122 178 52 19 114 159 71 48 189 103 146 69 148 101 96 108 118 38 80 104 36 58 198 168 60 145 4 20 32 184 42 7 68 133 85 180 158 35 135 100 144 141 130 10 119 89 172 94 139 63 116 186 107 126 93 5 22 67 86 136 0 149 8 182 24 121 28 30 166 40 175 194 39 74 95 78 142 191 1 64 156 13 91 125 193 112 143 12 31 162 47 76 137 155 11 177 62 160 45 109 190 131 34 134 87 46 72 37
167 55 129 53 117 151 73 51 26 164 197 165 61 21 79 147 152 83 102 163 97 70 111 185 183 150 88 90 65 18 105 192 14 81 123 17 15 120 161 157 140 154 176 138 196 132 99 188 23 50 56 44 6 54 170 98 84 195 2 128 113 37 174 187 124 59 199 49 33 72 46 87 134 34 131 190 109 45 160 22 5 93 126 107 186 116 63 139 94 172 67 0 136 86 89 119 10 130 141 144 100 135 35 158 180 85 133 68 7 42 4 145 58 36 104 80 198 168 60 20 32 184 78 95 74 39 194 175 40 166 30 121 28 149 8 24 182 177 11 155 62 137 76 47 162 31 12 143 112 193 125 91 13 156 64 1 191 142 148 69 146 101 96 108 118 38 189 48 71 127 122 178 16 29 52 19 114 159 103 41 106 43 169 25 27 181 171 57 77 75 179 153 9 82 110 115 92 173 3 66
22 5 93 67 0 136 86 172 94 89 119 10 130 135 100 35 158 180 85 133 68 7 42 4 145 58 36 104 80 198 168 60 20 32 184 78 95 74 39 194 175 40 30 166 125 91 13 156 64 1 191 142 148 69 146 101 96 108 118 38 189 48 71 127 122 178 16 29 52 19 114 159 103 106 41 57 77 82 110 143 12 112 193 162 31 115 9 153 179 75 171 181 43 169 25 27 92 173 3 50 167 55 129 66 53 117 151 73 51 26 164 197 165 61 21 79 147 152 83 102 163 97 70 111 185 183 150 88 90 65 18 105 192 14 81 123 161 157 140 154 120 15 17 196 132 99 188 23 56 44 6 54 170 98 84 195 138 176 2 128 113 37 174 187 124 33 199 59 49 47 76 137 155 11 177 62 160 45 134 46 72 87 34 186 116 63 139 126 107 131 190 109 149 8 182 24 121 28 144 141
173 3 66 53 129 55 105 167 50 56 44 23 188 99 132 196 17 15 120 154 140 157 161 123 81 14 192 18 65 90 88 150 183 185 111 163 102 83 152 127 122 178 147 97 70 164 26 51 117 151 73 197 165 61 21 79 29 16 52 19 114 71 48 189 38 118 108 96 101 146 69 148 142 191 1 64 156 13 91 125 112 193 155 11 177 62 76 137 160 45 109 93 5 22 67 86 136 0 28 121 149 8 182 24 30 166 40 175 194 39 74 95 78 184 32 20 60 168 198 80 104 36 58 145 4 7 68 42 85 133 180 158 35 135 100 144 141 130 10 119 89 172 94 139 63 126 107 116 186 131 190 34 134 87 46 72 37 174 113 128 2 176 138 195 84 98 187 124 33 199 59 49 47 170 6 54 162 31 12 143 110 82 77 57 103 41 106 159 43 169 25 27 181 171 75 179 9 153 92 115
22 5 93 67 0 136 86 172 94 89 119 10 130 135 100 35 158 180 85 133 68 7 42 4 145 58 36 104 80 198 168 60 20 32 184 78 95 74 39 194 175 40 30 166 125 91 13 156 64 1 191 142 148 69 146 101 96 108 118 38 189 48 71 127 122 178 16 29 52 19 114 159 103 106 41 57 77 82 110 143 12 112 193 162 31 115 9 153 179 75 171 181 43 169 25 27 92 173 3 50 167 55 129 66 53 117 151 73 51 26 164 197 165 61 21 79 147 152 83 102 163 97 70 111 185 183 150 88 90 65 18 105 192 14 81 123 161 157 140 154 120 15 17 196 132 99 188 23 56 44 6 54 170 98 84 195 138 176 2 128 113 37 174 187 124 33 199 59 49 47 76 137 155 11 177 62 160 45 134 46 72 87 34 186 116 63 139 126 107 131 190 109 149 8 182 24 121 28 144 141
187 124 59 199 49 33 72 37 174 113 128 2 176 154 140 157 161 120 15 17 123 81 14 192 18 65 90 88 150 183 185 111 70 97 163 102 83 152 147 79 21 61 165 197 164 26 51 73 117 151 92 153 179 171 57 77 75 9 82 110 143 112 193 125 91 13 156 64 1 191 142 148 69 146 103 106 41 181 27 43 169 25 29 16 178 127 122 52 19 114 159 71 48 189 38 118 108 101 96 80 36 58 104 198 168 60 145 4 20 32 184 78 95 42 7 68 133 85 180 158 35 135 100 74 39 194 175 40 166 30 24 182 8 149 121 28 144 141 130 10 119 89 86 136 0 67 22 5 93 107 126 172 94 139 63 116 186 34 87 46 134 131 190 109 45 160 62 177 11 155 137 76 47 162 31 12 115 173 3 54 170 6 66 53 129 55 105 167 50 56 44 23 188 99 132 196 138 195 84 98
147 79 21 61 165 197 164 26 51 73 151 117 53 129 55 167 50 66 3 173 115 31 162 155 11 177 182 24 8 149 28 121 30 166 91 125 193 112 12 143 110 82 77 57 171 41 106 181 27 179 75 9 153 92 25 169 43 159 71 48 189 103 146 69 148 142 191 1 64 156 13 39 194 74 78 184 32 20 101 96 108 118 38 80 104 36 58 198 168 60 145 4 7 68 42 95 85 133 180 158 35 175 40 100 135 144 141 130 10 0 67 136 86 119 89 172 94 139 63 126 22 5 93 107 116 186 34 87 46 134 131 190 109 45 160 62 137 76 47 54 170 6 44 56 23 188 99 132 196 195 84 98 187 124 59 199 49 33 72 37 174 113 128 2 176 138 154 140 157 161 120 15 17 123 81 14 192 105 18 65 90 88 150 183 185 111 70 97 163 102 83 152 127 122 178 52 19 114 29 16
126 93 5 22 67 0 136 86 89 119 10 130 141 28 121 144 100 135 35 158 180 85 133 68 7 42 4 145 58 36 104 80 198 168 60 20 32 184 78 95 74 39 194 175 40 166 30 24 149 8 182 177 11 155 125 91 13 156 64 1 191 142 148 69 146 101 96 108 118 38 189 48 71 127 122 178 16 29 52 19 114 159 103 106 41 57 77 82 110 143 12 112 193 162 31 115 9 153 179 75 171 181 43 169 25 27 92 173 3 50 167 55 129 66 53 117 151 73 51 26 164 197 165 61 21 79 147 152 83 102 163 97 70 111 185 183 150 88 90 65 18 105 192 14 81 123 161 157 140 154 120 15 17 196 132 99 188 23 56 44 6 54 170 98 84 195 138 176 2 128 113 37 174 187 124 33 199 59 49 47 76 137 62 160 45 109 190 131 134 46 72 87 34 186 116 107 63 139 94 172
64 1 191 142 148 69 146 103 41 106 159 181 171 57 77 75 9 153 179 27 25 169 43 114 19 52 29 16 178 122 127 71 48 189 38 118 108 101 96 80 36 58 104 198 168 60 145 4 20 32 184 78 95 42 7 68 133 85 74 180 158 35 135 100 144 28 121 149 8 182 24 30 166 40 175 194 39 91 125 193 112 143 12 31 162 47 76 137 155 11 177 62 160 45 109 93 5 22 141 130 10 119 89 86 136 0 67 172 94 139 63 116 186 107 126 190 131 34 134 87 46 72 37 174 113 128 2 176 195 33 49 199 59 124 187 84 98 170 6 54 3 173 151 117 53 66 129 55 167 50 56 44 23 188 99 132 196 138 154 140 157 161 120 15 17 123 81 14 192 105 18 65 90 88 150 183 185 111 70 97 163 102 83 152 147 79 21 61 165 197 164 26 51 73 92 115 110 82 156 13
98 84 195 176 2 128 113 174 37 72 46 87 34 186 116 63 94 172 139 107 126 93 5 22 67 0 136 86 89 119 10 130 141 144 28 149 8 182 24 121 30 166 175 40 100 135 35 158 180 133 85 194 39 74 95 78 42 68 7 184 32 20 4 145 60 168 58 36 104 80 198 96 101 108 38 118 103 146 69 148 142 191 1 64 156 13 91 125 193 112 143 110 82 9 153 179 75 171 57 77 41 106 181 27 43 169 25 29 16 52 19 114 159 189 48 71 127 122 178 147 152 83 102 163 97 79 21 61 165 92 151 117 73 51 26 164 197 70 111 185 183 150 88 90 65 18 192 14 81 123 17 15 120 161 157 140 154 138 196 132 188 99 105 55 129 53 66 167 50 23 56 44 6 170 54 3 173 115 12 31 162 47 76 137 155 11 177 62 160 45 109 190 131 134 49 59 199 33 124 187
53 66 129 55 167 50 56 44 23 188 99 132 196 138 154 140 157 161 120 15 17 123 81 14 192 105 18 65 90 88 150 183 185 111 70 26 164 197 165 61 21 79 147 97 163 102 83 152 127 122 178 16 29 52 19 114 71 48 189 38 108 101 96 80 36 58 104 198 168 60 145 4 20 32 184 7 68 42 78 95 74 85 133 180 158 35 135 141 149 8 160 45 109 93 5 22 67 86 136 0 10 130 119 89 172 94 139 63 116 186 107 126 190 131 34 134 87 46 49 199 59 124 187 33 72 37 174 113 128 2 176 195 84 98 170 6 54 31 162 47 76 137 155 11 62 177 182 24 166 30 121 28 144 100 40 175 194 39 1 64 191 142 148 69 146 118 103 159 43 169 25 92 27 181 106 41 77 57 171 75 179 153 9 82 156 13 91 125 193 112 12 143 110 115 173 3 151 73 51 117
106 41 103 189 48 71 127 122 178 16 29 52 19 114 43 169 25 92 173 3 115 31 162 54 6 170 98 84 124 59 199 49 33 187 195 138 196 132 99 188 23 44 56 50 167 55 129 66 53 117 151 73 51 26 164 197 165 61 21 79 147 152 83 102 163 97 70 111 185 183 150 88 90 65 18 105 192 14 81 123 161 157 140 154 120 17 15 176 2 128 113 174 37 72 46 87 34 134 47 76 137 155 11 62 160 45 109 190 131 186 116 63 139 94 172 126 107 93 5 22 67 0 136 86 89 119 10 130 141 144 28 121 149 8 182 177 24 30 166 40 175 194 39 74 100 135 35 158 180 85 133 68 7 42 95 78 184 32 20 4 145 60 168 198 104 58 36 80 38 118 108 96 101 146 69 148 142 191 1 64 156 13 91 125 193 112 12 143 110 82 77 57 171 75 9 153 179 27 181 159
66 3 151 173 115 82 110 143 12 112 193 125 91 13 156 64 1 191 142 148 69 146 101 96 108 118 38 189 48 71 127 122 178 16 29 52 19 114 159 103 106 41 77 57 171 75 9 153 179 181 43 169 25 27 92 21 79 147 152 83 102 163 97 70 61 165 197 73 117 51 164 26 111 185 183 150 88 90 65 18 105 192 14 81 123 161 157 140 154 120 17 15 176 2 128 113 37 174 187 124 59 199 49 33 72 46 87 134 34 131 190 109 45 160 22 5 93 126 107 186 116 63 139 94 172 67 0 136 86 89 119 10 130 141 144 100 135 35 158 180 85 133 68 7 42 4 145 58 36 104 80 198 168 60 20 32 184 78 95 74 39 194 175 40 166 30 121 28 149 8 24 182 177 11 155 62 137 76 47 162 31 54 6 170 98 84 195 138 196 132 99 188 23 44 56 50 167 55 129 53
112 125 91 143 12 31 162 54 170 6 44 56 23 188 99 132 196 138 176 154 140 157 161 120 15 17 123 81 14 192 18 65 90 88 150 183 185 111 70 97 163 102 83 152 147 79 21 61 165 197 164 26 51 73 151 117 53 66 129 55 105 167 50 3 173 115 110 82 9 153 92 179 75 77 57 171 181 27 25 169 43 114 19 52 29 16 178 122 127 71 48 189 159 106 41 103 146 69 148 142 191 1 64 156 13 39 175 40 194 74 85 42 95 78 184 32 20 101 96 108 118 38 80 104 36 58 198 168 60 145 4 7 68 133 180 158 35 135 100 166 30 121 28 144 130 10 141 149 8 24 182 160 45 109 93 5 22 67 0 136 86 119 89 172 94 139 63 126 107 116 186 131 190 34 134 87 46 72 37 174 113 128 2 195 84 98 187 124 33 199 59 49 47 76 137 62 177 11 155 193
152 83 102 163 97 70 111 185 183 150 88 90 65 18 105 192 14 81 123 161 157 140 154 120 15 17 196 132 99 188 23 44 56 50 167 55 129 53 66 3 54 6 170 98 84 195 138 176 2 128 113 174 37 72 33 187 124 59 199 49 46 87 134 34 131 190 126 107 186 116 63 139 94 172 89 119 10 130 141 144 100 135 35 158 180 85 133 68 7 42 4 145 58 36 104 80 198 168 60 20 32 184 78 95 74 39 194 175 40 166 30 28 121 24 182 8 149 0 136 86 67 22 5 93 109 45 160 62 177 11 155 137 76 47 162 31 12 143 112 193 125 91 13 156 64 1 191 142 148 69 146 101 96 108 118 38 189 48 71 159 103 106 41 171 57 77 82 110 115 173 151 117 73 51 26 164 197 61 165 92 153 9 75 179 181 27 25 169 43 114 19 52 16 29 79 21 147 178 122 127
68 133 85 180 158 35 135 100 74 39 194 175 40 166 30 121 28 144 141 149 8 24 182 177 11 155 62 160 45 109 93 5 22 67 86 136 0 10 130 119 89 172 94 139 63 126 107 116 186 131 190 34 134 87 46 72 33 49 137 76 47 59 199 124 187 174 37 113 128 2 176 138 195 84 98 170 54 6 44 56 23 188 99 132 196 154 140 157 161 120 15 17 123 81 14 192 18 65 90 88 150 183 185 111 70 26 51 164 197 73 117 53 66 129 55 105 167 50 3 151 173 115 31 162 193 125 91 112 12 143 110 9 153 179 75 171 181 27 43 169 25 92 165 61 21 79 147 97 163 102 83 152 127 122 178 16 29 52 19 114 159 71 48 189 103 106 41 57 77 82 156 13 64 1 191 95 78 184 32 20 96 101 148 142 69 146 118 38 108 80 104 36 58 198 168 60 145 4 42 7
132 196 138 154 140 157 161 120 15 17 123 81 14 192 18 65 90 88 105 55 129 66 53 150 183 185 111 163 102 83 152 127 122 178 147 97 70 26 51 117 151 73 164 197 165 61 21 79 29 16 52 19 114 71 48 189 38 118 108 96 101 146 69 148 142 191 1 64 156 13 91 125 193 112 12 143 110 82 77 57 103 41 106 159 43 169 25 27 181 171 75 179 9 153 92 173 3 115 31 162 155 11 177 62 160 45 109 93 5 22 149 8 182 24 121 28 30 166 40 175 194 39 74 95 78 184 32 20 60 168 198 80 104 36 58 145 4 7 68 42 85 133 180 158 35 135 100 144 141 130 10 119 89 86 136 0 67 172 94 139 63 116 186 107 126 190 131 34 134 87 46 137 76 47 49 199 59 124 187 33 72 37 174 113 128 2 176 195 84 98 170 54 6 44 56 50 167 23 188 99
138 154 140 157 120 15 17 161 123 81 14 192 18 65 90 88 105 55 129 167 50 3 66 53 150 183 185 111 70 197 164 26 51 73 117 151 173 115 110 82 9 153 179 75 171 57 77 41 106 181 27 43 169 25 92 165 61 21 79 147 97 163 102 83 152 127 122 178 16 29 52 19 114 159 71 48 189 103 146 69 148 142 191 1 64 156 13 91 125 175 40 194 39 74 95 78 184 32 20 101 96 108 118 38 80 104 36 58 198 168 60 145 4 7 68 42 85 133 180 158 35 135 100 166 30 121 28 144 141 130 10 119 89 86 136 0 67 172 94 139 63 116 186 107 126 93 5 22 149 8 24 182 160 45 109 190 131 34 134 87 46 33 72 37 174 113 128 2 176 195 84 98 187 124 59 199 49 47 76 137 62 177 11 155 193 112 143 12 31 162 54 170 6 44 56 23 188 99 132 196
170 54 6 44 56 23 188 99 132 196 138 154 140 157 161 120 15 17 123 81 14 192 18 65 90 88 150 183 185 111 70 97 163 102 83 152 127 122 178 147 197 164 26 51 73 151 117 53 66 129 55 105 167 50 3 173 92 165 61 21 79 29 16 52 19 114 43 169 25 27 179 75 77 57 171 181 41 106 103 159 71 48 189 38 118 108 96 101 146 69 148 142 191 1 64 156 13 91 125 193 112 12 143 110 82 9 153 115 31 162 47 76 137 155 11 62 160 45 109 93 5 22 67 86 136 0 28 121 149 8 182 177 24 30 166 40 175 194 39 74 95 78 184 32 20 60 168 198 80 104 36 58 145 4 7 68 42 85 133 180 158 35 135 100 144 141 130 10 119 89 172 94 139 63 126 107 116 186 131 190 34 134 87 46 72 37 128 2 176 195 113 174 33 49 199 59 124 187 84 98
12 143 110 82 9 153 179 75 171 57 77 41 106 181 27 43 169 25 92 165 61 21 79 97 163 102 83 152 147 178 127 122 16 29 52 19 114 159 71 48 189 103 146 69 148 142 191 1 64 156 13 91 125 112 193 155 11 177 62 160 45 109 93 5 22 149 8 182 24 121 28 30 166 40 175 194 39 74 95 78 184 32 20 101 96 108 118 38 80 104 36 58 198 168 60 145 4 7 68 42 85 133 180 158 35 135 100 144 141 130 10 119 89 86 136 0 67 172 94 139 63 116 186 107 126 190 131 34 134 87 46 137 76 47 162 31 54 170 6 44 56 23 188 99 132 196 195 84 98 187 124 59 199 49 33 72 37 174 113 128 2 176 138 154 140 157 161 120 15 17 123 81 14 192 18 65 90 88 150 183 185 111 70 197 164 26 51 73 151 117 53 66 129 55 105 167 50 3 173 115
179 153 9 75 171 57 77 41 106 103 146 69 148 101 96 108 118 38 80 104 36 58 198 168 60 145 4 7 68 133 180 158 35 135 100 144 121 28 141 130 10 0 67 136 86 119 89 172 94 139 63 116 186 107 126 93 5 22 160 45 109 190 131 34 134 87 46 72 33 49 137 76 155 11 62 177 182 8 149 24 30 166 40 175 194 39 74 85 95 78 42 184 32 20 142 191 1 64 13 156 82 115 110 143 91 125 193 112 12 31 162 47 59 199 124 187 174 37 113 128 2 176 138 195 84 98 170 54 6 44 56 23 188 99 132 196 154 140 157 161 120 15 17 123 81 14 192 18 65 90 88 150 183 185 111 26 51 117 53 66 129 55 105 167 50 3 173 151 73 197 164 70 97 163 102 83 152 147 178 122 127 71 48 189 159 114 19 52 16 29 79 21 61 165 92 25 169 43 27 181
109 93 5 22 67 0 136 86 89 119 10 130 141 144 100 135 35 158 180 85 133 68 7 42 4 145 58 36 104 80 198 168 60 20 32 184 78 95 74 39 194 175 40 166 30 121 28 149 8 182 24 125 91 13 156 64 1 191 142 148 69 146 101 96 108 118 38 189 48 71 127 122 178 16 29 52 19 114 159 103 106 41 57 77 82 110 143 12 112 193 162 31 115 9 153 179 75 171 181 43 169 25 27 92 173 3 50 167 55 129 66 53 117 151 73 51 26 164 197 165 61 21 79 147 152 83 102 163 97 70 111 185 183 150 88 90 65 18 105 192 14 81 123 161 157 140 154 120 15 17 196 132 99 188 23 56 44 6 54 170 98 84 195 138 176 2 128 113 37 174 187 124 33 199 59 49 47 76 137 155 11 177 62 160 45 134 46 72 87 34 190 131 186 116 63 139 94 172 126 107
66 3 151 173 115 82 110 143 12 112 193 125 91 13 156 64 1 191 142 148 69 146 101 96 108 118 38 189 48 71 127 122 178 16 29 52 19 114 159 103 106 41 77 57 171 75 9 153 179 181 43 169 25 27 92 21 79 147 152 83 102 163 97 70 61 165 197 73 117 51 164 26 111 185 183 150 88 90 65 18 105 192 14 81 123 161 157 140 154 120 17 15 176 2 128 113 37 174 187 124 59 199 49 33 72 46 87 134 34 131 190 109 45 160 22 5 93 126 107 186 116 63 139 94 172 67 0 136 86 89 119 10 130 141 144 100 135 35 158 180 85 133 68 7 42 4 145 58 36 104 80 198 168 60 20 32 184 78 95 74 39 194 175 40 166 30 121 28 149 8 24 182 177 11 155 62 137 76 47 162 31 54 6 170 98 84 195 138 196 132 99 188 23 44 56 50 167 55 129 53
44 56 50 167 55 129 53 66 3 54 6 170 47 76 137 46 87 134 34 131 190 126 107 186 116 63 139 94 172 89 119 10 130 141 144 100 135 35 158 180 85 133 68 7 42 4 145 58 36 104 80 198 168 60 20 32 184 78 95 74 39 194 175 40 166 30 28 121 24 182 8 149 0 136 86 67 22 5 93 109 45 160 62 177 11 155 162 31 12 143 112 193 125 91 13 156 64 1 191 142 148 69 146 101 96 108 118 38 189 48 71 159 103 106 41 171 57 77 82 110 115 173 92 153 9 75 179 181 27 25 169 43 114 19 52 16 29 79 21 61 165 197 73 151 117 51 26 164 70 97 147 178 122 127 152 83 102 163 111 185 183 150 88 90 65 18 105 192 14 81 123 161 157 140 154 120 17 15 176 2 128 113 174 37 72 33 49 199 59 124 187 98 84 195 138 196 132 99 188 23
118 38 108 80 36 58 104 198 168 60 145 4 20 32 184 78 95 42 7 68 133 85 74 180 158 35 135 100 144 28 121 149 141 130 10 119 89 94 172 86 136 0 67 22 5 93 109 160 45 190 131 107 126 139 63 116 186 34 134 87 46 72 37 174 113 128 2 176 195 84 98 187 124 33 199 59 49 47 76 137 62 155 11 177 182 8 24 30 166 40 175 194 39 191 1 64 156 13 91 125 193 112 143 12 31 162 54 170 6 44 56 23 188 99 132 196 138 154 140 157 161 120 15 17 123 81 14 192 18 65 90 88 150 183 185 111 70 97 163 102 83 152 147 79 21 61 165 197 164 26 51 73 151 117 53 66 129 55 105 167 50 3 173 115 110 82 77 57 171 75 179 9 153 92 25 169 43 114 19 52 29 16 178 122 127 71 48 189 159 27 181 41 106 103 146 69 142 148 101 96
156 13 64 1 191 39 194 175 40 166 91 125 193 112 143 12 31 162 155 11 177 62 137 76 47 124 187 98 84 195 138 176 2 128 113 174 37 72 33 199 59 49 46 87 134 34 190 131 186 116 107 126 63 139 94 172 89 119 86 136 0 67 22 5 93 109 45 160 149 8 182 24 30 121 28 141 10 130 144 100 135 35 158 180 133 68 7 42 85 74 95 78 184 32 20 4 145 60 168 198 58 36 104 80 38 118 108 96 101 148 142 69 146 103 189 48 71 127 122 178 16 29 52 19 114 159 43 169 25 92 165 61 21 79 147 152 83 102 163 97 70 111 185 183 150 88 90 65 18 192 14 81 123 161 157 140 154 120 15 17 196 132 99 188 23 56 44 6 170 54 3 66 50 167 105 55 129 53 117 51 26 164 197 73 151 173 115 110 82 9 153 179 27 181 106 41 77 57 171 75
64 1 191 142 148 69 146 103 41 106 159 181 171 57 77 75 9 153 179 27 25 169 43 114 19 52 29 16 178 122 127 71 48 189 38 118 108 101 96 80 36 58 104 198 168 60 145 4 20 32 184 78 95 42 7 68 133 85 74 180 158 35 135 100 144 28 121 149 8 182 24 30 166 40 175 194 39 91 125 193 112 143 12 31 162 47 76 137 155 11 177 62 160 45 109 93 5 22 141 130 10 119 89 86 136 0 67 172 94 139 63 116 186 107 126 190 131 34 134 87 46 72 37 174 113 128 2 176 195 33 49 199 59 124 187 84 98 170 6 54 3 173 151 117 53 66 129 55 167 50 56 44 23 188 99 132 196 138 154 140 157 161 120 15 17 123 81 14 192 105 18 65 90 88 150 183 185 111 70 97 163 102 83 152 147 79 21 61 165 197 164 26 51 73 92 115 110 82 156 13
153 9 75 171 57 77 41 106 103 146 69 148 101 96 108 118 38 80 104 36 58 198 168 60 145 4 7 68 133 180 158 35 135 100 144 121 28 141 130 10 0 67 136 86 119 89 172 94 139 63 116 186 107 126 93 5 22 160 45 109 190 131 34 134 87 46 72 33 49 137 76 155 11 62 177 182 8 149 24 30 166 40 175 194 39 74 85 95 78 42 184 32 20 142 191 1 64 13 156 82 115 110 143 91 125 193 112 12 31 162 47 59 199 124 187 174 37 113 128 2 176 138 195 84 98 170 54 6 44 56 23 188 99 132 196 154 140 157 161 120 15 17 123 81 14 192 18 65 90 88 150 183 185 111 26 51 117 53 66 129 55 105 167 50 3 173 151 73 197 164 70 97 163 102 83 152 147 178 122 127 71 48 189 159 114 19 52 16 29 79 21 61 165 92 25 169 43 27 181 179
118 38 108 80 36 58 104 198 168 60 145 4 20 32 184 78 95 42 7 68 133 85 74 180 158 35 135 100 144 28 121 149 141 130 10 119 89 94 172 86 136 0 67 22 5 93 109 160 45 190 131 107 126 139 63 116 186 34 134 87 46 72 37 174 113 128 2 176 195 84 98 187 124 33 199 59 49 47 76 137 62 155 11 177 182 8 24 30 166 40 175 194 39 191 1 64 156 13 91 125 193 112 143 12 31 162 54 170 6 44 56 23 188 99 132 196 138 154 140 157 161 120 15 17 123 81 14 192 18 65 90 88 150 183 185 111 70 97 163 102 83 152 147 79 21 61 165 197 164 26 51 73 151 117 53 66 129 55 105 167 50 3 173 115 110 82 77 57 171 75 179 9 153 92 25 169 43 114 19 52 29 16 178 122 127 71 48 189 159 27 181 41 106 103 146 69 142 148 101 96
17 15 132 196 138 154 140 157 120 161 123 81 14 192 18 65 90 88 105 55 129 167 50 3 66 53 150 183 185 111 70 197 164 26 51 73 117 151 173 115 110 82 9 153 179 75 171 57 77 41 106 181 27 43 169 25 92 165 61 21 79 147 97 163 102 83 152 127 122 178 16 29 52 19 114 159 71 48 189 103 146 69 148 142 191 1 64 156 13 91 125 175 40 194 39 74 95 78 184 32 20 101 96 108 118 38 80 104 36 58 198 168 60 145 4 7 68 42 85 133 180 158 35 135 100 166 30 121 28 144 141 130 10 119 89 86 136 0 67 172 94 139 63 116 186 107 126 93 5 22 149 8 24 182 160 45 109 190 131 34 134 87 46 33 72 37 174 113 128 2 176 195 84 98 187 124 59 199 49 47 76 137 62 177 11 155 193 112 143 12 31 162 54 170 6 44 56 23 188 99
95 42 7 68 158 35 180 133 85 74 39 194 175 40 100 135 144 141 130 10 119 89 86 136 0 67 172 94 126 107 139 63 116 186 131 190 34 134 87 46 72 37 174 113 128 2 176 138 195 84 98 187 124 33 199 59 49 47 76 137 155 11 177 62 160 45 109 93 5 22 149 8 182 24 121 28 30 166 91 125 193 112 143 12 31 162 54 170 6 44 56 23 188 99 132 196 17 15 120 154 140 157 161 123 81 14 192 105 18 65 90 88 150 183 185 111 70 197 164 26 51 73 151 117 53 66 129 55 167 50 3 173 115 110 13 156 82 9 153 179 75 171 57 77 41 106 181 27 43 169 25 92 165 61 21 79 29 16 147 97 163 102 83 152 127 122 178 52 19 114 159 71 48 189 103 146 69 64 1 191 142 148 101 118 38 108 96 80 36 58 104 198 168 60 145 4 20 32 184 78
185 183 150 88 90 65 18 105 192 14 81 123 161 157 140 154 120 15 17 196 132 99 188 23 56 44 6 170 98 84 195 138 176 2 128 113 37 174 187 124 59 199 49 33 72 46 87 134 34 131 190 109 45 160 22 5 93 126 107 186 116 63 139 94 172 67 0 136 86 89 119 10 130 141 144 100 135 35 158 180 85 133 68 7 42 4 145 58 36 104 80 198 168 60 20 32 184 78 95 74 39 194 175 40 166 30 121 28 149 8 24 182 177 11 155 62 137 76 47 54 162 31 12 143 112 193 125 91 13 156 64 1 191 142 148 69 146 101 96 108 118 38 189 48 71 114 19 52 122 127 178 16 29 79 21 147 152 83 102 163 97 61 165 197 92 153 9 75 179 181 27 25 169 43 159 103 106 41 171 57 77 82 110 115 173 3 66 50 167 55 129 53 117 151 73 51 26 164 70 111
93 5 22 67 0 136 86 89 119 10 130 141 28 121 30 24 182 8 149 160 137 76 62 177 11 155 193 112 12 143 110 82 9 153 179 75 171 57 77 41 106 181 27 43 169 25 92 165 61 21 79 29 16 52 19 114 159 103 146 69 148 142 191 1 64 156 13 91 125 166 175 39 78 95 74 194 40 100 144 135 35 158 180 85 133 68 7 42 184 32 20 4 145 60 168 198 58 36 104 80 96 101 108 118 38 189 48 71 127 122 178 147 152 83 102 163 97 70 111 185 183 150 88 90 65 18 192 14 81 123 161 157 140 154 120 15 17 196 132 188 99 105 167 50 23 56 44 6 170 54 3 66 55 129 53 117 51 26 164 197 73 151 173 115 31 162 47 49 59 199 33 124 187 98 84 195 138 176 2 128 113 174 37 72 46 87 134 34 186 116 63 139 94 172 126 107 131 190 45 109
197 165 61 97 163 102 83 152 127 122 178 147 21 79 29 16 52 19 114 71 48 189 38 118 108 96 101 146 69 148 142 64 1 191 74 95 78 184 32 20 60 168 198 80 104 36 58 145 4 42 7 68 133 85 180 158 35 135 100 40 194 39 175 166 30 144 141 130 10 119 89 94 172 86 136 0 67 126 107 139 63 116 186 131 190 34 87 46 134 45 160 109 93 5 22 149 8 28 121 24 182 177 11 155 62 137 76 47 162 31 12 143 112 193 125 91 13 156 110 115 82 77 57 103 41 106 159 43 169 25 27 181 171 75 179 9 153 92 73 117 151 173 3 54 6 170 98 84 187 124 59 199 49 33 72 37 174 113 128 2 176 195 138 196 132 154 140 157 161 120 15 17 123 81 14 192 99 188 23 44 56 50 167 66 53 129 55 105 18 65 90 88 150 183 185 111 70 26 51 164
51 26 70 97 147 178 122 127 152 83 102 163 111 185 183 150 88 90 65 18 105 55 129 167 50 56 44 23 188 99 192 14 81 123 17 15 120 161 157 140 154 132 196 138 195 176 2 128 113 174 37 72 33 199 59 49 46 87 134 34 190 131 186 116 107 126 63 139 94 172 89 119 10 130 141 144 100 135 35 158 180 133 85 42 68 7 4 145 58 36 104 80 198 168 60 20 32 184 78 95 74 39 194 175 40 166 30 24 177 182 8 149 121 28 0 136 86 67 22 5 93 109 45 160 62 11 155 137 76 47 124 187 84 98 170 6 54 162 31 12 143 112 193 125 91 13 156 64 1 191 142 148 69 146 101 96 108 118 38 189 48 71 159 106 41 103 57 77 82 110 115 3 66 53 117 73 151 173 92 153 9 179 75 171 181 27 25 169 43 114 19 52 16 29 79 21 61 165 197 164
142 148 101 96 108 80 36 58 104 198 168 60 145 4 20 32 184 78 95 42 7 68 133 85 74 180 158 35 135 100 144 28 121 149 8 182 24 30 166 40 175 194 39 191 1 64 156 13 91 125 193 112 143 12 31 162 47 76 137 155 11 177 62 160 45 109 93 5 22 141 130 10 119 89 86 136 0 67 172 94 139 63 116 186 107 126 190 131 34 134 87 46 72 37 174 113 128 2 176 195 33 49 199 59 124 187 84 98 170 6 54 3 151 73 197 164 26 51 117 53 66 129 55 167 50 56 44 23 188 99 132 196 138 154 140 157 161 120 15 17 123 81 14 192 105 18 65 90 88 150 183 185 111 70 97 163 102 83 152 147 178 127 122 52 19 16 29 79 21 61 165 92 173 115 110 82 9 153 179 75 77 57 171 181 27 25 169 43 114 71 48 189 38 118 159 106 41 103 146 69
165 21 61 197 164 26 51 117 53 129 55 105 18 65 90 88 150 183 185 111 70 97 163 102 83 152 147 79 29 16 178 127 122 52 19 114 71 48 189 38 118 108 96 101 146 69 148 142 191 1 64 156 13 91 125 193 112 12 143 110 82 77 57 103 41 106 159 43 169 25 27 181 171 75 179 9 153 92 115 31 162 54 6 170 98 84 187 124 33 199 59 49 47 76 137 155 11 62 160 45 109 93 5 22 67 86 136 0 28 121 149 8 182 177 24 30 166 40 175 194 39 74 95 78 184 32 20 60 168 198 80 104 36 58 145 4 7 68 42 85 133 180 158 35 135 100 144 141 130 10 119 89 172 94 139 63 126 107 116 186 131 190 34 134 87 46 72 37 174 113 128 2 176 195 138 154 140 157 120 161 192 14 81 123 17 15 196 132 99 188 23 44 56 50 167 66 3 173 151 73
151 117 53 66 129 55 167 50 3 173 115 110 82 75 179 9 153 92 21 79 147 97 163 102 83 152 127 122 178 16 29 52 19 114 43 169 25 27 181 171 57 77 103 41 106 159 71 48 189 38 118 108 96 101 146 69 148 142 191 1 64 156 13 91 125 193 112 143 12 31 162 54 47 76 137 155 11 62 160 45 109 93 5 22 67 86 136 0 28 121 149 8 182 177 24 30 166 40 175 194 39 74 95 78 184 32 20 60 168 198 80 104 36 58 145 4 7 68 42 85 133 180 158 35 135 100 144 141 130 10 119 89 172 94 139 63 126 107 116 186 131 190 34 134 87 46 72 37 128 2 176 195 113 174 33 49 199 59 124 187 84 98 170 6 44 56 23 188 99 132 196 138 154 140 157 161 120 15 17 123 81 14 192 105 18 65 90 88 150 183 185 111 70 61 165 197 164 26 51 73
148 142 64 1 191 39 194 175 40 166 30 24 182 8 149 121 28 144 100 135 35 158 180 74 85 133 68 7 42 95 78 184 32 20 4 145 60 168 58 36 104 80 198 96 101 108 118 38 189 48 71 127 122 178 16 29 52 19 114 43 169 25 27 92 173 3 54 6 170 98 84 195 196 132 99 188 23 44 56 50 167 55 129 66 53 117 151 73 51 26 164 197 165 61 21 79 147 152 83 102 163 97 70 111 185 183 150 88 90 65 18 105 192 14 81 123 17 15 120 161 157 140 154 138 176 2 128 113 37 174 187 124 59 199 49 33 72 46 87 134 34 131 190 126 107 186 116 63 139 94 172 67 0 136 86 89 119 10 130 141 22 5 93 109 45 160 62 177 11 155 137 76 47 162 31 12 143 112 193 125 91 13 156 110 115 82 9 153 179 75 77 57 171 181 159 106 41 103 146 69
101 148 142 69 146 103 106 41 181 27 43 169 25 29 16 52 19 114 159 189 48 71 127 122 178 147 152 83 102 163 97 79 21 61 165 92 173 3 50 167 55 129 66 53 117 151 73 51 26 164 197 70 111 185 183 150 88 90 65 18 105 192 14 81 123 161 157 140 154 120 15 17 196 132 99 188 23 56 44 6 170 54 115 31 162 47 76 137 49 59 199 33 124 187 98 84 195 138 176 2 128 113 174 37 72 46 87 134 34 131 190 109 45 160 62 155 11 177 182 24 8 149 22 5 93 126 107 186 116 63 139 94 172 67 0 136 86 89 119 10 130 141 144 28 121 30 166 91 125 193 112 12 143 110 9 153 179 75 171 57 77 82 156 13 64 1 191 74 39 194 175 40 100 135 35 158 180 85 133 68 7 42 95 78 184 32 20 4 145 60 168 58 36 104 80 198 96 108 38 118
191 142 148 69 146 103 41 106 159 181 171 57 77 75 9 153 179 27 25 169 43 114 19 52 29 16 178 122 127 71 48 189 38 118 108 101 96 80 36 58 104 198 168 60 145 4 20 32 184 78 95 42 7 68 133 85 74 180 158 35 135 100 144 28 121 149 8 182 24 30 166 40 175 194 39 91 125 193 112 143 12 31 162 47 76 137 155 11 177 62 160 45 109 93 5 22 141 130 10 119 89 86 136 0 67 172 94 139 63 116 186 107 126 190 131 34 134 87 46 72 37 174 113 128 2 176 195 33 49 199 59 124 187 84 98 170 6 54 3 173 151 117 53 66 129 55 167 50 56 44 23 188 99 132 196 138 154 140 157 161 120 15 17 123 81 14 192 105 18 65 90 88 150 183 185 111 70 97 163 102 83 152 147 79 21 61 165 197 164 26 51 73 92 115 110 82 156 13 64 1
179 153 9 75 171 57 77 41 106 103 146 69 148 101 96 108 118 38 80 104 36 58 198 168 60 145 4 7 68 133 180 158 35 135 100 144 121 28 141 130 10 0 67 136 86 119 89 172 94 139 63 116 186 107 126 93 5 22 160 45 109 190 131 34 134 87 46 72 33 49 137 76 155 11 62 177 182 8 149 24 30 166 40 175 194 39 74 85 95 78 42 184 32 20 142 191 1 64 13 156 82 115 110 143 91 125 193 112 12 31 162 47 59 199 124 187 174 37 113 128 2 176 138 195 84 98 170 54 6 44 56 23 188 99 132 196 154 140 157 161 120 15 17 123 81 14 192 18 65 90 88 150 183 185 111 26 51 117 53 66 129 55 105 167 50 3 173 151 73 197 164 70 97 163 102 83 152 147 178 122 127 71 48 189 159 114 19 52 16 29 79 21 61 165 92 25 169 43 27 181
82 110 115 173 3 50 167 55 129 66 53 117 151 73 51 26 164 197 70 111 185 183 150 88 90 65 18 105 192 14 81 123 161 157 140 154 120 15 17 196 132 99 188 23 56 44 6 170 54 162 31 12 143 112 193 125 91 175 40 166 30 24 182 8 149 121 28 22 5 93 109 45 160 62 177 11 155 137 76 47 49 59 199 33 124 187 98 84 195 138 176 2 128 113 174 37 72 46 87 134 34 190 131 186 116 63 139 107 126 94 172 67 0 136 86 89 119 10 130 141 144 100 135 35 158 68 7 42 4 145 60 168 198 58 36 104 80 38 118 108 96 101 20 32 184 78 95 74 85 133 180 194 39 13 156 64 1 191 142 148 69 146 103 189 48 71 127 122 178 147 152 83 102 163 97 79 21 61 165 92 153 9 179 27 43 169 25 29 16 52 19 114 159 181 106 41 77 57 171 75
44 56 50 167 55 129 53 66 3 54 6 170 47 76 137 46 87 134 34 131 190 126 107 186 116 63 139 94 172 89 119 10 130 141 144 100 135 35 158 180 85 133 68 7 42 4 145 58 36 104 80 198 168 60 20 32 184 78 95 74 39 194 175 40 166 30 28 121 24 182 8 149 0 136 86 67 22 5 93 109 45 160 62 177 11 155 162 31 12 143 112 193 125 91 13 156 64 1 191 142 148 69 146 101 96 108 118 38 189 48 71 159 103 106 41 171 57 77 82 110 115 173 92 153 9 75 179 181 27 25 169 43 114 19 52 16 29 79 21 61 165 197 73 151 117 51 26 164 70 97 147 178 122 127 152 83 102 163 111 185 183 150 88 90 65 18 105 192 14 81 123 161 157 140 154 120 17 15 176 2 128 113 174 37 72 33 49 199 59 124 187 98 84 195 138 196 132 99 188 23
71 48 189 38 118 108 96 101 146 69 148 142 64 1 191 39 166 40 175 194 74 95 78 184 32 20 60 168 198 80 104 36 58 145 4 7 68 42 85 133 180 158 35 135 100 144 28 121 30 24 182 8 149 160 45 109 93 5 22 141 130 10 119 89 86 136 0 67 172 94 139 63 116 186 107 126 190 131 34 134 87 46 72 37 174 113 128 2 176 195 84 98 187 124 33 199 59 49 47 76 137 62 177 11 155 193 125 91 13 156 82 77 57 171 75 9 153 179 27 181 41 106 103 159 43 169 25 92 115 110 143 112 12 31 162 54 170 6 44 56 23 188 99 132 196 138 154 140 157 161 120 15 17 123 81 14 192 105 18 65 90 88 150 183 185 111 51 117 53 129 55 167 50 66 3 173 151 73 197 164 26 70 163 102 83 152 147 97 61 165 21 79 29 16 178 127 122 52 19 114
74 95 78 42 184 32 20 60 145 4 7 68 158 35 180 133 85 194 175 40 100 135 144 141 130 10 119 89 94 172 86 136 0 67 126 107 139 63 116 186 131 190 34 134 87 46 72 37 174 113 128 2 176 138 195 84 98 170 54 6 44 56 23 188 99 132 196 154 140 157 161 120 15 17 123 81 14 192 18 65 90 88 150 183 185 111 70 197 164 26 51 73 151 117 53 66 129 55 105 167 50 3 173 115 31 162 124 187 33 199 59 49 47 76 137 155 11 177 62 160 45 109 93 5 22 149 8 182 24 121 28 30 166 91 125 193 112 12 143 110 82 9 153 179 75 171 57 77 41 106 181 27 43 169 25 92 165 61 21 79 147 97 163 102 83 152 127 122 178 16 29 52 19 114 159 71 48 189 103 146 69 118 38 108 80 104 36 58 168 198 96 101 148 142 191 1 64 156 13 39
130 141 144 135 35 158 180 85 133 68 7 42 4 145 58 36 104 80 198 168 60 20 32 184 78 95 74 39 194 175 40 100 28 121 149 8 182 24 30 166 125 91 13 156 64 1 191 142 148 69 146 101 96 108 118 38 189 48 71 127 122 178 16 29 52 19 114 159 103 106 41 57 77 82 110 143 12 112 193 162 31 115 9 153 179 75 171 181 43 169 25 27 92 173 3 50 167 55 129 66 53 117 151 73 51 26 164 197 165 61 21 79 147 152 83 102 163 97 70 111 185 183 150 88 90 65 18 105 192 14 81 123 161 157 140 154 120 15 17 196 132 99 188 23 56 44 6 54 170 98 84 195 138 176 2 128 113 174 37 72 187 124 33 199 59 49 46 87 34 134 47 76 137 155 11 177 62 160 45 109 190 131 186 116 63 139 107 126 93 5 22 67 0 136 86 172 94 89 119 10
117 151 73 51 26 164 197 61 165 92 153 9 82 110 115 173 3 54 6 170 47 49 59 199 33 124 187 98 84 195 138 176 2 128 113 174 37 72 46 87 134 34 131 190 109 45 160 22 5 93 126 107 186 116 63 139 94 172 67 0 136 86 89 119 10 130 141 144 100 135 35 158 180 85 133 68 7 42 4 145 58 36 104 80 198 168 60 20 32 184 78 95 74 39 194 175 40 166 30 121 28 149 8 24 182 177 62 137 76 11 155 162 31 12 143 112 193 125 91 13 156 64 1 191 142 148 69 146 101 96 108 118 38 189 48 71 159 106 41 103 77 57 171 75 179 181 27 25 169 43 114 19 52 122 127 178 16 29 79 21 147 152 83 102 163 97 70 111 185 183 150 88 90 65 18 105 192 14 81 123 161 157 140 154 120 15 17 196 132 99 188 23 44 56 50 167 55 129 66 53
119 10 141 28 121 149 8 109 93 5 22 67 0 136 86 89 172 94 139 63 126 107 116 186 131 190 34 87 72 46 134 45 160 62 137 76 49 59 199 33 124 187 174 37 113 128 2 176 138 195 84 98 170 54 6 44 56 23 188 99 132 196 154 140 157 161 120 15 17 123 81 14 192 18 65 90 88 150 183 185 111 70 97 163 102 83 152 127 122 178 147 197 164 26 51 73 151 117 53 66 129 55 105 167 50 3 173 92 165 61 21 79 29 16 52 19 114 43 169 25 27 179 75 77 57 171 181 41 106 103 159 71 48 189 38 118 108 96 101 146 69 148 142 191 1 64 156 13 91 125 193 112 12 143 110 82 9 153 115 31 162 47 155 11 177 182 24 30 166 40 175 194 39 74 95 78 184 32 20 60 168 198 80 104 36 58 145 4 7 68 42 85 133 180 158 35 135 100 144 130
99 188 50 167 3 66 129 55 105 18 65 90 88 150 53 183 185 111 70 197 164 26 51 73 117 151 173 115 110 82 9 153 179 75 171 57 77 41 106 181 27 43 169 25 92 165 61 21 79 147 97 163 102 83 152 127 122 178 16 29 52 19 114 159 71 48 189 103 146 69 148 142 191 1 64 156 13 91 125 175 40 194 39 74 95 78 184 32 20 101 96 108 118 38 80 104 36 58 198 168 60 145 4 7 68 42 85 133 180 158 35 135 100 166 30 121 28 144 141 130 10 119 89 86 136 0 67 172 94 139 63 116 186 107 126 93 5 22 149 8 24 182 160 45 109 190 131 34 134 87 46 72 37 174 113 128 2 176 138 195 84 98 187 124 33 199 59 49 47 76 137 62 177 11 155 193 112 143 12 31 162 54 170 6 44 56 23 132 196 154 140 157 161 120 15 17 123 81 14 192
121 28 144 100 135 35 158 180 85 133 68 7 42 4 145 58 36 104 80 198 168 60 20 32 184 78 95 74 39 194 175 40 166 125 91 13 156 64 1 191 142 148 69 146 101 96 108 118 38 189 48 71 127 122 178 16 29 52 19 114 159 103 106 41 57 77 82 110 143 12 112 193 162 31 115 9 153 179 75 171 181 43 169 25 27 92 173 3 50 167 55 129 66 53 117 151 73 51 26 164 197 165 61 21 79 147 152 83 102 163 97 70 111 185 183 150 88 90 65 18 105 192 14 81 123 161 157 140 154 120 15 17 196 132 99 188 23 56 44 6 54 170 98 84 195 138 176 2 128 113 174 37 72 187 124 33 199 59 49 46 87 134 34 186 116 63 139 107 126 172 94 89 119 130 141 10 0 136 86 67 22 5 93 109 190 131 45 137 76 47 155 11 177 62 160 149 8 182 24 30
177 182 8 149 141 144 28 121 24 30 166 175 194 40 100 135 35 158 180 85 133 68 7 42 184 32 20 4 145 60 168 198 58 36 104 80 108 38 118 103 146 69 101 96 148 142 78 95 74 39 191 1 64 13 156 82 9 153 179 75 171 57 77 41 106 181 27 43 169 25 92 165 61 21 79 29 16 52 19 114 159 189 48 71 127 122 178 147 97 83 152 102 163 111 185 183 150 88 90 65 18 192 14 81 123 17 15 120 161 157 140 154 176 138 196 132 188 99 105 167 50 23 56 44 6 170 54 162 31 3 66 55 129 53 117 51 26 70 164 197 73 151 173 115 110 143 12 112 91 125 193 155 11 137 76 47 49 59 199 33 124 187 98 84 195 2 128 113 174 37 72 46 87 134 34 190 131 186 116 107 126 63 139 94 172 89 119 130 10 0 136 86 67 22 5 93 109 45 160 62
7 68 133 85 180 158 35 135 100 40 175 194 39 166 30 121 28 144 141 149 8 24 182 177 11 155 62 160 45 109 93 5 22 67 86 136 0 10 130 119 89 172 94 139 63 126 107 116 186 131 190 34 134 87 46 72 33 49 137 76 47 59 199 124 187 174 37 113 128 2 176 138 195 84 98 170 54 6 44 56 23 188 99 132 196 154 140 157 161 120 15 17 123 81 14 192 18 65 90 88 150 183 185 111 70 26 51 164 197 73 117 53 66 129 55 105 167 50 3 151 173 115 31 162 193 125 91 112 12 143 110 9 153 179 75 171 181 27 43 169 25 92 165 61 21 79 147 97 163 102 83 152 127 122 178 16 29 52 19 114 159 71 48 189 103 106 41 57 77 82 156 13 64 1 191 142 148 69 146 101 118 38 108 96 80 36 58 104 198 168 60 145 4 20 32 184 78 74 95 42
122 127 178 16 29 79 147 152 83 102 163 97 21 61 165 197 164 70 111 185 26 51 73 117 151 173 3 66 53 183 150 88 90 65 18 192 14 81 123 161 157 140 154 120 15 17 105 55 129 167 50 56 44 23 188 99 132 196 138 176 2 128 195 98 84 113 37 174 187 124 59 199 49 33 72 46 87 134 34 131 190 109 45 160 22 5 93 126 107 186 116 63 139 94 172 67 0 136 86 89 119 10 130 141 144 100 135 35 158 180 85 133 68 7 42 4 145 58 36 104 80 198 168 60 20 32 184 78 95 74 39 194 175 40 166 30 121 28 149 8 24 182 177 11 155 62 137 76 47 170 6 54 162 31 115 92 25 169 43 159 103 106 41 181 27 171 57 77 75 179 153 9 82 110 143 12 112 193 125 91 13 156 64 1 191 142 148 69 146 101 96 108 118 38 189 48 71 114 19 52
175 40 166 39 78 184 32 20 4 145 60 168 198 58 36 104 80 108 38 118 96 101 146 69 148 142 191 1 64 156 13 91 125 193 155 11 177 62 137 76 47 124 187 98 84 195 138 196 132 188 99 105 55 129 167 50 23 56 44 6 170 54 162 31 12 112 143 110 82 9 153 179 75 171 57 77 103 106 41 181 27 43 169 25 29 16 52 19 114 159 189 48 71 127 122 178 147 152 83 102 163 97 79 21 61 165 92 115 173 3 66 53 117 151 73 51 26 164 197 70 111 185 183 150 88 90 65 18 192 14 81 123 161 157 140 154 120 17 15 176 2 128 113 174 37 72 33 199 59 49 46 87 134 34 190 131 186 116 107 126 63 139 94 172 89 119 86 136 0 67 22 5 93 109 45 160 149 8 182 24 30 121 28 141 10 130 144 100 135 35 158 180 85 133 68 7 42 95 74 194
48 71 114 43 169 25 92 165 61 21 79 29 16 19 52 178 122 127 152 83 102 163 97 147 70 111 185 183 150 88 90 65 18 105 192 14 81 123 161 157 140 154 120 15 17 196 132 99 188 23 44 56 50 167 55 129 53 117 51 26 164 197 73 151 173 3 66 6 170 54 115 31 162 47 49 199 59 124 187 98 84 195 138 176 2 128 113 174 37 72 33 46 87 134 34 131 190 109 45 137 76 155 11 177 62 160 149 8 182 24 30 121 28 22 5 93 126 107 186 116 63 139 94 172 67 0 136 86 89 119 10 130 141 144 100 135 35 158 133 68 7 42 85 180 40 166 175 194 39 74 95 78 184 32 20 4 145 60 168 198 58 36 104 80 38 103 118 108 96 101 146 69 148 142 191 1 64 156 13 91 125 193 112 12 143 110 82 77 57 171 75 9 153 179 27 181 41 106 159 189
27 169 25 92 173 115 31 162 54 6 170 98 84 195 176 2 128 113 174 37 72 46 87 34 134 49 59 199 33 187 124 47 76 137 155 11 62 160 45 109 190 131 186 116 63 139 94 172 126 107 93 5 22 67 0 136 86 89 119 10 130 141 144 28 121 149 8 182 177 24 30 166 39 194 175 40 100 135 35 158 180 133 68 7 42 85 74 95 78 184 32 20 4 145 60 168 198 58 36 104 80 108 118 38 189 48 71 127 122 178 147 152 83 102 163 97 70 111 185 183 150 88 90 65 18 105 192 14 81 123 17 15 120 161 157 140 154 138 196 132 99 188 23 44 56 50 167 55 129 53 66 3 151 117 73 51 26 164 197 165 61 21 79 29 16 52 19 114 43 159 106 41 103 146 69 101 96 148 142 191 1 64 156 13 91 125 193 112 12 143 110 82 9 153 75 77 57 171 181 179
76 137 62 177 11 155 193 112 12 143 110 82 9 153 179 75 171 57 77 41 106 181 27 43 169 25 92 165 61 21 79 147 97 163 102 83 152 127 122 178 16 29 52 19 114 159 71 48 189 103 146 69 148 142 191 1 64 156 13 91 125 166 40 175 194 39 74 78 184 32 20 101 96 108 118 38 80 104 36 58 198 168 60 145 4 7 68 42 95 85 133 180 158 35 135 100 144 28 121 30 24 182 8 149 160 45 109 22 141 130 10 0 67 136 86 119 89 94 172 5 93 126 107 139 63 116 186 131 190 34 134 87 46 72 37 174 113 128 2 176 195 84 98 187 124 33 199 59 49 47 54 170 6 44 56 23 188 99 132 196 138 154 140 157 161 120 15 17 123 81 14 192 18 65 90 88 150 183 185 111 70 197 164 26 51 73 151 117 53 66 129 55 105 167 50 3 173 115 31 162
104 58 36 80 38 189 48 71 127 122 178 16 29 52 19 114 43 169 25 27 92 173 3 50 167 55 129 66 53 117 151 73 51 26 164 197 165 61 21 79 147 152 83 102 163 97 70 111 185 183 150 88 90 65 18 105 192 14 81 123 161 157 140 154 120 15 17 196 132 99 188 23 56 44 6 170 54 49 59 199 33 124 187 98 84 195 138 176 2 128 113 174 37 72 46 87 134 34 131 190 45 160 109 107 186 116 63 139 94 172 126 93 5 22 67 0 136 86 89 119 10 130 141 144 166 30 121 28 149 8 24 182 177 11 155 62 137 76 47 162 31 12 143 112 193 125 91 13 156 110 115 82 9 153 179 75 77 57 171 181 159 106 41 103 118 108 96 101 146 69 148 142 64 1 191 74 39 194 175 40 100 135 35 158 180 85 133 68 7 42 95 78 184 32 20 4 145 60 168 198
187 124 59 199 49 33 72 37 174 113 128 2 176 154 140 157 161 120 15 17 123 81 14 192 18 65 90 88 150 183 185 111 70 97 163 102 83 152 147 79 21 61 165 197 164 26 51 73 117 151 92 153 179 171 57 77 75 9 82 110 143 112 193 125 91 13 156 64 1 191 142 148 69 146 103 106 41 181 27 43 169 25 29 16 178 127 122 52 19 114 159 71 48 189 38 118 108 101 96 80 36 58 104 198 168 60 145 4 20 32 184 78 95 42 7 68 133 85 180 158 35 135 100 74 39 194 175 40 166 30 24 182 8 149 121 28 144 141 130 10 119 89 86 136 0 67 22 5 93 107 126 172 94 139 63 116 186 34 87 46 134 131 190 109 45 160 62 177 11 155 137 76 47 162 31 12 115 173 3 54 170 6 66 53 129 55 105 167 50 56 44 23 188 99 132 196 138 195 84 98
91 125 112 143 12 3 173 115 110 82 9 153 179 75 77 57 171 27 43 169 25 92 165 61 21 79 29 16 52 19 114 159 181 106 41 64 1 191 142 148 69 146 103 189 48 71 127 122 178 147 152 83 102 163 97 70 111 185 183 150 88 90 55 129 53 117 51 26 164 197 73 151 66 50 167 105 18 65 192 14 81 123 161 157 140 154 120 15 17 196 132 99 188 23 56 44 6 54 170 98 84 195 138 176 2 128 113 37 174 187 124 59 199 49 33 72 46 87 134 34 190 131 186 116 107 126 63 139 94 172 89 119 86 136 0 67 22 5 93 109 45 160 62 137 76 47 162 31 193 155 11 177 182 24 8 149 141 10 130 144 28 121 30 166 100 135 35 158 180 133 68 7 4 145 60 168 198 58 36 104 80 38 118 108 96 101 20 32 184 78 95 42 85 74 194 40 175 39 13 156
186 116 63 139 94 172 67 0 136 86 89 119 10 130 141 144 100 135 35 158 180 85 133 68 7 42 4 145 58 36 104 80 198 168 60 20 32 184 78 95 74 39 194 175 40 166 30 121 28 149 8 182 24 125 91 13 156 64 1 191 142 148 69 146 101 96 108 118 38 189 48 71 127 122 178 16 29 52 19 114 159 103 106 41 57 77 82 110 143 12 112 193 162 31 115 9 153 179 75 171 181 43 169 25 27 92 173 3 50 167 55 129 66 53 117 151 73 51 26 164 197 165 61 21 79 147 152 83 102 163 97 70 111 185 183 150 88 90 65 18 105 192 14 81 123 161 157 140 154 120 15 17 196 132 99 188 23 56 44 6 54 170 98 84 195 138 176 2 128 113 37 174 187 124 33 199 59 49 47 76 137 155 11 177 62 160 45 134 46 72 87 34 131 190 109 22 5 93 126 107
134 34 190 131 186 116 63 94 172 139 107 126 93 5 22 67 0 136 86 89 119 10 130 141 144 100 135 35 158 180 133 68 7 4 145 60 168 198 58 36 104 80 38 118 108 96 101 148 69 146 103 189 48 71 127 122 178 152 83 102 163 97 147 21 61 165 79 29 16 52 19 114 159 43 169 25 27 181 106 41 77 57 171 75 179 153 9 82 110 143 125 91 13 156 64 1 191 142 20 32 184 42 78 95 85 74 39 194 175 40 166 30 28 121 24 182 8 149 109 45 160 62 177 11 155 193 112 31 12 115 92 173 3 50 167 55 129 66 53 117 151 73 51 26 164 197 70 111 185 183 150 88 90 65 18 105 192 14 81 123 161 157 140 154 120 15 17 196 132 99 188 23 56 44 6 170 54 162 47 76 137 49 59 199 33 124 187 98 84 195 138 176 2 128 113 174 37 72 46 87
48 71 114 43 169 25 92 165 61 21 79 29 16 19 52 178 122 127 152 83 102 163 97 147 70 111 185 183 150 88 90 65 18 105 192 14 81 123 161 157 140 154 120 15 17 196 132 99 188 23 44 56 50 167 55 129 53 117 51 26 164 197 73 151 173 3 66 6 170 54 115 31 162 47 49 199 59 124 187 98 84 195 138 176 2 128 113 174 37 72 33 46 87 134 34 131 190 109 45 137 76 155 11 177 62 160 149 8 182 24 30 121 28 22 5 93 126 107 186 116 63 139 94 172 67 0 136 86 89 119 10 130 141 144 100 135 35 158 133 68 7 42 85 180 40 166 175 194 39 74 95 78 184 32 20 4 145 60 168 198 58 36 104 80 38 103 118 108 96 101 146 69 148 142 191 1 64 156 13 91 125 193 112 12 143 110 82 77 57 171 75 9 153 179 27 181 41 106 159 189
145 4 20 32 184 78 95 42 7 68 133 85 180 158 35 135 100 40 175 194 39 74 191 1 64 142 148 101 69 146 118 103 106 41 77 57 171 75 179 153 9 82 115 110 156 13 91 125 193 112 143 12 31 162 47 76 137 155 11 177 62 8 149 182 24 166 30 121 28 144 141 130 10 0 67 136 86 119 89 172 94 139 63 116 186 131 190 107 126 93 5 22 109 160 45 34 134 87 46 72 33 49 199 59 124 187 174 37 113 128 2 176 138 195 84 98 170 54 6 44 56 23 188 99 132 196 154 140 157 161 120 15 17 123 81 14 192 18 65 90 88 150 183 185 111 26 51 117 53 66 129 55 105 167 50 3 173 151 73 197 164 70 97 163 102 83 152 147 79 21 61 165 92 25 169 27 181 43 29 16 178 127 122 52 19 114 159 71 48 189 38 108 96 198 80 104 36 58 168 60
182 24 30 121 28 8 149 141 144 100 135 35 158 68 7 42 4 145 58 36 104 80 198 168 60 20 32 184 78 95 74 85 133 180 194 39 175 40 166 125 91 13 156 64 1 191 142 148 69 146 101 96 108 118 38 189 48 71 127 122 178 16 29 52 19 114 159 103 106 41 57 77 82 110 143 12 112 193 162 31 115 9 153 179 75 171 181 43 169 25 27 92 173 3 50 167 55 129 66 53 117 151 73 51 26 164 197 165 61 21 79 147 152 83 102 163 97 70 111 185 183 150 88 90 65 18 105 192 14 81 123 161 157 140 154 120 15 17 196 132 99 188 23 56 44 6 54 170 98 84 195 138 176 2 128 113 174 37 72 187 124 33 199 59 49 46 87 134 34 186 116 63 139 107 126 172 94 89 119 130 10 0 136 86 67 22 5 93 109 190 131 45 160 137 76 47 155 11 62 177
58 36 80 38 189 48 71 127 122 178 16 29 52 19 114 43 169 25 27 92 173 3 50 167 55 129 66 53 117 151 73 51 26 164 197 165 61 21 79 147 152 83 102 163 97 70 111 185 183 150 88 90 65 18 105 192 14 81 123 161 157 140 154 120 15 17 196 132 99 188 23 56 44 6 170 54 49 59 199 33 124 187 98 84 195 138 176 2 128 113 174 37 72 46 87 134 34 131 190 45 160 109 107 186 116 63 139 94 172 126 93 5 22 67 0 136 86 89 119 10 130 141 144 166 30 121 28 149 8 24 182 177 11 155 62 137 76 47 162 31 12 143 112 193 125 91 13 156 110 115 82 9 153 179 75 77 57 171 181 159 106 41 103 118 108 96 101 146 69 148 142 64 1 191 74 39 194 175 40 100 135 35 158 180 85 133 68 7 42 95 78 184 32 20 4 145 60 168 198 104
159 106 41 103 189 48 71 127 122 178 16 29 52 19 114 43 169 25 92 173 3 115 31 162 54 6 170 98 84 124 59 199 49 33 187 195 138 196 132 99 188 23 44 56 50 167 55 129 66 53 117 151 73 51 26 164 197 165 61 21 79 147 152 83 102 163 97 70 111 185 183 150 88 90 65 18 105 192 14 81 123 161 157 140 154 120 17 15 176 2 128 113 174 37 72 46 87 34 134 47 76 137 155 11 62 160 45 109 190 131 186 116 63 139 94 172 126 107 93 5 22 67 0 136 86 89 119 10 130 141 144 28 121 149 8 182 177 24 30 166 40 175 194 39 74 100 135 35 158 180 85 133 68 7 42 95 78 184 32 20 4 145 60 168 198 104 58 36 80 38 118 108 96 101 146 69 148 142 191 1 64 156 13 91 125 193 112 12 143 110 82 9 153 75 77 57 171 179 27 181
68 133 85 180 158 35 135 100 74 39 194 175 40 166 30 121 28 144 141 149 8 24 182 177 11 155 62 160 45 109 93 5 22 67 86 136 0 10 130 119 89 172 94 139 63 126 107 116 186 131 190 34 134 87 46 72 33 49 137 76 47 59 199 124 187 174 37 113 128 2 176 138 195 84 98 170 54 6 44 56 23 188 99 132 196 154 140 157 161 120 15 17 123 81 14 192 18 65 90 88 150 183 185 111 70 26 51 164 197 73 117 53 66 129 55 105 167 50 3 151 173 115 31 162 193 125 91 112 12 143 110 9 153 179 75 171 181 27 43 169 25 92 165 61 21 79 147 97 163 102 83 152 127 122 178 16 29 52 19 114 159 71 48 189 103 106 41 57 77 82 156 13 64 1 191 95 78 184 32 20 96 101 148 142 69 146 118 38 108 80 104 36 58 198 168 60 145 4 42 7
112 125 91 143 12 31 162 54 170 6 44 56 23 188 99 132 196 138 176 154 140 157 161 120 15 17 123 81 14 192 18 65 90 88 150 183 185 111 70 97 163 102 83 152 147 79 21 61 165 197 164 26 51 73 151 117 53 66 129 55 105 167 50 3 173 115 110 82 9 153 92 179 75 77 57 171 181 27 25 169 43 114 19 52 29 16 178 122 127 71 48 189 159 106 41 103 146 69 148 142 191 1 64 156 13 39 175 40 194 74 85 42 95 78 184 32 20 101 96 108 118 38 80 104 36 58 198 168 60 145 4 7 68 133 180 158 35 135 100 166 30 121 28 144 130 10 141 149 8 24 182 160 45 109 93 5 22 67 0 136 86 119 89 172 94 139 63 126 107 116 186 131 190 34 134 87 46 72 37 174 113 128 2 195 84 98 187 124 33 199 59 49 47 76 137 62 177 11 155 193
114 19 52 122 127 178 16 29 79 25 169 43 159 103 106 41 181 27 179 153 9 75 171 57 77 82 110 115 173 3 50 167 55 129 66 53 117 151 73 51 26 164 197 92 165 61 21 147 152 83 102 163 97 70 111 185 183 150 88 90 65 18 105 192 14 81 123 17 15 120 161 157 140 154 138 176 2 128 113 174 37 72 33 199 59 49 46 87 134 34 190 131 186 116 107 126 63 139 94 172 89 119 10 130 141 144 100 135 35 158 180 133 85 42 68 7 4 145 58 36 104 80 198 168 60 20 32 184 78 95 74 39 194 175 40 166 30 24 177 182 8 149 121 28 0 136 86 67 22 5 93 109 45 160 62 11 155 137 76 47 124 187 98 84 195 196 132 99 188 23 56 44 6 170 54 162 31 12 143 112 193 125 91 13 156 64 1 191 142 148 69 146 101 96 108 118 38 189 48 71
41 106 103 189 48 71 127 122 178 52 19 16 29 79 147 152 83 102 163 97 21 61 165 197 164 70 111 185 26 51 73 151 117 183 150 88 90 65 18 192 14 81 123 161 157 140 154 120 17 15 138 176 2 128 195 113 37 174 187 33 72 46 87 34 134 49 199 59 124 84 98 196 132 99 188 23 44 56 50 167 105 55 129 53 66 3 173 92 25 169 43 114 159 181 27 179 75 9 153 115 31 162 54 6 170 47 76 137 155 11 62 160 45 109 190 131 186 116 63 139 94 172 126 107 93 5 22 67 0 136 86 89 119 10 130 141 144 28 121 149 8 182 177 24 30 166 40 175 194 39 74 100 135 35 158 180 85 133 68 7 42 95 78 184 32 20 4 145 60 168 198 104 58 36 80 38 118 108 96 101 146 69 148 142 191 1 64 156 13 91 125 193 112 12 143 110 82 77 57 171
67 0 141 144 100 30 28 121 24 182 8 149 160 45 109 22 5 93 126 107 139 63 116 186 131 190 34 134 87 46 72 37 174 113 128 2 176 138 195 84 98 187 124 33 199 59 49 47 76 137 62 177 11 155 193 112 143 12 31 162 54 6 170 132 196 154 140 157 161 120 15 17 123 81 14 192 99 188 23 44 56 50 167 105 18 65 90 88 150 183 185 111 163 102 83 152 127 122 178 147 97 70 197 164 26 51 73 117 53 129 55 66 3 151 173 115 110 82 9 153 179 75 171 57 77 41 106 181 27 43 169 25 92 165 61 21 79 29 16 52 19 114 159 71 48 189 103 146 69 148 142 191 1 64 156 13 91 125 166 40 175 194 39 74 95 78 184 32 20 101 96 108 118 38 80 104 36 58 198 168 60 145 4 42 7 68 133 85 180 158 35 135 130 10 119 89 94 172 86 136
37 174 113 128 2 176 138 195 84 98 132 196 154 140 157 161 120 15 17 123 81 14 192 99 188 23 44 56 50 167 105 18 65 90 88 150 183 53 129 55 66 3 6 170 54 162 31 12 143 112 193 125 91 13 156 64 1 191 142 148 69 146 103 106 41 77 57 171 75 179 153 9 82 110 115 173 151 117 73 197 164 26 51 185 111 70 97 163 102 83 152 147 79 21 61 165 92 25 169 27 181 43 29 16 178 127 122 52 19 114 159 71 48 189 38 118 108 101 96 80 36 58 104 198 168 60 145 4 20 32 184 78 95 42 7 68 133 85 180 158 35 135 100 74 39 194 175 40 166 30 24 182 8 149 121 28 144 141 130 10 119 89 86 136 0 67 22 5 93 109 160 62 177 11 155 47 76 137 45 190 131 107 126 172 94 139 63 116 186 34 134 87 46 49 59 199 33 124 187 72
130 141 144 135 35 158 180 85 133 68 7 42 4 145 58 36 104 80 198 168 60 20 32 184 78 95 74 39 194 175 40 100 28 121 149 8 182 24 30 166 125 91 13 156 64 1 191 142 148 69 146 101 96 108 118 38 189 48 71 127 122 178 16 29 52 19 114 159 103 106 41 57 77 82 110 143 12 112 193 162 31 115 9 153 179 75 171 181 43 169 25 27 92 173 3 50 167 55 129 66 53 117 151 73 51 26 164 197 165 61 21 79 147 152 83 102 163 97 70 111 185 183 150 88 90 65 18 105 192 14 81 123 161 157 140 154 120 15 17 196 132 99 188 23 56 44 6 54 170 98 84 195 138 176 2 128 113 174 37 72 187 124 33 199 59 49 46 87 34 134 47 76 137 155 11 177 62 160 45 109 190 131 186 116 63 139 107 126 93 5 22 67 0 136 86 172 94 89 119 10
20 32 184 78 95 42 7 68 133 85 180 158 35 135 100 144 141 130 10 119 89 94 172 86 136 0 67 22 5 93 126 107 139 63 116 186 131 190 109 160 45 34 134 87 46 72 37 174 113 128 2 176 195 84 98 187 124 33 199 59 49 47 76 137 155 11 62 177 182 24 8 149 28 121 30 166 40 175 194 39 74 191 1 64 142 148 69 146 103 41 106 159 181 171 57 77 75 179 153 9 82 156 13 91 125 193 112 12 143 110 115 31 162 54 170 6 44 56 23 188 99 132 196 138 154 140 157 161 120 15 17 123 81 14 192 105 18 65 90 88 150 183 185 111 70 97 163 102 83 152 147 79 21 61 165 197 164 26 51 117 53 129 55 167 50 66 3 173 151 73 92 27 43 169 25 29 16 178 127 122 52 19 114 71 48 189 38 118 101 96 108 80 36 58 104 198 168 60 145 4
6 44 56 23 188 99 132 196 138 154 140 157 161 120 15 17 123 81 14 192 18 65 90 88 150 183 185 111 70 97 163 102 83 152 127 122 178 147 197 164 26 51 73 151 117 53 66 129 55 105 167 50 3 173 92 165 61 21 79 29 16 52 19 114 43 169 25 27 179 75 77 57 171 181 41 106 103 159 71 48 189 38 118 108 96 101 146 69 148 142 191 1 64 156 13 91 125 193 112 12 143 110 82 9 153 115 31 162 47 76 137 155 11 62 160 45 109 93 5 22 67 86 136 0 28 121 149 8 182 177 24 30 166 40 175 194 39 74 95 78 184 32 20 60 168 198 80 104 36 58 145 4 7 68 42 85 133 180 158 35 135 100 144 141 130 10 119 89 172 94 139 63 126 107 116 186 131 190 34 134 87 46 72 37 174 113 128 2 176 195 84 98 187 33 49 199 59 124 170 54
155 11 177 62 160 45 109 190 131 34 87 46 134 137 76 47 54 6 170 98 84 187 124 59 199 49 33 72 37 174 113 128 2 176 195 138 196 132 154 140 157 161 120 15 17 123 81 14 192 99 188 23 44 56 50 167 66 53 129 55 105 18 65 90 88 150 183 185 111 102 152 83 163 97 147 127 122 178 16 29 52 19 114 159 71 48 189 103 106 41 181 27 43 169 25 79 21 61 165 197 164 70 26 51 73 117 151 92 153 9 179 75 171 57 77 82 110 143 156 13 64 1 191 39 175 40 194 74 95 78 184 32 20 96 101 148 142 69 146 118 38 108 80 104 36 58 198 168 60 145 4 7 68 42 85 133 180 158 35 100 135 130 119 89 172 94 139 63 116 186 107 126 93 5 22 67 86 136 0 10 141 144 28 149 8 182 24 121 30 166 91 125 193 112 12 115 173 3 31 162
176 2 128 113 174 37 72 46 87 134 34 131 190 109 45 160 62 177 11 155 137 76 47 49 59 199 33 124 187 84 98 170 54 162 31 12 143 112 193 125 91 13 156 64 1 191 142 39 194 175 40 166 30 28 121 24 182 8 149 0 136 86 67 22 5 93 126 107 186 116 63 139 94 172 89 119 10 130 141 144 100 135 35 158 180 85 133 68 7 42 95 74 78 184 32 20 4 145 60 168 198 58 36 104 80 38 118 108 96 101 148 69 146 103 106 41 77 57 171 181 27 43 169 25 29 16 52 19 114 159 189 48 71 127 122 178 147 152 83 102 163 97 79 21 61 165 92 153 179 75 9 82 110 115 173 151 117 73 51 26 164 197 70 111 185 183 150 88 90 65 18 105 55 129 53 66 3 167 50 6 44 56 23 188 99 192 14 81 123 17 15 120 161 157 140 154 132 196 138 195
161 157 140 154 138 196 132 99 188 23 56 50 167 55 129 66 53 117 151 173 92 153 9 75 179 181 27 25 169 43 159 103 106 41 171 57 77 82 110 115 3 54 6 44 170 98 84 124 59 199 49 33 187 195 176 2 128 113 174 37 72 46 87 134 34 131 190 126 107 186 116 63 139 94 172 89 119 10 130 141 144 100 135 35 158 180 85 133 68 7 42 4 145 58 36 104 80 198 168 60 20 32 184 78 95 74 39 194 175 40 166 30 28 121 24 182 8 149 0 136 86 67 22 5 93 109 45 160 62 177 11 155 137 76 47 162 31 12 143 112 193 125 91 13 156 64 1 191 142 148 69 146 101 96 108 118 38 189 48 71 114 19 52 16 29 79 21 61 165 197 164 73 51 26 70 97 147 178 122 127 152 83 102 163 111 185 183 150 88 90 65 18 105 192 14 81 123 17 15 120
119 10 141 28 121 149 8 109 93 5 22 67 0 136 86 89 172 94 139 63 126 107 116 186 131 190 34 87 72 46 134 45 160 62 137 76 49 59 199 33 124 187 174 37 113 128 2 176 138 195 84 98 170 54 6 44 56 23 188 99 132 196 154 140 157 161 120 15 17 123 81 14 192 18 65 90 88 150 183 185 111 70 97 163 102 83 152 127 122 178 147 197 164 26 51 73 151 117 53 66 129 55 105 167 50 3 173 92 165 61 21 79 29 16 52 19 114 43 169 25 27 179 75 77 57 171 181 41 106 103 159 71 48 189 38 118 108 96 101 146 69 148 142 191 1 64 156 13 91 125 193 112 12 143 110 82 9 153 115 31 162 47 155 11 177 182 24 30 166 40 175 194 39 74 95 78 184 32 20 60 168 198 80 104 36 58 145 4 7 68 42 85 133 180 158 35 135 100 144 130
184 20 32 42 68 7 4 145 60 168 198 58 36 104 80 108 96 101 148 69 146 118 38 103 189 48 71 159 114 19 52 178 122 127 152 83 102 163 97 147 16 29 79 21 61 165 92 25 169 43 27 181 106 41 77 57 171 75 179 153 9 82 156 13 110 115 173 3 50 167 55 129 66 53 117 151 73 51 26 164 197 70 111 185 183 150 88 90 65 18 105 192 14 81 123 161 157 140 154 120 15 17 196 132 99 188 23 56 44 6 170 54 162 31 12 143 112 193 125 91 24 182 8 149 109 45 160 62 177 11 155 137 76 47 49 59 199 33 124 187 98 84 195 138 176 2 128 113 174 37 72 46 87 134 34 190 131 186 116 63 94 172 139 107 126 93 5 22 67 0 136 86 89 119 10 130 141 144 28 121 30 166 39 1 64 191 142 194 175 40 100 135 35 158 180 133 85 74 95 78
101 148 142 69 146 103 106 41 181 27 43 169 25 29 16 52 19 114 159 189 48 71 127 122 178 147 152 83 102 163 97 79 21 61 165 92 173 3 50 167 55 129 66 53 117 151 73 51 26 164 197 70 111 185 183 150 88 90 65 18 105 192 14 81 123 161 157 140 154 120 15 17 196 132 99 188 23 56 44 6 170 54 115 31 162 47 76 137 49 59 199 33 124 187 98 84 195 138 176 2 128 113 174 37 72 46 87 134 34 131 190 109 45 160 62 155 11 177 182 24 8 149 22 5 93 126 107 186 116 63 139 94 172 67 0 136 86 89 119 10 130 141 144 28 121 30 166 91 125 193 112 12 143 110 9 153 179 75 171 57 77 82 156 13 64 1 191 74 39 194 175 40 100 135 35 158 180 85 133 68 7 42 95 78 184 32 20 4 145 60 168 58 36 104 80 198 96 108 38 118
161 157 140 154 138 196 132 99 188 23 56 50 167 55 129 66 53 117 151 173 92 153 9 75 179 181 27 25 169 43 159 103 106 41 171 57 77 82 110 115 3 54 6 44 170 98 84 124 59 199 49 33 187 195 176 2 128 113 174 37 72 46 87 134 34 131 190 126 107 186 116 63 139 94 172 89 119 10 130 141 144 100 135 35 158 180 85 133 68 7 42 4 145 58 36 104 80 198 168 60 20 32 184 78 95 74 39 194 175 40 166 30 28 121 24 182 8 149 0 136 86 67 22 5 93 109 45 160 62 177 11 155 137 76 47 162 31 12 143 112 193 125 91 13 156 64 1 191 142 148 69 146 101 96 108 118 38 189 48 71 114 19 52 16 29 79 21 61 165 197 164 73 51 26 70 97 147 178 122 127 152 83 102 163 111 185 183 150 88 90 65 18 105 192 14 81 123 17 15 120
26 164 73 151 66 3 6 170 98 84 187 124 59 199 49 33 174 113 195 176 2 128 37 72 46 87 134 34 190 131 186 116 107 126 63 139 94 172 89 119 10 130 141 144 100 135 35 158 180 133 85 42 68 7 4 145 58 36 104 80 198 168 60 20 32 184 78 95 74 39 194 175 40 166 30 24 177 182 8 149 121 28 0 136 86 67 22 5 93 109 45 160 62 11 155 137 76 47 54 162 31 12 143 112 193 125 91 13 156 64 1 191 142 148 69 146 101 96 108 38 118 103 41 106 159 189 48 71 114 43 169 25 27 181 171 57 77 75 179 153 9 82 110 115 173 92 197 165 61 21 79 29 16 19 52 178 122 127 152 83 102 163 97 147 70 111 185 183 150 88 90 65 18 105 192 14 81 123 17 15 120 161 157 140 154 138 196 132 99 188 23 44 56 50 167 55 129 53 117 51
46 134 45 160 62 137 76 49 59 199 33 124 187 174 37 113 128 2 176 138 195 84 98 170 54 6 44 56 23 188 99 132 196 154 140 157 161 120 15 17 123 81 14 192 18 65 90 88 150 183 185 111 70 97 163 102 83 152 127 122 178 147 197 164 26 51 73 151 117 53 66 129 55 105 167 50 3 173 92 165 61 21 79 29 16 52 19 114 43 169 25 27 179 75 77 57 171 181 41 106 103 159 71 48 189 38 118 108 96 101 146 69 148 142 191 1 64 156 13 91 125 193 112 12 143 110 82 9 153 115 31 162 47 155 11 177 182 24 30 166 175 194 39 74 95 78 184 32 20 60 168 198 80 104 36 58 145 4 42 7 68 133 85 180 158 35 40 100 135 130 10 119 89 86 136 0 67 172 94 139 63 116 186 107 126 93 5 22 141 144 28 121 149 8 109 190 131 34 87 72
8 149 109 45 160 62 177 11 155 137 76 162 31 12 143 112 193 125 91 13 156 64 1 191 142 148 69 146 101 96 108 118 38 189 48 71 127 122 178 16 29 52 19 114 159 103 106 41 57 77 82 110 115 9 153 179 75 171 181 43 169 25 27 92 173 3 50 167 55 129 66 53 117 151 73 51 26 164 197 165 61 21 79 147 152 83 102 163 97 70 111 185 183 150 88 90 65 18 105 192 14 81 123 161 157 140 154 120 15 17 196 132 99 188 23 56 44 6 54 170 98 84 195 138 176 2 128 113 37 174 187 124 47 49 59 199 33 72 46 87 134 34 190 131 186 116 63 94 172 139 107 126 93 5 22 67 0 136 86 89 119 10 130 141 28 144 135 35 158 68 7 42 4 145 58 36 104 80 198 168 60 20 32 184 78 95 74 85 133 180 194 39 175 40 100 166 30 121 24 182
28 121 30 24 182 8 149 160 45 109 93 5 22 141 130 10 119 89 86 136 0 67 172 94 139 63 116 186 107 126 190 131 34 134 87 46 72 37 174 113 128 2 176 195 84 98 187 124 33 199 59 49 47 76 137 62 177 11 155 162 31 54 170 6 44 56 23 188 99 132 196 138 154 140 157 161 120 15 17 123 81 14 192 18 65 90 88 105 55 129 167 50 3 66 53 150 183 185 111 70 197 164 26 51 73 117 151 173 115 110 143 12 112 193 125 91 166 40 175 194 39 74 78 184 32 20 96 101 146 69 148 142 191 1 64 13 156 82 9 153 179 75 171 57 77 41 106 181 27 43 169 25 92 165 61 21 79 147 97 163 102 83 152 127 122 178 16 29 52 19 114 159 71 48 189 103 118 38 108 80 104 36 58 198 168 60 145 4 7 68 42 95 85 133 180 158 35 135 100 144
154 140 157 161 192 18 65 90 88 150 183 185 111 70 26 164 197 165 61 21 79 147 97 163 102 83 152 127 122 178 16 29 52 19 114 71 48 189 38 118 108 96 101 146 69 148 142 191 1 64 13 156 82 77 57 103 41 106 159 43 169 25 27 181 171 75 179 9 153 92 173 115 110 143 12 112 91 125 193 155 11 177 62 160 45 109 93 5 22 149 8 182 24 121 28 30 166 40 175 194 39 74 95 78 184 32 20 60 168 198 80 104 36 58 145 4 7 68 42 85 133 180 158 35 135 100 144 141 130 10 119 89 86 136 0 67 172 94 139 63 116 186 107 126 190 131 34 134 87 46 137 76 47 162 31 54 6 170 98 84 195 187 124 59 199 49 33 72 37 174 113 128 2 176 138 196 132 99 188 23 44 56 50 167 3 151 73 51 117 53 66 129 55 105 14 81 123 17 15 120
195 84 98 187 124 33 199 59 49 47 76 137 155 11 177 62 160 45 109 190 131 34 134 87 46 72 37 174 113 128 2 176 138 154 140 157 120 15 17 161 123 81 14 192 18 65 90 88 105 55 129 167 50 3 66 53 150 183 185 111 70 197 164 26 51 73 117 151 173 115 110 82 9 153 179 75 171 57 77 41 106 181 27 43 169 25 92 165 61 21 79 147 97 163 102 83 152 127 122 178 16 29 52 19 114 159 71 48 189 103 146 69 148 101 96 108 118 38 80 104 36 58 198 168 60 145 4 7 68 42 85 133 180 158 35 135 100 144 141 130 10 119 89 86 136 0 67 172 94 139 63 116 186 107 126 93 5 22 149 8 182 24 121 28 30 166 40 175 194 39 74 95 78 184 32 20 142 191 1 64 156 13 91 125 193 112 143 12 31 162 54 170 6 44 56 23 188 99 132 196
134 34 190 131 186 116 63 94 172 139 107 126 93 5 22 67 0 136 86 89 119 10 130 141 144 100 135 35 158 180 133 68 7 4 145 60 168 198 58 36 104 80 38 118 108 96 101 148 69 146 103 189 48 71 127 122 178 152 83 102 163 97 147 21 61 165 79 29 16 52 19 114 159 43 169 25 27 181 106 41 77 57 171 75 179 153 9 82 110 143 125 91 13 156 64 1 191 142 20 32 184 42 78 95 85 74 39 194 175 40 166 30 28 121 24 182 8 149 109 45 160 62 177 11 155 193 112 31 12 115 92 173 3 50 167 55 129 66 53 117 151 73 51 26 164 197 70 111 185 183 150 88 90 65 18 105 192 14 81 123 161 157 140 154 120 15 17 196 132 99 188 23 56 44 6 170 54 162 47 76 137 49 59 199 33 124 187 98 84 195 138 176 2 128 113 174 37 72 46 87
139 63 116 186 107 126 93 5 22 109 160 45 190 131 34 134 87 46 72 37 174 113 128 2 176 138 195 84 98 187 124 33 49 199 59 170 6 54 3 66 50 56 44 23 188 99 132 196 154 140 157 161 120 15 17 123 81 14 192 167 129 55 105 18 65 90 88 150 53 183 185 111 163 102 83 152 127 122 178 147 97 70 197 164 26 51 73 117 151 173 115 31 162 47 76 137 62 177 11 155 193 112 12 143 110 82 9 153 179 75 171 57 77 41 106 181 27 43 169 25 92 165 61 21 79 29 16 52 19 114 159 71 48 189 103 146 69 148 101 96 108 118 38 80 104 36 58 198 168 60 145 4 20 32 184 42 7 68 133 85 180 158 35 135 100 40 175 194 39 74 95 78 142 191 1 64 156 13 91 125 166 30 24 182 8 149 121 28 144 141 130 10 119 89 86 136 0 67 172 94
37 174 113 128 2 176 138 195 84 98 132 196 154 140 157 161 120 15 17 123 81 14 192 99 188 23 44 56 50 167 105 18 65 90 88 150 183 53 129 55 66 3 6 170 54 162 31 12 143 112 193 125 91 13 156 64 1 191 142 148 69 146 103 106 41 77 57 171 75 179 153 9 82 110 115 173 151 117 73 197 164 26 51 185 111 70 97 163 102 83 152 147 79 21 61 165 92 25 169 27 181 43 29 16 178 127 122 52 19 114 159 71 48 189 38 118 108 101 96 80 36 58 104 198 168 60 145 4 20 32 184 78 95 42 7 68 133 85 180 158 35 135 100 74 39 194 175 40 166 30 24 182 8 149 121 28 144 141 130 10 119 89 86 136 0 67 22 5 93 109 160 62 177 11 155 47 76 137 45 190 131 107 126 172 94 139 63 116 186 34 134 87 46 49 59 199 33 124 187 72
8 149 109 45 160 62 177 11 155 137 76 162 31 12 143 112 193 125 91 13 156 64 1 191 142 148 69 146 101 96 108 118 38 189 48 71 127 122 178 16 29 52 19 114 159 103 106 41 57 77 82 110 115 9 153 179 75 171 181 43 169 25 27 92 173 3 50 167 55 129 66 53 117 151 73 51 26 164 197 165 61 21 79 147 152 83 102 163 97 70 111 185 183 150 88 90 65 18 105 192 14 81 123 161 157 140 154 120 15 17 196 132 99 188 23 56 44 6 54 170 98 84 195 138 176 2 128 113 37 174 187 124 47 49 59 199 33 72 46 87 134 34 190 131 186 116 63 94 172 139 107 126 93 5 22 67 0 136 86 89 119 10 130 141 28 144 135 35 158 68 7 42 4 145 58 36 104 80 198 168 60 20 32 184 78 95 74 85 133 180 194 39 175 40 100 166 30 121 24 182
142 148 101 96 108 80 36 58 104 198 168 60 145 4 20 32 184 78 95 42 7 68 133 85 74 180 158 35 135 100 144 28 121 149 8 182 24 30 166 40 175 194 39 191 1 64 156 13 91 125 193 112 143 12 31 162 47 76 137 155 11 177 62 160 45 109 93 5 22 141 130 10 119 89 86 136 0 67 172 94 139 63 116 186 107 126 190 131 34 134 87 46 72 37 174 113 128 2 176 195 33 49 199 59 124 187 84 98 170 6 54 3 151 73 197 164 26 51 117 53 66 129 55 167 50 56 44 23 188 99 132 196 138 154 140 157 161 120 15 17 123 81 14 192 105 18 65 90 88 150 183 185 111 70 97 163 102 83 152 147 178 127 122 52 19 16 29 79 21 61 165 92 173 115 110 82 9 153 179 75 77 57 171 181 27 25 169 43 114 71 48 189 38 118 159 106 41 103 146 69
96 108 38 118 101 148 142 69 146 103 106 41 181 27 43 169 25 29 16 52 19 114 159 189 48 71 127 122 178 147 152 83 102 163 97 79 21 61 165 92 173 3 50 167 55 129 66 53 117 151 73 51 26 164 197 70 111 185 183 150 88 90 65 18 105 192 14 81 123 161 157 140 154 120 15 17 196 132 99 188 23 56 44 6 170 54 115 31 162 47 76 137 49 59 199 33 124 187 98 84 195 138 176 2 128 113 174 37 72 46 87 134 34 131 190 109 45 160 62 155 11 177 182 24 8 149 22 5 93 126 107 186 116 63 139 94 172 67 0 136 86 89 119 10 130 141 144 28 121 30 166 91 125 193 112 12 143 110 9 153 179 75 171 57 77 82 156 13 64 1 191 74 39 194 175 40 100 135 35 158 180 85 133 68 7 42 95 78 184 32 20 4 145 60 168 58 36 104 80 198
125 91 166 30 24 149 8 182 177 11 155 193 162 47 124 187 33 199 59 49 76 137 62 160 45 109 93 5 22 67 86 136 0 10 130 119 89 172 94 139 63 116 186 107 126 190 131 34 134 87 46 72 37 174 113 128 2 176 138 195 84 98 170 54 6 44 56 23 188 99 132 196 154 140 157 161 120 15 17 123 81 14 192 18 65 90 88 150 183 185 111 26 51 117 53 66 129 55 105 167 50 3 31 115 173 151 73 197 164 70 97 163 102 83 152 147 79 21 61 165 92 25 169 43 27 181 41 106 159 114 19 52 29 16 178 122 127 71 48 189 103 146 69 148 101 96 108 118 38 80 104 36 58 198 168 60 145 4 7 68 42 95 85 133 180 158 35 135 141 28 121 144 100 40 175 194 39 74 78 184 32 20 142 191 1 64 13 156 77 57 171 75 179 153 9 82 110 143 12 112
179 153 9 75 171 57 77 41 106 103 146 69 148 101 96 108 118 38 80 104 36 58 198 168 60 145 4 7 68 133 180 158 35 135 100 144 121 28 141 130 10 0 67 136 86 119 89 172 94 139 63 116 186 107 126 93 5 22 160 45 109 190 131 34 134 87 46 72 33 49 137 76 155 11 62 177 182 8 149 24 30 166 40 175 194 39 74 85 95 78 42 184 32 20 142 191 1 64 13 156 82 115 110 143 91 125 193 112 12 31 162 47 59 199 124 187 174 37 113 128 2 176 138 195 84 98 170 54 6 44 56 23 188 99 132 196 154 140 157 161 120 15 17 123 81 14 192 18 65 90 88 150 183 185 111 26 51 117 53 66 129 55 105 167 50 3 173 151 73 197 164 70 97 163 102 83 152 147 178 122 127 71 48 189 159 114 19 52 16 29 79 21 61 165 92 25 169 43 27 181
177 182 8 149 141 144 28 121 24 30 166 175 194 40 100 135 35 158 180 85 133 68 7 42 184 32 20 4 145 60 168 198 58 36 104 80 108 38 118 103 146 69 101 96 148 142 78 95 74 39 191 1 64 13 156 82 9 153 179 75 171 57 77 41 106 181 27 43 169 25 92 165 61 21 79 29 16 52 19 114 159 189 48 71 127 122 178 147 97 83 152 102 163 111 185 183 150 88 90 65 18 192 14 81 123 17 15 120 161 157 140 154 176 138 196 132 188 99 105 167 50 23 56 44 6 170 54 162 31 3 66 55 129 53 117 51 26 70 164 197 73 151 173 115 110 143 12 112 91 125 193 155 11 137 76 47 49 59 199 33 124 187 98 84 195 2 128 113 174 37 72 46 87 134 34 190 131 186 116 107 126 63 139 94 172 89 119 130 10 0 136 86 67 22 5 93 109 45 160 62
121 28 144 100 135 35 158 180 85 133 68 7 42 4 145 58 36 104 80 198 168 60 20 32 184 78 95 74 39 194 175 40 166 125 91 13 156 64 1 191 142 148 69 146 101 96 108 118 38 189 48 71 127 122 178 16 29 52 19 114 159 103 106 41 57 77 82 110 143 12 112 193 162 31 115 9 153 179 75 171 181 43 169 25 27 92 173 3 50 167 55 129 66 53 117 151 73 51 26 164 197 165 61 21 79 147 152 83 102 163 97 70 111 185 183 150 88 90 65 18 105 192 14 81 123 161 157 140 154 120 15 17 196 132 99 188 23 56 44 6 54 170 98 84 195 138 176 2 128 113 174 37 72 187 124 33 199 59 49 46 87 134 34 186 116 63 139 107 126 172 94 89 119 130 141 10 0 136 86 67 22 5 93 109 190 131 45 137 76 47 155 11 177 62 160 149 8 182 24 30
42 184 32 20 60 145 4 7 68 133 85 180 158 35 135 100 40 175 194 39 91 125 193 112 143 110 12 31 162 124 187 33 199 59 49 47 76 137 155 11 177 62 160 45 109 107 126 86 136 0 67 22 93 5 149 8 182 24 166 30 121 28 144 141 130 10 119 89 172 94 139 63 116 186 131 190 34 134 87 46 72 37 174 113 128 2 176 138 195 84 98 170 54 6 44 56 23 188 99 132 196 154 140 157 161 120 15 17 123 81 14 192 18 65 90 88 150 183 185 111 26 164 51 117 53 66 129 55 105 167 50 3 115 173 151 73 197 70 97 163 102 83 152 147 178 122 127 71 48 189 38 118 108 80 104 36 58 168 198 96 101 148 142 69 146 103 159 114 19 52 16 29 79 21 61 165 92 25 169 43 27 181 106 41 77 57 171 75 179 153 9 82 156 13 64 1 191 74 95 78
84 98 187 124 59 199 49 33 72 37 174 113 128 2 176 154 140 157 161 120 15 17 123 81 14 192 18 65 90 88 150 183 185 111 70 97 163 102 83 152 147 79 21 61 165 197 164 26 51 73 117 151 92 153 179 171 57 77 75 9 82 110 143 112 193 125 91 13 156 64 1 191 142 148 69 146 103 106 41 181 27 43 169 25 29 16 178 127 122 52 19 114 159 71 48 189 38 118 108 101 96 80 36 58 104 198 168 60 145 4 20 32 184 78 95 42 7 68 133 85 180 158 35 135 100 74 39 194 175 40 166 30 24 182 8 149 121 28 144 141 130 10 119 89 86 136 0 67 22 5 93 107 126 172 94 139 63 116 186 34 87 46 134 131 190 109 45 160 62 177 11 155 137 76 47 162 31 12 115 173 3 54 170 6 66 53 129 55 105 167 50 56 44 23 188 99 132 196 138 195
185 183 150 88 90 65 18 105 192 14 81 123 161 157 140 154 120 15 17 196 132 99 188 23 56 44 6 170 98 84 195 138 176 2 128 113 37 174 187 124 59 199 49 33 72 46 87 134 34 131 190 109 45 160 22 5 93 126 107 186 116 63 139 94 172 67 0 136 86 89 119 10 130 141 144 100 135 35 158 180 85 133 68 7 42 4 145 58 36 104 80 198 168 60 20 32 184 78 95 74 39 194 175 40 166 30 121 28 149 8 24 182 177 11 155 62 137 76 47 54 162 31 12 143 112 193 125 91 13 156 64 1 191 142 148 69 146 101 96 108 118 38 189 48 71 114 19 52 122 127 178 16 29 79 21 147 152 83 102 163 97 61 165 197 92 153 9 75 179 181 27 25 169 43 159 103 106 41 171 57 77 82 110 115 173 3 66 50 167 55 129 53 117 151 73 51 26 164 70 111
130 141 144 135 35 158 180 85 133 68 7 42 4 145 58 36 104 80 198 168 60 20 32 184 78 95 74 39 194 175 40 100 28 121 149 8 182 24 30 166 125 91 13 156 64 1 191 142 148 69 146 101 96 108 118 38 189 48 71 127 122 178 16 29 52 19 114 159 103 106 41 57 77 82 110 143 12 112 193 162 31 115 9 153 179 75 171 181 43 169 25 27 92 173 3 50 167 55 129 66 53 117 151 73 51 26 164 197 165 61 21 79 147 152 83 102 163 97 70 111 185 183 150 88 90 65 18 105 192 14 81 123 161 157 140 154 120 15 17 196 132 99 188 23 56 44 6 54 170 98 84 195 138 176 2 128 113 174 37 72 187 124 33 199 59 49 46 87 34 134 47 76 137 155 11 177 62 160 45 109 190 131 186 116 63 139 107 126 93 5 22 67 0 136 86 172 94 89 119 10
197 165 61 97 163 102 83 152 127 122 178 147 21 79 29 16 52 19 114 71 48 189 38 118 108 96 101 146 69 148 142 64 1 191 74 95 78 184 32 20 60 168 198 80 104 36 58 145 4 42 7 68 133 85 180 158 35 135 100 40 194 39 175 166 30 144 141 130 10 119 89 94 172 86 136 0 67 126 107 139 63 116 186 131 190 34 87 46 134 45 160 109 93 5 22 149 8 28 121 24 182 177 11 155 62 137 76 47 162 31 12 143 112 193 125 91 13 156 110 115 82 77 57 103 41 106 159 43 169 25 27 181 171 75 179 9 153 92 73 117 151 173 3 54 6 170 98 84 187 124 59 199 49 33 72 37 174 113 128 2 176 195 138 196 132 154 140 157 161 120 15 17 123 81 14 192 99 188 23 44 56 50 167 66 53 129 55 105 18 65 90 88 150 183 185 111 70 26 51 164
153 9 75 171 57 77 41 106 103 146 69 148 101 96 108 118 38 80 104 36 58 198 168 60 145 4 7 68 133 180 158 35 135 100 144 121 28 141 130 10 0 67 136 86 119 89 172 94 139 63 116 186 107 126 93 5 22 160 45 109 190 131 34 134 87 46 72 33 49 137 76 155 11 62 177 182 8 149 24 30 166 40 175 194 39 74 85 95 78 42 184 32 20 142 191 1 64 13 156 82 115 110 143 91 125 193 112 12 31 162 47 59 199 124 187 174 37 113 128 2 176 138 195 84 98 170 54 6 44 56 23 188 99 132 196 154 140 157 161 120 15 17 123 81 14 192 18 65 90 88 150 183 185 111 26 51 117 53 66 129 55 105 167 50 3 173 151 73 197 164 70 97 163 102 83 152 147 178 122 127 71 48 189 159 114 19 52 16 29 79 21 61 165 92 25 169 43 27 181 179
152 83 102 163 97 70 111 185 183 150 88 90 65 18 105 192 14 81 123 161 157 140 154 120 15 17 196 132 99 188 23 44 56 50 167 55 129 53 66 3 54 6 170 98 84 195 138 176 2 128 113 174 37 72 33 187 124 59 199 49 46 87 134 34 131 190 126 107 186 116 63 139 94 172 89 119 10 130 141 144 100 135 35 158 180 85 133 68 7 42 4 145 58 36 104 80 198 168 60 20 32 184 78 95 74 39 194 175 40 166 30 28 121 24 182 8 149 0 136 86 67 22 5 93 109 45 160 62 177 11 155 137 76 47 162 31 12 143 112 193 125 91 13 156 64 1 191 142 148 69 146 101 96 108 118 38 189 48 71 159 103 106 41 171 57 77 82 110 115 173 151 117 73 51 26 164 197 61 165 92 153 9 75 179 181 27 25 169 43 114 19 52 16 29 79 21 147 178 122 127
114 19 52 122 127 178 16 29 79 25 169 43 159 103 106 41 181 27 179 153 9 75 171 57 77 82 110 115 173 3 50 167 55 129 66 53 117 151 73 51 26 164 197 92 165 61 21 147 152 83 102 163 97 70 111 185 183 150 88 90 65 18 105 192 14 81 123 17 15 120 161 157 140 154 138 176 2 128 113 174 37 72 33 199 59 49 46 87 134 34 190 131 186 116 107 126 63 139 94 172 89 119 10 130 141 144 100 135 35 158 180 133 85 42 68 7 4 145 58 36 104 80 198 168 60 20 32 184 78 95 74 39 194 175 40 166 30 24 177 182 8 149 121 28 0 136 86 67 22 5 93 109 45 160 62 11 155 137 76 47 124 187 98 84 195 196 132 99 188 23 56 44 6 170 54 162 31 12 143 112 193 125 91 13 156 64 1 191 142 148 69 146 101 96 108 118 38 189 48 71
122 127 178 16 29 79 147 152 83 102 163 97 21 61 165 197 164 70 111 185 26 51 73 117 151 173 3 66 53 183 150 88 90 65 18 192 14 81 123 161 157 140 154 120 15 17 105 55 129 167 50 56 44 23 188 99 132 196 138 176 2 128 195 98 84 113 37 174 187 124 59 199 49 33 72 46 87 134 34 131 190 109 45 160 22 5 93 126 107 186 116 63 139 94 172 67 0 136 86 89 119 10 130 141 144 100 135 35 158 180 85 133 68 7 42 4 145 58 36 104 80 198 168 60 20 32 184 78 95 74 39 194 175 40 166 30 121 28 149 8 24 182 177 11 155 62 137 76 47 170 6 54 162 31 115 92 25 169 43 159 103 106 41 181 27 171 57 77 75 179 153 9 82 110 143 12 112 193 125 91 13 156 64 1 191 142 148 69 146 101 96 108 118 38 189 48 71 114 19 52
121 28 144 100 135 35 158 180 85 133 68 7 42 4 145 58 36 104 80 198 168 60 20 32 184 78 95 74 39 194 175 40 166 125 91 13 156 64 1 191 142 148 69 146 101 96 108 118 38 189 48 71 127 122 178 16 29 52 19 114 159 103 106 41 57 77 82 110 143 12 112 193 162 31 115 9 153 179 75 171 181 43 169 25 27 92 173 3 50 167 55 129 66 53 117 151 73 51 26 164 197 165 61 21 79 147 152 83 102 163 97 70 111 185 183 150 88 90 65 18 105 192 14 81 123 161 157 140 154 120 15 17 196 132 99 188 23 56 44 6 54 170 98 84 195 138 176 2 128 113 174 37 72 187 124 33 199 59 49 46 87 134 34 186 116 63 139 107 126 172 94 89 119 130 141 10 0 136 86 67 22 5 93 109 190 131 45 137 76 47 155 11 177 62 160 149 8 182 24 30
195 84 98 187 124 33 199 59 49 47 76 137 155 11 177 62 160 45 109 190 131 34 134 87 46 72 37 174 113 128 2 176 138 154 140 157 120 15 17 161 123 81 14 192 18 65 90 88 105 55 129 167 50 3 66 53 150 183 185 111 70 197 164 26 51 73 117 151 173 115 110 82 9 153 179 75 171 57 77 41 106 181 27 43 169 25 92 165 61 21 79 147 97 163 102 83 152 127 122 178 16 29 52 19 114 159 71 48 189 103 146 69 148 101 96 108 118 38 80 104 36 58 198 168 60 145 4 7 68 42 85 133 180 158 35 135 100 144 141 130 10 119 89 86 136 0 67 172 94 139 63 116 186 107 126 93 5 22 149 8 182 24 121 28 30 166 40 175 194 39 74 95 78 184 32 20 142 191 1 64 156 13 91 125 193 112 143 12 31 162 54 170 6 44 56 23 188 99 132 196
48 71 114 43 169 25 92 165 61 21 79 29 16 19 52 178 122 127 152 83 102 163 97 147 70 111 185 183 150 88 90 65 18 105 192 14 81 123 161 157 140 154 120 15 17 196 132 99 188 23 44 56 50 167 55 129 53 117 51 26 164 197 73 151 173 3 66 6 170 54 115 31 162 47 49 199 59 124 187 98 84 195 138 176 2 128 113 174 37 72 33 46 87 134 34 131 190 109 45 137 76 155 11 177 62 160 149 8 182 24 30 121 28 22 5 93 126 107 186 116 63 139 94 172 67 0 136 86 89 119 10 130 141 144 100 135 35 158 133 68 7 42 85 180 40 166 175 194 39 74 95 78 184 32 20 4 145 60 168 198 58 36 104 80 38 103 118 108 96 101 146 69 148 142 191 1 64 156 13 91 125 193 112 12 143 110 82 77 57 171 75 9 153 179 27 181 41 106 159 189
106 41 103 189 48 71 127 122 178 16 29 52 19 114 43 169 25 92 173 3 115 31 162 54 6 170 98 84 124 59 199 49 33 187 195 138 196 132 99 188 23 44 56 50 167 55 129 66 53 117 151 73 51 26 164 197 165 61 21 79 147 152 83 102 163 97 70 111 185 183 150 88 90 65 18 105 192 14 81 123 161 157 140 154 120 17 15 176 2 128 113 174 37 72 46 87 34 134 47 76 137 155 11 62 160 45 109 190 131 186 116 63 139 94 172 126 107 93 5 22 67 0 136 86 89 119 10 130 141 144 28 121 149 8 182 177 24 30 166 40 175 194 39 74 100 135 35 158 180 85 133 68 7 42 95 78 184 32 20 4 145 60 168 198 104 58 36 80 38 118 108 96 101 146 69 148 142 191 1 64 156 13 91 125 193 112 12 143 110 82 77 57 171 75 9 153 179 27 181 159
77 57 171 75 179 9 153 92 165 61 21 79 147 152 83 102 163 97 70 111 185 183 150 88 90 65 18 192 14 81 123 161 157 140 154 120 15 17 105 55 129 53 117 51 26 164 197 73 151 173 3 66 167 50 56 44 23 188 99 132 196 138 176 2 128 195 98 84 113 37 174 187 124 59 199 49 33 72 46 87 134 34 131 190 109 45 160 22 5 93 126 107 186 116 63 139 94 172 67 0 136 86 89 119 10 130 141 144 100 135 35 158 180 85 133 68 7 42 4 145 58 36 104 80 198 168 60 20 32 184 78 95 74 39 194 175 40 166 30 121 28 149 8 24 182 177 11 155 62 137 76 47 170 6 54 162 31 115 82 110 143 12 112 193 125 91 13 156 64 1 191 142 148 69 146 101 96 108 118 38 189 48 71 127 122 178 16 29 52 19 114 43 169 25 27 181 159 106 41 103
171 57 77 82 110 143 12 112 193 125 91 13 156 64 1 191 142 148 69 146 101 96 108 118 38 189 48 71 127 122 178 16 29 52 19 114 159 103 106 41 181 43 169 25 27 92 165 61 21 79 147 152 83 102 163 97 70 111 185 183 150 88 90 65 18 192 14 81 123 161 157 140 154 120 15 17 105 55 129 53 117 51 26 164 197 73 151 173 3 66 167 50 56 44 23 188 99 132 196 138 176 2 128 195 98 84 113 37 174 187 124 59 199 49 33 72 46 87 134 34 131 190 109 45 160 22 5 93 126 107 186 116 63 139 94 172 67 0 136 86 89 119 10 130 141 144 100 135 35 158 180 85 133 68 7 42 4 145 58 36 104 80 198 168 60 20 32 184 78 95 74 39 194 175 40 166 30 121 28 149 8 24 182 177 11 155 62 137 76 47 170 6 54 162 31 115 9 153 179 75
184 20 32 42 68 7 4 145 60 168 198 58 36 104 80 108 96 101 148 69 146 118 38 103 189 48 71 159 114 19 52 178 122 127 152 83 102 163 97 147 16 29 79 21 61 165 92 25 169 43 27 181 106 41 77 57 171 75 179 153 9 82 156 13 110 115 173 3 50 167 55 129 66 53 117 151 73 51 26 164 197 70 111 185 183 150 88 90 65 18 105 192 14 81 123 161 157 140 154 120 15 17 196 132 99 188 23 56 44 6 170 54 162 31 12 143 112 193 125 91 24 182 8 149 109 45 160 62 177 11 155 137 76 47 49 59 199 33 124 187 98 84 195 138 176 2 128 113 174 37 72 46 87 134 34 190 131 186 116 63 94 172 139 107 126 93 5 22 67 0 136 86 89 119 10 130 141 144 28 121 30 166 39 1 64 191 142 194 175 40 100 135 35 158 180 133 85 74 95 78
147 79 21 61 165 197 164 26 51 73 151 117 53 129 55 167 50 66 3 173 115 31 162 155 11 177 182 24 8 149 28 121 30 166 91 125 193 112 12 143 110 82 77 57 171 41 106 181 27 179 75 9 153 92 25 169 43 159 71 48 189 103 146 69 148 142 191 1 64 156 13 39 194 74 78 184 32 20 101 96 108 118 38 80 104 36 58 198 168 60 145 4 7 68 42 95 85 133 180 158 35 175 40 100 135 144 141 130 10 0 67 136 86 119 89 172 94 139 63 126 22 5 93 107 116 186 34 87 46 134 131 190 109 45 160 62 137 76 47 54 170 6 44 56 23 188 99 132 196 195 84 98 187 124 59 199 49 33 72 37 174 113 128 2 176 138 154 140 157 161 120 15 17 123 81 14 192 105 18 65 90 88 150 183 185 111 70 97 163 102 83 152 127 122 178 52 19 114 29 16
133 158 35 180 85 74 39 194 175 40 100 135 144 141 130 10 0 67 136 86 119 89 172 94 139 63 116 186 107 126 93 5 22 109 190 131 34 134 87 46 72 33 49 199 59 124 187 174 37 113 128 2 176 138 195 84 98 170 54 6 44 56 23 188 99 132 196 154 140 157 161 120 15 17 123 81 14 192 18 65 90 88 150 183 185 111 26 164 51 117 53 66 129 55 105 167 50 3 31 162 47 76 137 45 160 149 8 62 155 11 177 182 24 121 28 30 166 91 125 193 112 12 143 110 115 173 151 73 197 70 97 163 102 83 152 147 178 122 127 71 48 189 103 159 114 19 52 16 29 79 21 61 165 92 25 169 43 27 181 106 41 77 57 171 75 179 153 9 82 156 13 64 1 191 142 148 69 146 101 96 118 38 108 80 104 36 58 198 168 60 145 4 20 32 184 78 95 42 7 68
167 55 129 53 117 151 73 51 26 164 197 165 61 21 79 147 152 83 102 163 97 70 111 185 183 150 88 90 65 18 105 192 14 81 123 17 15 120 161 157 140 154 176 138 196 132 99 188 23 50 56 44 6 54 170 98 84 195 2 128 113 37 174 187 124 59 199 49 33 72 46 87 134 34 131 190 109 45 160 22 5 93 126 107 186 116 63 139 94 172 67 0 136 86 89 119 10 130 141 144 100 135 35 158 180 85 133 68 7 42 4 145 58 36 104 80 198 168 60 20 32 184 78 95 74 39 194 175 40 166 30 121 28 149 8 24 182 177 11 155 62 137 76 47 162 31 12 143 112 193 125 91 13 156 64 1 191 142 148 69 146 101 96 108 118 38 189 48 71 127 122 178 16 29 52 19 114 159 103 41 106 43 169 25 27 181 171 57 77 75 179 153 9 82 110 115 92 173 3 66
79 147 152 83 102 163 97 21 61 165 197 164 70 111 185 26 51 73 117 151 3 66 53 183 150 88 90 65 18 192 14 81 123 161 157 140 154 120 15 17 105 55 129 167 50 56 44 23 188 99 132 196 138 176 2 128 195 98 84 113 37 174 187 124 59 199 49 33 72 46 87 134 34 131 190 109 45 160 22 5 93 126 107 186 116 63 139 94 172 67 0 136 86 89 119 10 130 141 144 100 135 35 158 180 85 133 68 7 42 4 145 58 36 104 80 198 168 60 20 32 184 78 95 74 39 194 175 40 166 30 121 28 149 8 24 182 177 11 155 62 137 76 47 170 6 54 162 31 12 143 112 193 125 91 13 156 64 1 191 142 148 69 146 101 96 108 118 38 189 48 71 159 103 106 41 171 57 77 82 110 115 173 92 153 9 75 179 181 27 25 169 43 114 19 52 122 127 178 16 29
90 88 150 183 185 111 70 164 26 51 73 151 117 53 129 55 66 3 173 115 12 143 110 82 77 57 103 41 106 159 43 169 25 27 181 171 75 179 9 153 92 197 165 61 21 79 147 97 163 102 83 152 127 122 178 16 29 52 19 114 71 48 189 38 118 108 96 101 146 69 148 142 191 1 64 156 13 91 125 193 112 31 162 54 170 6 44 56 50 167 23 188 99 132 196 195 84 98 187 124 33 199 59 49 47 76 137 155 11 62 160 45 109 93 5 22 67 86 136 0 28 121 149 8 182 177 24 30 166 40 175 194 39 74 95 78 184 32 20 60 168 198 80 104 36 58 145 4 7 68 42 85 133 180 158 35 135 100 144 141 130 10 119 89 172 94 139 63 126 107 116 186 131 190 34 134 87 46 72 37 174 113 128 2 176 138 154 140 157 161 120 15 17 123 81 14 192 105 18 65
161 157 140 154 138 196 132 99 188 23 56 50 167 55 129 66 53 117 151 173 92 153 9 75 179 181 27 25 169 43 159 103 106 41 171 57 77 82 110 115 3 54 6 44 170 98 84 124 59 199 49 33 187 195 176 2 128 113 174 37 72 46 87 134 34 131 190 126 107 186 116 63 139 94 172 89 119 10 130 141 144 100 135 35 158 180 85 133 68 7 42 4 145 58 36 104 80 198 168 60 20 32 184 78 95 74 39 194 175 40 166 30 28 121 24 182 8 149 0 136 86 67 22 5 93 109 45 160 62 177 11 155 137 76 47 162 31 12 143 112 193 125 91 13 156 64 1 191 142 148 69 146 101 96 108 118 38 189 48 71 114 19 52 16 29 79 21 61 165 197 164 73 51 26 70 97 147 178 122 127 152 83 102 163 111 185 183 150 88 90 65 18 105 192 14 81 123 17 15 120
170 54 6 44 56 23 188 99 132 196 138 154 140 157 161 120 15 17 123 81 14 192 18 65 90 88 150 183 185 111 70 97 163 102 83 152 127 122 178 147 197 164 26 51 73 151 117 53 66 129 55 105 167 50 3 173 92 165 61 21 79 29 16 52 19 114 43 169 25 27 179 75 77 57 171 181 41 106 103 159 71 48 189 38 118 108 96 101 146 69 148 142 191 1 64 156 13 91 125 193 112 12 143 110 82 9 153 115 31 162 47 76 137 155 11 62 160 45 109 93 5 22 67 86 136 0 28 121 149 8 182 177 24 30 166 40 175 194 39 74 95 78 184 32 20 60 168 198 80 104 36 58 145 4 7 68 42 85 133 180 158 35 135 100 144 141 130 10 119 89 172 94 139 63 126 107 116 186 131 190 34 134 87 46 72 37 128 2 176 195 113 174 33 49 199 59 124 187 84 98
0 141 144 28 121 30 24 182 8 149 160 45 109 22 5 93 126 107 139 63 116 186 131 190 34 134 87 46 72 37 174 113 128 2 176 138 195 84 98 187 124 33 199 59 49 47 76 137 62 177 11 155 193 112 12 31 162 54 170 6 3 151 173 115 110 143 125 91 166 100 40 175 194 39 74 95 78 42 184 32 20 142 191 1 64 13 156 82 9 153 179 75 171 57 77 41 106 181 27 43 169 25 92 73 117 53 66 129 55 105 167 50 56 44 23 188 99 132 196 17 15 120 154 140 157 161 123 81 14 192 18 65 90 88 150 183 185 111 102 163 97 70 26 51 164 197 165 61 21 79 147 83 152 127 122 178 16 29 52 19 114 159 71 48 189 103 146 69 148 101 96 108 118 38 80 104 36 58 198 168 60 145 4 7 68 133 85 180 158 35 135 130 10 119 89 94 172 86 136 67
130 141 144 135 35 158 180 85 133 68 7 42 4 145 58 36 104 80 198 168 60 20 32 184 78 95 74 39 194 175 40 100 28 121 149 8 182 24 30 166 125 91 13 156 64 1 191 142 148 69 146 101 96 108 118 38 189 48 71 127 122 178 16 29 52 19 114 159 103 106 41 57 77 82 110 143 12 112 193 162 31 115 9 153 179 75 171 181 43 169 25 27 92 173 3 50 167 55 129 66 53 117 151 73 51 26 164 197 165 61 21 79 147 152 83 102 163 97 70 111 185 183 150 88 90 65 18 105 192 14 81 123 161 157 140 154 120 15 17 196 132 99 188 23 56 44 6 54 170 98 84 195 138 176 2 128 113 174 37 72 187 124 33 199 59 49 46 87 34 134 47 76 137 155 11 177 62 160 45 109 190 131 186 116 63 139 107 126 93 5 22 67 0 136 86 172 94 89 119 10
126 93 5 22 67 0 136 86 89 119 10 130 141 28 121 144 100 135 35 158 180 85 133 68 7 42 4 145 58 36 104 80 198 168 60 20 32 184 78 95 74 39 194 175 40 166 30 24 149 8 182 177 11 155 125 91 13 156 64 1 191 142 148 69 146 101 96 108 118 38 189 48 71 127 122 178 16 29 52 19 114 159 103 106 41 57 77 82 110 143 12 112 193 162 31 115 9 153 179 75 171 181 43 169 25 27 92 173 3 50 167 55 129 66 53 117 151 73 51 26 164 197 165 61 21 79 147 152 83 102 163 97 70 111 185 183 150 88 90 65 18 105 192 14 81 123 161 157 140 154 120 15 17 196 132 99 188 23 56 44 6 54 170 98 84 195 138 176 2 128 113 37 174 187 124 33 199 59 49 47 76 137 62 160 45 109 190 131 134 46 72 87 34 186 116 107 63 139 94 172
106 41 103 189 48 71 127 122 178 16 29 52 19 114 43 169 25 92 173 3 115 31 162 54 6 170 98 84 124 59 199 49 33 187 195 138 196 132 99 188 23 44 56 50 167 55 129 66 53 117 151 73 51 26 164 197 165 61 21 79 147 152 83 102 163 97 70 111 185 183 150 88 90 65 18 105 192 14 81 123 161 157 140 154 120 17 15 176 2 128 113 174 37 72 46 87 34 134 47 76 137 155 11 62 160 45 109 190 131 186 116 63 139 94 172 126 107 93 5 22 67 0 136 86 89 119 10 130 141 144 28 121 149 8 182 177 24 30 166 40 175 194 39 74 100 135 35 158 180 85 133 68 7 42 95 78 184 32 20 4 145 60 168 198 104 58 36 80 38 118 108 96 101 146 69 148 142 191 1 64 156 13 91 125 193 112 12 143 110 82 77 57 171 75 9 153 179 27 181 159
76 137 62 177 11 155 193 112 12 143 110 82 9 153 179 75 171 57 77 41 106 181 27 43 169 25 92 165 61 21 79 147 97 163 102 83 152 127 122 178 16 29 52 19 114 159 71 48 189 103 146 69 148 142 191 1 64 156 13 91 125 166 40 175 194 39 74 78 184 32 20 101 96 108 118 38 80 104 36 58 198 168 60 145 4 7 68 42 95 85 133 180 158 35 135 100 144 28 121 30 24 182 8 149 160 45 109 22 141 130 10 0 67 136 86 119 89 94 172 5 93 126 107 139 63 116 186 131 190 34 134 87 46 72 37 174 113 128 2 176 195 84 98 187 124 33 199 59 49 47 54 170 6 44 56 23 188 99 132 196 138 154 140 157 161 120 15 17 123 81 14 192 18 65 90 88 150 183 185 111 70 197 164 26 51 73 151 117 53 66 129 55 105 167 50 3 173 115 31 162
166 40 175 194 39 74 78 184 32 20 60 168 198 80 104 36 58 145 4 7 68 42 95 85 133 180 158 35 135 100 30 121 28 144 141 149 8 109 93 5 22 67 86 136 0 10 130 119 89 172 94 139 63 126 107 116 186 131 190 34 87 72 46 134 45 160 62 137 76 49 59 199 33 124 187 174 37 113 128 2 176 138 195 84 98 170 54 6 44 56 23 188 99 132 196 154 140 157 161 120 15 17 123 81 14 192 18 65 90 88 150 183 185 111 70 97 163 102 83 152 127 122 178 147 197 164 26 51 73 151 117 53 66 129 55 105 167 50 3 173 92 165 61 21 79 29 16 52 19 114 43 169 25 27 179 75 77 57 171 181 41 106 103 159 71 48 189 38 118 108 96 101 146 69 148 142 191 1 64 156 13 91 125 193 112 12 143 110 82 9 153 115 31 162 47 155 11 177 182 24
85 133 68 180 158 35 135 100 40 175 194 39 166 30 121 28 144 141 149 8 24 182 177 11 155 62 160 45 109 93 5 22 67 86 136 0 10 130 119 89 172 94 139 63 126 107 116 186 131 190 34 134 87 46 72 33 49 137 76 47 59 199 124 187 174 37 113 128 2 176 138 195 84 98 170 54 6 44 56 23 188 99 132 196 154 140 157 161 120 15 17 123 81 14 192 18 65 90 88 150 183 185 111 70 26 51 164 197 73 117 53 66 129 55 105 167 50 3 151 173 115 31 162 193 125 91 112 12 143 110 9 153 179 75 171 181 27 43 169 25 92 165 61 21 79 147 97 163 102 83 152 127 122 178 16 29 52 19 114 159 71 48 189 103 106 41 57 77 82 156 13 64 1 191 142 148 69 146 101 118 38 108 96 80 36 58 104 198 168 60 145 4 20 32 184 7 42 78 95 74
115 110 143 12 31 162 47 76 137 62 177 11 155 193 112 125 91 13 156 82 75 171 57 77 41 106 103 146 69 148 142 64 1 191 78 184 32 20 101 96 108 118 38 80 104 36 58 198 168 60 145 4 7 68 42 95 74 85 133 180 158 35 135 141 28 121 144 100 40 175 194 39 166 30 24 182 8 149 160 45 109 93 5 22 67 86 136 0 10 130 119 89 172 94 139 63 116 186 107 126 190 131 34 134 87 46 72 33 49 199 59 124 187 174 37 113 128 2 176 138 195 84 98 170 54 6 44 56 23 188 99 132 196 154 140 157 161 120 15 17 123 81 14 192 18 65 90 88 150 183 185 111 26 51 117 53 66 129 55 105 167 50 3 173 151 73 197 164 70 97 163 102 83 152 147 178 122 127 71 48 189 159 114 19 52 16 29 79 21 61 165 92 25 169 43 27 181 179 153 9
51 26 70 97 147 178 122 127 152 83 102 163 111 185 183 150 88 90 65 18 105 55 129 167 50 56 44 23 188 99 192 14 81 123 17 15 120 161 157 140 154 132 196 138 195 176 2 128 113 174 37 72 33 199 59 49 46 87 134 34 190 131 186 116 107 126 63 139 94 172 89 119 10 130 141 144 100 135 35 158 180 133 85 42 68 7 4 145 58 36 104 80 198 168 60 20 32 184 78 95 74 39 194 175 40 166 30 24 177 182 8 149 121 28 0 136 86 67 22 5 93 109 45 160 62 11 155 137 76 47 124 187 84 98 170 6 54 162 31 12 143 112 193 125 91 13 156 64 1 191 142 148 69 146 101 96 108 118 38 189 48 71 159 106 41 103 57 77 82 110 115 3 66 53 117 73 151 173 92 153 9 179 75 171 181 27 25 169 43 114 19 52 16 29 79 21 61 165 197 164
6 44 56 23 188 99 132 196 138 154 140 157 161 120 15 17 123 81 14 192 18 65 90 88 150 183 185 111 70 97 163 102 83 152 127 122 178 147 197 164 26 51 73 151 117 53 66 129 55 105 167 50 3 173 92 165 61 21 79 29 16 52 19 114 43 169 25 27 179 75 77 57 171 181 41 106 103 159 71 48 189 38 118 108 96 101 146 69 148 142 191 1 64 156 13 91 125 193 112 12 143 110 82 9 153 115 31 162 47 76 137 155 11 62 160 45 109 93 5 22 67 86 136 0 28 121 149 8 182 177 24 30 166 40 175 194 39 74 95 78 184 32 20 60 168 198 80 104 36 58 145 4 7 68 42 85 133 180 158 35 135 100 144 141 130 10 119 89 172 94 139 63 126 107 116 186 131 190 34 134 87 46 72 37 174 113 128 2 176 195 84 98 187 33 49 199 59 124 170 54
25 169 43 27 92 153 9 179 75 77 57 171 181 41 106 103 159 71 48 189 38 118 108 96 101 146 69 148 142 191 1 64 156 13 91 125 193 112 12 143 110 82 115 173 151 117 53 3 66 129 55 167 50 56 44 23 188 99 132 196 195 84 98 170 6 54 31 162 47 76 137 155 11 62 160 45 109 93 5 22 67 86 136 0 28 121 149 8 182 177 24 30 166 40 175 194 39 74 95 78 184 32 20 60 168 198 80 104 36 58 145 4 7 68 42 85 133 180 158 35 135 100 144 141 130 10 119 89 172 94 139 63 126 107 116 186 131 190 34 134 87 46 49 199 59 124 187 33 72 37 174 113 128 2 176 138 154 140 157 161 120 15 17 123 81 14 192 105 18 65 90 88 150 183 185 111 70 97 163 102 83 152 147 178 127 122 52 19 114 29 16 79 21 61 164 26 51 73 197 165
67 0 141 144 100 30 28 121 24 182 8 149 160 45 109 22 5 93 126 107 139 63 116 186 131 190 34 134 87 46 72 37 174 113 128 2 176 138 195 84 98 187 124 33 199 59 49 47 76 137 62 177 11 155 193 112 143 12 31 162 54 6 170 132 196 154 140 157 161 120 15 17 123 81 14 192 99 188 23 44 56 50 167 105 18 65 90 88 150 183 185 111 163 102 83 152 127 122 178 147 97 70 197 164 26 51 73 117 53 129 55 66 3 151 173 115 110 82 9 153 179 75 171 57 77 41 106 181 27 43 169 25 92 165 61 21 79 29 16 52 19 114 159 71 48 189 103 146 69 148 142 191 1 64 156 13 91 125 166 40 175 194 39 74 95 78 184 32 20 101 96 108 118 38 80 104 36 58 198 168 60 145 4 42 7 68 133 85 180 158 35 135 130 10 119 89 94 172 86 136
172 89 86 136 0 67 22 5 93 109 45 160 149 8 182 24 30 121 28 144 141 10 119 130 135 100 35 158 180 85 133 68 7 4 145 60 168 198 58 36 104 80 38 118 108 96 101 148 69 146 103 106 41 57 77 156 13 64 1 191 142 20 32 184 42 78 95 74 39 194 175 40 166 91 125 193 112 12 143 110 82 9 153 179 75 171 181 27 43 169 25 29 16 52 19 114 159 189 48 71 127 122 178 147 152 83 102 163 97 79 21 61 165 92 151 117 73 51 26 164 197 70 111 185 183 150 88 90 65 18 192 14 81 123 161 157 140 154 120 15 17 196 132 188 99 105 55 129 53 66 167 50 23 56 44 6 170 54 3 173 115 31 162 155 11 177 62 137 76 47 49 59 199 33 124 187 98 84 195 138 176 2 128 113 174 37 72 46 87 134 34 190 131 186 116 107 126 63 139 94
0 141 144 28 121 30 24 182 8 149 160 45 109 22 5 93 126 107 139 63 116 186 131 190 34 134 87 46 72 37 174 113 128 2 176 138 195 84 98 187 124 33 199 59 49 47 76 137 62 177 11 155 193 112 12 31 162 54 170 6 3 151 173 115 110 143 125 91 166 100 40 175 194 39 74 95 78 42 184 32 20 142 191 1 64 13 156 82 9 153 179 75 171 57 77 41 106 181 27 43 169 25 92 73 117 53 66 129 55 105 167 50 56 44 23 188 99 132 196 17 15 120 154 140 157 161 123 81 14 192 18 65 90 88 150 183 185 111 102 163 97 70 26 51 164 197 165 61 21 79 147 83 152 127 122 178 16 29 52 19 114 159 71 48 189 103 146 69 148 101 96 108 118 38 80 104 36 58 198 168 60 145 4 7 68 133 85 180 158 35 135 130 10 119 89 94 172 86 136 67
13 156 82 9 153 179 75 171 57 77 41 106 181 27 43 169 25 92 165 61 21 79 97 163 102 83 152 147 178 127 122 16 29 52 19 114 159 71 48 189 103 146 69 148 142 64 1 191 78 184 32 20 101 96 108 118 38 80 104 36 58 198 168 60 145 4 7 68 42 95 74 85 133 180 158 35 135 100 40 175 194 39 166 30 24 182 8 149 160 45 109 93 5 22 121 28 144 141 130 10 0 67 136 86 119 89 172 94 139 63 116 186 107 126 190 131 34 134 87 46 72 37 174 113 128 2 176 195 84 98 187 124 33 199 59 49 47 76 137 62 177 11 155 162 31 54 6 170 132 196 138 154 140 157 161 120 15 17 123 81 14 192 99 188 23 44 56 50 167 66 53 129 55 105 18 65 90 88 150 183 185 111 70 197 164 26 51 73 117 151 3 173 115 110 143 12 112 193 125 91
10 130 135 100 35 158 180 85 133 68 7 4 145 60 168 198 58 36 104 80 38 118 108 96 101 148 69 146 103 189 48 71 127 122 178 16 29 52 19 114 159 106 41 77 57 171 75 179 181 27 43 169 25 79 21 147 152 83 102 163 97 70 111 185 183 150 88 90 55 129 66 53 117 151 73 51 26 164 197 61 165 92 153 9 82 156 13 64 1 191 142 20 32 184 42 78 95 74 39 194 175 40 166 91 125 143 110 115 173 3 50 167 105 18 65 192 14 81 123 161 157 140 154 120 15 17 196 132 99 188 23 56 44 6 170 54 162 31 12 112 193 155 11 177 62 137 76 47 49 59 199 33 124 187 98 84 195 138 176 2 128 113 174 37 72 46 87 134 34 131 190 126 107 186 116 63 139 94 172 89 119 86 136 0 67 22 5 93 109 45 160 149 8 182 24 30 121 28 144 141
187 124 59 199 49 33 72 37 174 113 128 2 176 154 140 157 161 120 15 17 123 81 14 192 18 65 90 88 150 183 185 111 70 97 163 102 83 152 147 79 21 61 165 197 164 26 51 73 117 151 92 153 179 171 57 77 75 9 82 110 143 112 193 125 91 13 156 64 1 191 142 148 69 146 103 106 41 181 27 43 169 25 29 16 178 127 122 52 19 114 159 71 48 189 38 118 108 101 96 80 36 58 104 198 168 60 145 4 20 32 184 78 95 42 7 68 133 85 180 158 35 135 100 74 39 194 175 40 166 30 24 182 8 149 121 28 144 141 130 10 119 89 86 136 0 67 22 5 93 107 126 172 94 139 63 116 186 34 87 46 134 131 190 109 45 160 62 177 11 155 137 76 47 162 31 12 115 173 3 54 170 6 66 53 129 55 105 167 50 56 44 23 188 99 132 196 138 195 84 98
167 55 129 53 117 151 73 51 26 164 197 165 61 21 79 147 152 83 102 163 97 70 111 185 183 150 88 90 65 18 105 192 14 81 123 17 15 120 161 157 140 154 176 138 196 132 99 188 23 50 56 44 6 54 170 98 84 195 2 128 113 37 174 187 124 59 199 49 33 72 46 87 134 34 131 190 109 45 160 22 5 93 126 107 186 116 63 139 94 172 67 0 136 86 89 119 10 130 141 144 100 135 35 158 180 85 133 68 7 42 4 145 58 36 104 80 198 168 60 20 32 184 78 95 74 39 194 175 40 166 30 121 28 149 8 24 182 177 11 155 62 137 76 47 162 31 12 143 112 193 125 91 13 156 64 1 191 142 148 69 146 101 96 108 118 38 189 48 71 127 122 178 16 29 52 19 114 159 103 41 106 43 169 25 27 181 171 57 77 75 179 153 9 82 110 115 92 173 3 66
4 20 32 184 78 95 42 7 68 133 85 180 158 35 135 100 40 175 194 39 74 191 1 64 142 148 69 146 118 103 106 41 77 57 171 75 179 153 9 82 115 110 156 13 91 125 193 112 143 12 31 162 47 76 137 155 11 177 62 8 149 182 24 166 30 121 28 144 141 130 10 0 67 136 86 119 89 172 94 139 63 116 186 131 190 107 126 93 5 22 109 160 45 34 134 87 46 72 33 49 199 59 124 187 174 37 113 128 2 176 138 195 84 98 170 54 6 44 56 23 188 99 132 196 154 140 157 161 120 15 17 123 81 14 192 18 65 90 88 150 183 185 111 26 51 117 53 66 129 55 105 167 50 3 173 151 73 197 164 70 97 163 102 83 152 147 79 21 61 165 92 25 169 27 181 43 29 16 178 127 122 52 19 114 159 71 48 189 38 108 101 96 80 104 36 58 198 168 60 145
186 116 63 139 94 172 67 0 136 86 89 119 10 130 141 144 100 135 35 158 180 85 133 68 7 42 4 145 58 36 104 80 198 168 60 20 32 184 78 95 74 39 194 175 40 166 30 121 28 149 8 182 24 125 91 13 156 64 1 191 142 148 69 146 101 96 108 118 38 189 48 71 127 122 178 16 29 52 19 114 159 103 106 41 57 77 82 110 143 12 112 193 162 31 115 9 153 179 75 171 181 43 169 25 27 92 173 3 50 167 55 129 66 53 117 151 73 51 26 164 197 165 61 21 79 147 152 83 102 163 97 70 111 185 183 150 88 90 65 18 105 192 14 81 123 161 157 140 154 120 15 17 196 132 99 188 23 56 44 6 54 170 98 84 195 138 176 2 128 113 37 174 187 124 33 199 59 49 47 76 137 155 11 177 62 160 45 134 46 72 87 34 131 190 109 22 5 93 126 107
187 124 59 199 49 33 72 37 174 113 128 2 176 154 140 157 161 120 15 17 123 81 14 192 18 65 90 88 150 183 185 111 70 97 163 102 83 152 147 79 21 61 165 197 164 26 51 73 117 151 92 153 179 171 57 77 75 9 82 110 143 112 193 125 91 13 156 64 1 191 142 148 69 146 103 106 41 181 27 43 169 25 29 16 178 127 122 52 19 114 159 71 48 189 38 118 108 101 96 80 36 58 104 198 168 60 145 4 20 32 184 78 95 42 7 68 133 85 180 158 35 135 100 74 39 194 175 40 166 30 24 182 8 149 121 28 144 141 130 10 119 89 86 136 0 67 22 5 93 107 126 172 94 139 63 116 186 34 87 46 134 131 190 109 45 160 62 177 11 155 137 76 47 162 31 12 115 173 3 54 170 6 66 53 129 55 105 167 50 56 44 23 188 99 132 196 138 195 84 98
163 102 83 152 127 122 178 16 29 52 19 114 71 48 189 38 118 108 96 101 146 69 148 142 191 1 64 156 13 91 125 193 112 143 12 31 162 54 170 6 3 173 151 73 164 197 61 165 92 153 9 115 110 82 75 179 27 181 171 57 77 103 41 106 159 43 169 25 79 21 147 97 70 26 51 117 53 66 129 55 167 50 56 44 23 188 99 132 196 195 84 98 187 124 33 199 59 49 47 76 137 155 11 62 160 45 109 93 5 22 67 86 136 0 28 121 149 8 182 177 24 30 166 40 175 194 39 74 95 78 184 32 20 60 168 198 80 104 36 58 145 4 7 68 42 85 133 180 158 35 135 100 144 141 130 10 119 89 172 94 139 63 126 107 116 186 131 190 34 134 87 46 72 37 174 113 128 2 176 138 154 140 157 161 120 15 17 123 81 14 192 105 18 65 90 88 150 183 185 111
107 126 172 94 139 63 116 186 131 190 34 87 72 46 134 45 109 160 62 137 76 49 59 199 33 124 187 174 37 113 128 2 176 138 195 84 98 170 54 6 44 56 23 188 99 132 196 154 140 157 161 120 15 17 123 81 14 192 18 65 90 88 150 183 185 111 70 97 163 102 83 152 127 122 178 147 197 164 26 51 73 151 117 53 66 129 55 105 167 50 3 173 92 165 61 21 79 29 16 52 19 114 43 169 25 27 179 75 77 57 171 181 41 106 103 159 71 48 189 38 118 108 96 101 146 69 148 142 191 1 64 156 13 91 125 193 112 12 143 110 82 9 153 115 31 162 47 155 11 177 166 40 175 194 39 74 95 78 184 32 20 60 168 198 80 104 36 58 145 4 7 68 42 85 133 180 158 35 135 100 30 24 182 8 149 121 28 144 141 130 10 119 89 86 136 0 67 22 5 93
29 16 178 127 122 52 19 114 71 48 189 38 118 108 96 101 146 69 148 142 191 1 64 156 13 39 166 40 175 194 74 95 78 184 32 20 60 168 198 80 104 36 58 145 4 7 68 42 85 133 180 158 35 135 100 144 28 121 30 24 182 8 149 160 45 109 93 5 22 141 130 10 119 89 86 136 0 67 172 94 139 63 116 186 107 126 190 131 34 134 87 46 72 37 174 113 128 2 176 195 84 98 187 124 33 199 59 49 47 76 137 62 177 11 155 193 125 91 112 12 143 110 115 31 162 54 170 6 44 56 23 188 99 132 196 138 154 140 157 161 120 15 17 123 81 14 192 105 18 65 90 88 150 183 185 111 51 117 53 129 55 167 50 66 3 173 151 73 197 164 26 70 163 102 152 83 97 147 79 21 61 165 92 153 9 82 75 179 27 181 171 57 77 103 41 106 159 43 169 25
88 90 65 18 105 55 129 167 50 56 44 98 84 124 59 199 49 33 187 195 138 196 132 23 188 99 192 14 81 123 161 157 140 154 120 17 15 176 2 128 113 174 37 72 46 87 134 34 131 190 109 45 160 22 5 93 126 107 186 116 63 139 94 172 67 0 136 86 89 119 10 130 141 144 100 135 35 158 180 85 133 68 7 42 4 145 58 36 104 80 198 168 60 20 32 184 78 95 74 39 194 175 40 166 30 121 28 149 8 24 182 177 11 155 62 137 76 47 170 6 54 162 31 12 143 112 193 125 91 13 156 64 1 191 142 148 69 146 101 96 108 118 38 189 48 71 159 103 106 41 171 57 77 82 110 115 173 3 66 53 117 151 73 51 26 164 197 165 92 153 9 75 179 181 27 43 169 25 61 21 79 16 29 114 19 52 122 127 178 147 152 83 102 163 97 70 111 185 183 150
106 41 103 189 48 71 127 122 178 16 29 52 19 114 43 169 25 92 173 3 115 31 162 54 6 170 98 84 124 59 199 49 33 187 195 138 196 132 99 188 23 44 56 50 167 55 129 66 53 117 151 73 51 26 164 197 165 61 21 79 147 152 83 102 163 97 70 111 185 183 150 88 90 65 18 105 192 14 81 123 161 157 140 154 120 17 15 176 2 128 113 174 37 72 46 87 34 134 47 76 137 155 11 62 160 45 109 190 131 186 116 63 139 94 172 126 107 93 5 22 67 0 136 86 89 119 10 130 141 144 28 121 149 8 182 177 24 30 166 40 175 194 39 74 100 135 35 158 180 85 133 68 7 42 95 78 184 32 20 4 145 60 168 198 104 58 36 80 38 118 108 96 101 146 69 148 142 191 1 64 156 13 91 125 193 112 12 143 110 82 77 57 171 75 9 153 179 27 181 159
134 34 190 131 186 116 63 94 172 139 107 126 93 5 22 67 0 136 86 89 119 10 130 141 144 100 135 35 158 180 133 68 7 4 145 60 168 198 58 36 104 80 38 118 108 96 101 148 69 146 103 189 48 71 127 122 178 152 83 102 163 97 147 21 61 165 79 29 16 52 19 114 159 43 169 25 27 181 106 41 77 57 171 75 179 153 9 82 110 143 125 91 13 156 64 1 191 142 20 32 184 42 78 95 85 74 39 194 175 40 166 30 28 121 24 182 8 149 109 45 160 62 177 11 155 193 112 31 12 115 92 173 3 50 167 55 129 66 53 117 151 73 51 26 164 197 70 111 185 183 150 88 90 65 18 105 192 14 81 123 161 157 140 154 120 15 17 196 132 99 188 23 56 44 6 170 54 162 47 76 137 49 59 199 33 124 187 98 84 195 138 176 2 128 113 174 37 72 46 87
127 122 178 52 19 114 29 16 79 147 152 83 102 163 97 21 61 165 197 164 70 111 185 26 51 73 117 151 173 3 66 53 183 150 88 90 65 18 192 14 81 123 161 157 140 154 120 15 17 105 55 129 167 50 56 44 23 188 99 132 196 138 176 2 128 195 98 84 113 37 174 187 124 59 199 49 33 72 46 87 134 34 131 190 109 45 160 22 5 93 126 107 186 116 63 139 94 172 67 0 136 86 89 119 10 130 141 144 100 135 35 158 180 85 133 68 7 42 4 145 58 36 104 80 198 168 60 20 32 184 78 95 74 39 194 175 40 166 30 121 28 149 8 24 182 177 11 155 62 137 76 47 170 6 54 162 31 115 92 25 169 43 159 103 106 41 181 27 171 57 77 75 179 153 9 82 110 143 12 112 193 125 91 13 156 64 1 191 142 148 69 146 101 96 108 118 38 189 48 71
87 46 134 131 190 45 109 93 5 22 149 8 160 62 137 76 49 59 199 33 124 187 72 37 174 113 128 2 176 138 195 84 98 170 54 6 44 56 23 188 99 132 196 154 140 157 161 120 15 17 123 81 14 192 18 65 90 88 150 183 185 111 70 97 163 102 83 152 127 122 178 147 197 164 26 51 73 151 117 53 66 129 55 105 167 50 3 173 92 165 61 21 79 29 16 52 19 114 43 169 25 27 179 75 77 57 171 181 41 106 103 159 71 48 189 38 118 108 96 101 146 69 148 142 191 1 64 156 13 91 125 193 112 12 143 110 82 9 153 115 31 162 47 155 11 177 182 24 30 166 40 175 194 39 74 95 78 184 32 20 60 168 198 80 104 36 58 145 4 42 7 68 133 85 180 158 35 135 100 144 121 28 141 130 10 0 67 136 86 119 89 172 94 139 63 126 107 116 186 34
59 124 187 174 37 113 128 2 176 138 195 84 98 170 54 6 44 56 23 188 99 132 196 154 140 157 161 120 15 17 123 81 14 192 18 65 90 88 150 183 185 111 70 97 163 102 83 152 127 122 178 147 197 164 26 51 73 151 117 53 66 129 55 105 167 50 3 173 92 165 61 21 79 29 16 52 19 114 43 169 25 27 179 75 77 57 171 181 41 106 103 159 71 48 189 38 118 108 96 101 146 69 148 142 191 1 64 156 13 91 125 193 112 12 143 110 82 9 153 115 31 162 47 76 137 155 11 62 160 45 109 93 5 22 67 86 136 0 28 121 149 8 182 177 24 30 166 40 175 194 39 74 95 78 184 32 20 60 168 198 80 104 36 58 145 4 7 68 42 85 133 180 158 35 135 100 144 141 130 10 119 89 172 94 139 63 126 107 116 186 131 190 34 134 87 46 72 33 49 199
140 154 138 196 132 99 188 23 56 44 6 170 98 84 124 59 199 49 33 187 195 176 2 128 113 174 37 72 46 87 134 34 131 190 126 107 186 116 63 139 94 172 89 119 10 130 141 144 100 135 35 158 180 85 133 68 7 42 4 145 58 36 104 80 198 168 60 20 32 184 78 95 74 39 194 175 40 166 30 28 121 24 182 8 149 0 136 86 67 22 5 93 109 45 160 62 177 11 155 137 76 47 54 162 31 12 143 112 193 125 91 13 156 64 1 191 142 148 69 146 101 96 108 118 38 189 48 71 127 122 178 16 29 52 19 114 43 169 25 27 159 103 106 41 181 171 57 77 75 179 153 9 82 110 115 92 173 3 50 167 55 129 66 53 117 151 73 51 26 164 197 165 61 21 79 147 152 83 102 163 97 70 111 185 183 150 88 90 65 18 105 192 14 81 123 17 15 120 161 157
21 61 165 197 164 26 111 185 183 150 88 90 65 18 105 192 14 81 123 161 157 140 154 120 15 17 196 132 99 188 23 50 167 55 129 66 53 117 51 73 151 173 3 56 44 98 84 124 59 199 49 33 187 195 138 176 2 128 113 174 37 72 46 87 134 34 131 190 109 45 160 22 5 93 126 107 186 116 63 139 94 172 67 0 136 86 89 119 10 130 141 144 100 135 35 158 180 85 133 68 7 42 4 145 58 36 104 80 198 168 60 20 32 184 78 95 74 39 194 175 40 166 30 121 28 149 8 24 182 177 11 155 62 137 76 47 170 6 54 162 31 12 143 112 193 125 91 13 156 64 1 191 142 148 69 146 101 96 108 118 38 189 48 71 159 103 106 41 57 77 82 110 115 9 75 171 181 27 179 153 92 25 169 43 114 19 52 122 127 178 16 29 79 147 152 83 102 163 97 70
75 179 9 153 92 165 61 21 79 147 152 83 102 163 97 70 111 185 183 150 88 90 65 18 192 14 81 123 161 157 140 154 120 15 17 105 55 129 53 117 51 26 164 197 73 151 173 3 66 167 50 56 44 23 188 99 132 196 138 176 2 128 195 98 84 113 37 174 187 124 59 199 49 33 72 46 87 134 34 131 190 109 45 160 22 5 93 126 107 186 116 63 139 94 172 67 0 136 86 89 119 10 130 141 144 100 135 35 158 180 85 133 68 7 42 4 145 58 36 104 80 198 168 60 20 32 184 78 95 74 39 194 175 40 166 30 121 28 149 8 24 182 177 11 155 62 137 76 47 170 6 54 162 31 115 82 110 143 12 112 193 125 91 13 156 64 1 191 142 148 69 146 101 96 108 118 38 189 48 71 127 122 178 16 29 52 19 114 43 169 25 27 181 159 103 106 41 77 57 171
38 118 101 148 142 69 146 103 41 106 159 189 48 71 127 122 178 16 29 52 19 114 43 169 25 27 181 179 153 9 75 171 57 77 82 110 115 92 173 3 50 167 55 129 66 53 117 151 73 51 26 164 197 165 61 21 79 147 152 83 102 163 97 70 111 185 183 150 88 90 65 18 105 192 14 81 123 161 157 140 154 120 15 17 196 132 99 188 23 56 44 6 54 170 98 84 195 138 176 2 128 113 174 37 72 187 124 33 199 59 49 46 87 134 34 186 116 63 139 94 172 126 107 131 190 109 93 5 22 67 0 136 86 89 119 10 130 141 144 28 121 30 166 155 11 62 177 182 24 8 149 160 45 137 76 47 162 31 12 143 112 193 125 91 13 156 64 1 191 39 194 175 40 100 135 35 158 180 133 68 7 42 85 74 95 78 184 32 20 4 145 60 168 198 58 36 104 80 96 108
78 95 42 184 32 20 60 145 4 7 68 133 85 180 158 35 135 100 40 175 194 39 74 191 1 64 13 156 77 57 171 75 179 153 9 82 110 115 31 162 12 143 112 193 125 91 166 30 121 28 144 141 149 8 24 182 177 11 155 62 160 45 109 93 5 22 67 86 136 0 10 130 119 89 172 94 139 63 126 107 116 186 131 190 34 134 87 46 72 33 49 137 76 47 59 199 124 187 174 37 113 128 2 176 138 195 84 98 170 54 6 44 56 23 188 99 132 196 154 140 157 161 120 15 17 123 81 14 192 18 65 90 88 150 183 185 111 26 51 117 53 66 129 55 105 167 50 3 173 151 73 197 164 70 97 163 102 83 152 147 79 21 61 165 92 25 169 43 27 181 41 106 103 159 114 29 16 178 127 122 52 19 71 48 189 38 118 108 80 104 36 58 168 198 96 101 146 69 148 142
50 167 55 129 66 53 117 151 73 51 26 164 197 165 61 21 79 147 152 83 102 163 97 70 111 185 183 150 88 90 65 18 105 192 14 81 123 161 157 140 154 120 15 17 196 132 99 188 23 56 44 6 170 54 162 31 115 110 82 9 153 179 75 77 57 171 181 27 43 159 106 41 103 146 69 101 148 142 78 95 74 194 39 191 1 64 13 156 143 12 112 193 125 91 24 182 8 149 109 45 160 62 177 11 155 137 76 47 124 187 98 84 195 138 176 2 128 113 174 37 72 33 199 59 49 46 87 134 34 190 131 186 116 63 94 172 139 107 126 93 5 22 67 0 136 86 89 119 10 130 141 144 28 121 30 166 175 40 100 135 35 158 180 85 133 68 7 42 184 32 20 4 145 60 168 198 58 36 104 80 96 108 118 38 189 48 71 114 19 52 122 127 178 16 29 169 25 92 173 3
147 79 21 61 165 197 164 26 51 73 151 117 53 129 55 167 50 66 3 173 115 31 162 155 11 177 182 24 8 149 28 121 30 166 91 125 193 112 12 143 110 82 77 57 171 41 106 181 27 179 75 9 153 92 25 169 43 159 71 48 189 103 146 69 148 142 191 1 64 156 13 39 194 74 78 184 32 20 101 96 108 118 38 80 104 36 58 198 168 60 145 4 7 68 42 95 85 133 180 158 35 175 40 100 135 144 141 130 10 0 67 136 86 119 89 172 94 139 63 126 22 5 93 107 116 186 34 87 46 134 131 190 109 45 160 62 137 76 47 54 170 6 44 56 23 188 99 132 196 195 84 98 187 124 59 199 49 33 72 37 174 113 128 2 176 138 154 140 157 161 120 15 17 123 81 14 192 105 18 65 90 88 150 183 185 111 70 97 163 102 83 152 127 122 178 52 19 114 29 16
116 186 34 134 87 46 72 37 174 113 128 2 176 195 84 98 187 124 33 199 59 49 47 76 137 62 177 11 155 193 112 143 12 31 162 54 170 6 44 56 23 188 99 132 196 138 154 140 157 161 120 15 17 123 81 14 192 18 65 90 88 150 183 185 111 70 197 164 26 51 73 117 53 66 129 55 105 167 50 3 151 173 115 110 82 9 153 179 75 171 57 77 41 106 181 27 43 169 25 92 165 61 97 163 102 83 152 127 122 178 147 21 79 29 16 52 19 114 159 71 48 189 103 146 69 148 142 191 1 64 156 13 91 125 166 40 175 194 39 74 95 78 184 32 20 101 96 108 118 38 80 104 36 58 198 168 60 145 4 7 68 42 85 133 180 158 35 135 100 144 28 121 30 24 182 8 149 141 130 10 119 89 172 94 139 63 107 126 86 136 0 67 22 5 93 109 160 45 190 131
65 90 88 150 183 185 111 70 164 26 51 73 151 117 53 129 55 66 3 173 115 12 143 110 82 77 57 103 41 106 159 43 169 25 27 181 171 75 179 9 153 92 197 165 61 21 79 147 97 163 102 83 152 127 122 178 16 29 52 19 114 71 48 189 38 118 108 96 101 146 69 148 142 191 1 64 156 13 91 125 193 112 31 162 54 170 6 44 56 50 167 23 188 99 132 196 195 84 98 187 124 33 199 59 49 47 76 137 155 11 62 160 45 109 93 5 22 67 86 136 0 28 121 149 8 182 177 24 30 166 40 175 194 39 74 95 78 184 32 20 60 168 198 80 104 36 58 145 4 7 68 42 85 133 180 158 35 135 100 144 141 130 10 119 89 172 94 139 63 126 107 116 186 131 190 34 134 87 46 72 37 174 113 128 2 176 138 154 140 157 161 120 15 17 123 81 14 192 105 18
185 183 150 88 90 65 18 105 192 14 81 123 161 157 140 154 120 15 17 196 132 99 188 23 56 44 6 170 98 84 195 138 176 2 128 113 37 174 187 124 59 199 49 33 72 46 87 134 34 131 190 109 45 160 22 5 93 126 107 186 116 63 139 94 172 67 0 136 86 89 119 10 130 141 144 100 135 35 158 180 85 133 68 7 42 4 145 58 36 104 80 198 168 60 20 32 184 78 95 74 39 194 175 40 166 30 121 28 149 8 24 182 177 11 155 62 137 76 47 54 162 31 12 143 112 193 125 91 13 156 64 1 191 142 148 69 146 101 96 108 118 38 189 48 71 114 19 52 122 127 178 16 29 79 21 147 152 83 102 163 97 61 165 197 92 153 9 75 179 181 27 25 169 43 159 103 106 41 171 57 77 82 110 115 173 3 66 50 167 55 129 53 117 151 73 51 26 164 70 111
48 71 114 43 169 25 92 165 61 21 79 29 16 19 52 178 122 127 152 83 102 163 97 147 70 111 185 183 150 88 90 65 18 105 192 14 81 123 161 157 140 154 120 15 17 196 132 99 188 23 44 56 50 167 55 129 53 117 51 26 164 197 73 151 173 3 66 6 170 54 115 31 162 47 49 199 59 124 187 98 84 195 138 176 2 128 113 174 37 72 33 46 87 134 34 131 190 109 45 137 76 155 11 177 62 160 149 8 182 24 30 121 28 22 5 93 126 107 186 116 63 139 94 172 67 0 136 86 89 119 10 130 141 144 100 135 35 158 133 68 7 42 85 180 40 166 175 194 39 74 95 78 184 32 20 4 145 60 168 198 58 36 104 80 38 103 118 108 96 101 146 69 148 142 191 1 64 156 13 91 125 193 112 12 143 110 82 77 57 171 75 9 153 179 27 181 41 106 159 189
126 93 5 22 67 0 136 86 89 119 10 130 141 28 121 144 100 135 35 158 180 85 133 68 7 42 4 145 58 36 104 80 198 168 60 20 32 184 78 95 74 39 194 175 40 166 30 24 149 8 182 177 11 155 125 91 13 156 64 1 191 142 148 69 146 101 96 108 118 38 189 48 71 127 122 178 16 29 52 19 114 159 103 106 41 57 77 82 110 143 12 112 193 162 31 115 9 153 179 75 171 181 43 169 25 27 92 173 3 50 167 55 129 66 53 117 151 73 51 26 164 197 165 61 21 79 147 152 83 102 163 97 70 111 185 183 150 88 90 65 18 105 192 14 81 123 161 157 140 154 120 15 17 196 132 99 188 23 56 44 6 54 170 98 84 195 138 176 2 128 113 37 174 187 124 33 199 59 49 47 76 137 62 160 45 109 190 131 134 46 72 87 34 186 116 107 63 139 94 172
12 143 110 82 9 153 179 75 171 57 77 41 106 181 27 43 169 25 92 165 61 21 79 97 163 102 83 152 147 178 127 122 16 29 52 19 114 159 71 48 189 103 146 69 148 142 191 1 64 156 13 91 125 112 193 155 11 177 62 160 45 109 93 5 22 149 8 182 24 121 28 30 166 40 175 194 39 74 95 78 184 32 20 101 96 108 118 38 80 104 36 58 198 168 60 145 4 7 68 42 85 133 180 158 35 135 100 144 141 130 10 119 89 86 136 0 67 172 94 139 63 116 186 107 126 190 131 34 134 87 46 137 76 47 162 31 54 170 6 44 56 23 188 99 132 196 195 84 98 187 124 59 199 49 33 72 37 174 113 128 2 176 138 154 140 157 161 120 15 17 123 81 14 192 18 65 90 88 150 183 185 111 70 197 164 26 51 73 151 117 53 66 129 55 105 167 50 3 173 115
4 20 32 184 78 95 42 7 68 133 85 180 158 35 135 100 40 175 194 39 74 191 1 64 142 148 69 146 118 103 106 41 77 57 171 75 179 153 9 82 115 110 156 13 91 125 193 112 143 12 31 162 47 76 137 155 11 177 62 8 149 182 24 166 30 121 28 144 141 130 10 0 67 136 86 119 89 172 94 139 63 116 186 131 190 107 126 93 5 22 109 160 45 34 134 87 46 72 33 49 199 59 124 187 174 37 113 128 2 176 138 195 84 98 170 54 6 44 56 23 188 99 132 196 154 140 157 161 120 15 17 123 81 14 192 18 65 90 88 150 183 185 111 26 51 117 53 66 129 55 105 167 50 3 173 151 73 197 164 70 97 163 102 83 152 147 79 21 61 165 92 25 169 27 181 43 29 16 178 127 122 52 19 114 159 71 48 189 38 108 101 96 80 104 36 58 198 168 60 145
32 20 4 145 60 168 198 58 36 104 80 108 38 118 96 101 146 69 148 142 191 1 64 13 91 125 156 77 57 41 106 103 159 189 48 71 114 19 52 29 16 122 127 178 147 152 83 102 163 97 79 21 61 165 92 25 169 43 27 181 171 75 179 153 9 82 110 115 173 3 50 167 55 129 66 53 117 151 73 51 26 164 197 70 111 185 183 150 88 90 65 18 105 192 14 81 123 161 157 140 154 120 15 17 196 132 99 188 23 56 44 6 170 54 162 31 12 143 112 193 155 11 177 182 24 8 149 109 45 160 62 137 76 47 49 59 199 33 124 187 98 84 195 138 176 2 128 113 174 37 72 46 87 134 34 190 131 186 116 63 94 172 139 107 126 93 5 22 67 0 136 86 89 119 10 130 141 144 28 121 30 166 175 40 100 135 35 158 180 133 68 7 42 85 194 39 74 95 78 184
126 93 5 22 67 0 136 86 89 119 10 130 141 28 121 144 100 135 35 158 180 85 133 68 7 42 4 145 58 36 104 80 198 168 60 20 32 184 78 95 74 39 194 175 40 166 30 24 149 8 182 177 11 155 125 91 13 156 64 1 191 142 148 69 146 101 96 108 118 38 189 48 71 127 122 178 16 29 52 19 114 159 103 106 41 57 77 82 110 143 12 112 193 162 31 115 9 153 179 75 171 181 43 169 25 27 92 173 3 50 167 55 129 66 53 117 151 73 51 26 164 197 165 61 21 79 147 152 83 102 163 97 70 111 185 183 150 88 90 65 18 105 192 14 81 123 161 157 140 154 120 15 17 196 132 99 188 23 56 44 6 54 170 98 84 195 138 176 2 128 113 37 174 187 124 33 199 59 49 47 76 137 62 160 45 109 190 131 134 46 72 87 34 186 116 107 63 139 94 172
102 163 97 70 111 185 183 150 88 90 65 18 105 192 14 81 123 161 157 140 154 120 15 17 196 132 99 188 23 44 56 50 167 55 129 53 66 3 54 6 170 98 84 195 138 176 2 128 113 174 37 72 33 187 124 59 199 49 46 87 134 34 131 190 126 107 186 116 63 139 94 172 89 119 10 130 141 144 100 135 35 158 180 85 133 68 7 42 4 145 58 36 104 80 198 168 60 20 32 184 78 95 74 39 194 175 40 166 30 28 121 24 182 8 149 0 136 86 67 22 5 93 109 45 160 62 177 11 155 137 76 47 162 31 12 143 112 193 125 91 13 156 64 1 191 142 148 69 146 101 96 108 118 38 189 48 71 159 103 106 41 171 57 77 82 110 115 173 151 117 73 51 26 164 197 61 165 92 153 9 75 179 181 27 25 169 43 114 19 52 16 29 79 21 147 178 122 127 152 83
77 57 171 75 179 9 153 92 165 61 21 79 147 152 83 102 163 97 70 111 185 183 150 88 90 65 18 192 14 81 123 161 157 140 154 120 15 17 105 55 129 53 117 51 26 164 197 73 151 173 3 66 167 50 56 44 23 188 99 132 196 138 176 2 128 195 98 84 113 37 174 187 124 59 199 49 33 72 46 87 134 34 131 190 109 45 160 22 5 93 126 107 186 116 63 139 94 172 67 0 136 86 89 119 10 130 141 144 100 135 35 158 180 85 133 68 7 42 4 145 58 36 104 80 198 168 60 20 32 184 78 95 74 39 194 175 40 166 30 121 28 149 8 24 182 177 11 155 62 137 76 47 170 6 54 162 31 115 82 110 143 12 112 193 125 91 13 156 64 1 191 142 148 69 146 101 96 108 118 38 189 48 71 127 122 178 16 29 52 19 114 43 169 25 27 181 159 106 41 103
169 25 92 165 61 197 164 26 51 73 151 117 53 66 129 55 167 50 3 173 115 31 162 54 170 6 44 56 23 188 99 132 196 195 84 98 187 124 33 199 59 49 47 76 137 155 11 62 160 45 109 93 5 22 67 86 136 0 28 121 149 8 182 177 24 30 166 40 175 194 39 74 95 78 184 32 20 60 168 198 80 104 36 58 145 4 7 68 42 85 133 180 158 35 135 100 144 141 130 10 119 89 172 94 139 63 126 107 116 186 131 190 34 134 87 46 72 37 174 113 128 2 176 138 154 140 157 161 120 15 17 123 81 14 192 105 18 65 90 88 150 183 185 111 70 97 163 102 83 152 147 178 127 122 52 19 71 48 189 38 118 108 96 101 146 69 148 142 191 1 64 156 13 91 125 193 112 12 143 110 82 9 153 179 75 77 57 171 181 27 43 106 41 103 159 114 29 16 79 21
71 48 189 38 118 108 96 101 146 69 148 142 64 1 191 39 166 40 175 194 74 95 78 184 32 20 60 168 198 80 104 36 58 145 4 7 68 42 85 133 180 158 35 135 100 144 28 121 30 24 182 8 149 160 45 109 93 5 22 141 130 10 119 89 86 136 0 67 172 94 139 63 116 186 107 126 190 131 34 134 87 46 72 37 174 113 128 2 176 195 84 98 187 124 33 199 59 49 47 76 137 62 177 11 155 193 125 91 13 156 82 77 57 171 75 9 153 179 27 181 41 106 103 159 43 169 25 92 115 110 143 112 12 31 162 54 170 6 44 56 23 188 99 132 196 138 154 140 157 161 120 15 17 123 81 14 192 105 18 65 90 88 150 183 185 111 51 117 53 129 55 167 50 66 3 173 151 73 197 164 26 70 163 102 83 152 147 97 61 165 21 79 29 16 178 127 122 52 19 114
30 166 40 175 194 39 74 95 78 184 32 20 60 168 198 80 104 36 58 145 4 7 68 42 85 133 180 158 35 135 100 144 28 121 149 8 109 22 141 130 10 0 67 136 86 119 89 94 172 5 93 126 107 139 63 116 186 131 190 34 87 72 46 134 45 160 62 137 76 49 59 199 33 124 187 174 37 113 128 2 176 138 195 84 98 170 54 6 44 56 23 188 99 132 196 154 140 157 161 120 15 17 123 81 14 192 18 65 90 88 150 183 185 111 70 97 163 102 83 152 127 122 178 147 197 164 26 51 73 151 117 53 66 129 55 105 167 50 3 173 92 165 61 21 79 29 16 52 19 114 43 169 25 27 179 75 77 57 171 181 41 106 103 159 71 48 189 38 118 108 96 101 146 69 148 142 191 1 64 156 13 91 125 193 112 12 143 110 82 9 153 115 31 162 47 155 11 177 182 24
105 18 65 90 88 150 183 185 111 70 26 164 197 165 61 21 79 147 97 163 102 83 152 127 122 178 16 29 52 19 114 71 48 189 38 118 108 96 101 146 69 148 142 191 1 64 156 13 91 125 193 112 12 143 110 82 77 57 103 41 106 159 43 169 25 27 181 171 75 179 9 153 92 115 31 162 54 6 170 98 84 187 124 33 199 59 49 47 76 137 155 11 62 160 45 109 93 5 22 67 86 136 0 28 121 149 8 182 177 24 30 166 40 175 194 39 74 95 78 184 32 20 60 168 198 80 104 36 58 145 4 7 68 42 85 133 180 158 35 135 100 144 141 130 10 119 89 172 94 139 63 126 107 116 186 131 190 34 134 87 46 72 37 174 113 128 2 176 195 138 196 132 17 15 120 154 140 157 161 123 81 14 192 99 188 23 44 56 50 167 66 3 173 151 73 51 117 53 129 55
97 163 102 83 152 127 122 178 52 19 114 71 48 189 103 41 106 159 27 181 171 57 77 75 179 153 9 82 115 110 143 12 31 162 54 170 6 44 56 23 188 99 132 196 195 84 98 187 124 47 76 137 11 155 193 112 125 91 13 156 64 1 191 142 148 69 146 101 96 108 118 38 80 104 36 58 198 168 60 145 4 20 32 184 7 42 78 95 74 85 133 68 180 158 35 135 100 40 194 39 175 166 30 24 182 177 62 160 45 109 8 149 121 28 144 141 130 10 119 89 86 136 0 67 22 5 93 172 94 139 63 116 186 107 126 190 131 34 134 87 46 49 59 199 33 72 37 174 113 128 2 176 138 154 140 157 161 120 15 17 123 81 14 192 105 18 65 90 88 150 183 185 111 70 26 51 117 53 129 55 167 50 66 3 173 151 73 164 197 61 165 92 25 169 43 29 16 79 21 147
134 34 190 131 186 116 63 94 172 139 107 126 93 5 22 67 0 136 86 89 119 10 130 141 144 100 135 35 158 180 133 68 7 4 145 60 168 198 58 36 104 80 38 118 108 96 101 148 69 146 103 189 48 71 127 122 178 152 83 102 163 97 147 21 61 165 79 29 16 52 19 114 159 43 169 25 27 181 106 41 77 57 171 75 179 153 9 82 110 143 125 91 13 156 64 1 191 142 20 32 184 42 78 95 85 74 39 194 175 40 166 30 28 121 24 182 8 149 109 45 160 62 177 11 155 193 112 31 12 115 92 173 3 50 167 55 129 66 53 117 151 73 51 26 164 197 70 111 185 183 150 88 90 65 18 105 192 14 81 123 161 157 140 154 120 15 17 196 132 99 188 23 56 44 6 170 54 162 47 76 137 49 59 199 33 124 187 98 84 195 138 176 2 128 113 174 37 72 46 87
115 110 143 12 31 162 47 76 137 62 177 11 155 193 112 125 91 13 156 82 75 171 57 77 41 106 103 146 69 148 142 64 1 191 78 184 32 20 101 96 108 118 38 80 104 36 58 198 168 60 145 4 7 68 42 95 74 85 133 180 158 35 135 141 28 121 144 100 40 175 194 39 166 30 24 182 8 149 160 45 109 93 5 22 67 86 136 0 10 130 119 89 172 94 139 63 116 186 107 126 190 131 34 134 87 46 72 33 49 199 59 124 187 174 37 113 128 2 176 138 195 84 98 170 54 6 44 56 23 188 99 132 196 154 140 157 161 120 15 17 123 81 14 192 18 65 90 88 150 183 185 111 26 51 117 53 66 129 55 105 167 50 3 173 151 73 197 164 70 97 163 102 83 152 147 178 122 127 71 48 189 159 114 19 52 16 29 79 21 61 165 92 25 169 43 27 181 179 153 9
52 19 114 43 169 25 27 181 179 153 9 75 171 57 77 82 110 115 12 31 162 54 6 170 47 76 137 155 11 62 177 182 24 121 28 8 149 22 5 93 109 160 45 134 46 87 34 190 131 186 116 63 139 107 126 94 172 67 0 136 86 89 119 10 130 141 144 100 135 35 158 180 85 133 68 7 42 4 145 58 36 104 80 198 168 60 20 32 184 78 95 74 39 194 175 40 166 30 193 112 143 125 91 13 156 64 1 191 142 148 69 146 101 96 108 38 118 103 41 106 159 189 48 71 127 122 178 147 152 83 102 163 97 70 111 185 183 150 88 90 65 18 105 192 14 81 123 161 157 140 154 120 17 15 176 2 128 113 174 37 72 33 49 199 59 124 187 98 84 195 138 196 132 99 188 23 44 56 50 167 55 129 53 66 3 173 92 151 117 73 51 26 164 197 165 61 21 79 29 16
109 93 5 22 67 0 136 86 89 119 10 130 141 144 100 135 35 158 180 85 133 68 7 42 4 145 58 36 104 80 198 168 60 20 32 184 78 95 74 39 194 175 40 166 30 121 28 149 8 182 24 125 91 13 156 64 1 191 142 148 69 146 101 96 108 118 38 189 48 71 127 122 178 16 29 52 19 114 159 103 106 41 57 77 82 110 143 12 112 193 162 31 115 9 153 179 75 171 181 43 169 25 27 92 173 3 50 167 55 129 66 53 117 151 73 51 26 164 197 165 61 21 79 147 152 83 102 163 97 70 111 185 183 150 88 90 65 18 105 192 14 81 123 161 157 140 154 120 15 17 196 132 99 188 23 56 44 6 54 170 98 84 195 138 176 2 128 113 37 174 187 124 33 199 59 49 47 76 137 155 11 177 62 160 45 134 46 72 87 34 190 131 186 116 63 139 94 172 126 107
111 185 183 150 88 90 65 18 192 14 81 123 161 157 140 154 120 15 17 99 188 132 196 138 176 2 128 195 113 174 37 72 46 87 134 34 131 190 126 107 186 116 63 139 94 172 89 119 10 130 141 144 100 135 35 158 180 85 133 68 7 42 4 145 58 36 104 80 198 168 60 20 32 184 78 95 74 39 194 175 40 166 30 28 121 24 182 8 149 0 136 86 67 22 5 93 109 45 160 62 177 11 155 193 112 125 91 13 156 64 1 191 142 148 69 146 101 96 108 118 38 189 48 71 114 19 52 122 127 178 16 29 79 21 147 152 83 102 163 97 61 165 197 73 151 3 173 92 153 9 75 179 181 27 25 169 43 159 103 106 41 171 57 77 82 115 110 143 12 31 162 47 76 137 49 59 199 33 124 187 84 98 170 54 6 44 56 23 50 167 105 55 129 66 53 117 51 26 164 70
37 174 113 128 2 176 138 195 84 98 132 196 154 140 157 161 120 15 17 123 81 14 192 99 188 23 44 56 50 167 105 18 65 90 88 150 183 53 129 55 66 3 6 170 54 162 31 12 143 112 193 125 91 13 156 64 1 191 142 148 69 146 103 106 41 77 57 171 75 179 153 9 82 110 115 173 151 117 73 197 164 26 51 185 111 70 97 163 102 83 152 147 79 21 61 165 92 25 169 27 181 43 29 16 178 127 122 52 19 114 159 71 48 189 38 118 108 101 96 80 36 58 104 198 168 60 145 4 20 32 184 78 95 42 7 68 133 85 180 158 35 135 100 74 39 194 175 40 166 30 24 182 8 149 121 28 144 141 130 10 119 89 86 136 0 67 22 5 93 109 160 62 177 11 155 47 76 137 45 190 131 107 126 172 94 139 63 116 186 34 134 87 46 49 59 199 33 124 187 72
127 122 178 52 19 114 29 16 79 147 152 83 102 163 97 21 61 165 197 164 70 111 185 26 51 73 117 151 173 3 66 53 183 150 88 90 65 18 192 14 81 123 161 157 140 154 120 15 17 105 55 129 167 50 56 44 23 188 99 132 196 138 176 2 128 195 98 84 113 37 174 187 124 59 199 49 33 72 46 87 134 34 131 190 109 45 160 22 5 93 126 107 186 116 63 139 94 172 67 0 136 86 89 119 10 130 141 144 100 135 35 158 180 85 133 68 7 42 4 145 58 36 104 80 198 168 60 20 32 184 78 95 74 39 194 175 40 166 30 121 28 149 8 24 182 177 11 155 62 137 76 47 170 6 54 162 31 115 92 25 169 43 159 103 106 41 181 27 171 57 77 75 179 153 9 82 110 143 12 112 193 125 91 13 156 64 1 191 142 148 69 146 101 96 108 118 38 189 48 71
57 77 82 110 143 12 112 193 125 91 13 156 64 1 191 142 148 69 146 101 96 108 118 38 189 48 71 127 122 178 16 29 52 19 114 159 103 106 41 181 43 169 25 27 92 165 61 21 79 147 152 83 102 163 97 70 111 185 183 150 88 90 65 18 192 14 81 123 161 157 140 154 120 15 17 105 55 129 53 117 51 26 164 197 73 151 173 3 66 167 50 56 44 23 188 99 132 196 138 176 2 128 195 98 84 113 37 174 187 124 59 199 49 33 72 46 87 134 34 131 190 109 45 160 22 5 93 126 107 186 116 63 139 94 172 67 0 136 86 89 119 10 130 141 144 100 135 35 158 180 85 133 68 7 42 4 145 58 36 104 80 198 168 60 20 32 184 78 95 74 39 194 175 40 166 30 121 28 149 8 24 182 177 11 155 62 137 76 47 170 6 54 162 31 115 9 153 179 75 171
56 23 188 99 132 196 138 154 140 157 161 120 15 17 123 81 14 192 18 65 90 88 105 55 129 66 53 150 183 185 111 163 102 83 152 127 122 178 147 97 70 26 51 117 151 73 164 197 165 61 21 79 29 16 52 19 114 71 48 189 38 118 108 96 101 146 69 148 142 191 1 64 156 13 91 125 193 112 143 12 31 162 47 76 137 155 11 177 62 160 45 109 93 5 22 149 8 182 24 121 28 30 166 40 175 194 39 74 95 78 184 32 20 60 168 198 80 104 36 58 145 4 7 68 42 85 133 180 158 35 135 100 144 141 130 10 119 89 86 136 0 67 172 94 139 63 116 186 107 126 190 131 34 134 87 46 49 199 59 124 187 33 72 37 174 113 128 2 176 195 84 98 170 44 6 54 115 110 82 77 57 103 41 106 159 43 169 25 27 181 171 75 179 9 153 92 173 3 167 50
147 79 21 61 165 197 164 26 51 73 151 117 53 129 55 167 50 66 3 173 115 31 162 155 11 177 182 24 8 149 28 121 30 166 91 125 193 112 12 143 110 82 77 57 171 41 106 181 27 179 75 9 153 92 25 169 43 159 71 48 189 103 146 69 148 142 191 1 64 156 13 39 194 74 78 184 32 20 101 96 108 118 38 80 104 36 58 198 168 60 145 4 7 68 42 95 85 133 180 158 35 175 40 100 135 144 141 130 10 0 67 136 86 119 89 172 94 139 63 126 22 5 93 107 116 186 34 87 46 134 131 190 109 45 160 62 137 76 47 54 170 6 44 56 23 188 99 132 196 195 84 98 187 124 59 199 49 33 72 37 174 113 128 2 176 138 154 140 157 161 120 15 17 123 81 14 192 105 18 65 90 88 150 183 185 111 70 97 163 102 83 152 127 122 178 52 19 114 29 16
2 128 113 37 174 187 124 59 199 49 33 72 46 87 134 34 131 190 109 45 160 22 5 93 126 107 186 116 63 139 94 172 67 0 136 86 89 119 10 130 141 144 100 135 35 158 180 85 133 68 7 42 4 145 58 36 104 80 198 168 60 20 32 184 78 95 74 39 194 175 40 166 30 121 28 149 8 24 182 177 11 155 62 137 76 47 162 31 12 143 112 193 125 91 13 156 64 1 191 142 148 69 146 101 96 108 118 38 189 48 71 127 122 178 16 29 52 19 114 159 103 106 41 57 77 82 110 115 9 153 179 75 171 181 43 169 25 27 92 173 3 50 167 55 129 66 53 117 151 73 51 26 164 197 165 61 21 79 147 152 83 102 163 97 70 111 185 183 150 88 90 65 18 105 192 14 81 123 161 157 140 154 120 15 17 196 132 99 188 23 56 44 6 54 170 98 84 195 138 176
28 121 30 24 182 8 149 160 45 109 93 5 22 141 130 10 119 89 86 136 0 67 172 94 139 63 116 186 107 126 190 131 34 134 87 46 72 37 174 113 128 2 176 195 84 98 187 124 33 199 59 49 47 76 137 62 177 11 155 162 31 54 170 6 44 56 23 188 99 132 196 138 154 140 157 161 120 15 17 123 81 14 192 18 65 90 88 105 55 129 167 50 3 66 53 150 183 185 111 70 197 164 26 51 73 117 151 173 115 110 143 12 112 193 125 91 166 40 175 194 39 74 78 184 32 20 96 101 146 69 148 142 191 1 64 13 156 82 9 153 179 75 171 57 77 41 106 181 27 43 169 25 92 165 61 21 79 147 97 163 102 83 152 127 122 178 16 29 52 19 114 159 71 48 189 103 118 38 108 80 104 36 58 198 168 60 145 4 7 68 42 95 85 133 180 158 35 135 100 144
69 146 101 96 108 80 36 58 104 198 168 60 145 4 20 32 184 78 95 42 7 68 133 85 180 158 35 135 100 74 39 194 175 40 166 30 121 28 144 141 149 8 24 182 109 93 5 22 67 86 136 0 10 130 119 89 172 94 139 63 126 107 116 186 131 190 34 87 72 46 134 45 160 62 177 11 155 137 76 47 49 59 199 33 124 187 174 37 113 128 2 176 138 195 84 98 170 54 6 44 56 23 188 99 132 196 154 140 157 161 120 15 17 123 81 14 192 18 65 90 88 150 183 185 111 26 51 117 53 66 129 55 105 167 50 3 31 162 193 125 91 112 12 143 110 115 173 151 73 197 164 70 97 163 102 83 152 147 178 122 127 71 48 189 38 118 103 159 114 19 52 16 29 79 21 61 165 92 25 169 43 27 181 106 41 77 57 171 75 179 153 9 82 156 13 64 1 191 142 148
155 11 177 62 160 45 109 190 131 34 87 46 134 137 76 47 54 6 170 98 84 187 124 59 199 49 33 72 37 174 113 128 2 176 195 138 196 132 154 140 157 161 120 15 17 123 81 14 192 99 188 23 44 56 50 167 66 53 129 55 105 18 65 90 88 150 183 185 111 102 152 83 163 97 147 127 122 178 16 29 52 19 114 159 71 48 189 103 106 41 181 27 43 169 25 79 21 61 165 197 164 70 26 51 73 117 151 92 153 9 179 75 171 57 77 82 110 143 156 13 64 1 191 39 175 40 194 74 95 78 184 32 20 96 101 148 142 69 146 118 38 108 80 104 36 58 198 168 60 145 4 7 68 42 85 133 180 158 35 100 135 130 119 89 172 94 139 63 116 186 107 126 93 5 22 67 86 136 0 10 141 144 28 149 8 182 24 121 30 166 91 125 193 112 12 115 173 3 31 162
110 115 173 3 50 167 55 129 66 53 117 151 73 51 26 164 197 70 97 147 178 122 127 152 83 102 163 111 185 183 150 88 90 65 18 105 192 14 81 123 161 157 140 154 120 15 17 196 132 99 188 23 56 44 6 170 54 31 162 155 11 177 62 137 76 47 49 59 199 33 124 187 98 84 195 138 176 2 128 113 174 37 72 46 87 134 34 190 131 186 116 107 126 63 139 94 172 89 119 86 136 0 67 22 5 93 109 45 160 182 24 8 149 141 10 130 144 28 121 30 166 100 135 35 158 180 133 68 7 4 145 60 168 198 58 36 104 80 38 118 108 96 101 20 32 184 78 95 42 85 74 194 40 175 39 1 64 191 142 148 69 146 103 189 48 71 159 114 19 52 16 29 79 21 61 165 92 25 169 43 27 181 106 41 77 57 171 75 179 153 9 82 156 13 91 125 193 112 12 143
31 162 54 170 6 44 56 23 188 99 132 196 138 154 140 157 161 120 15 17 123 81 14 192 18 65 90 88 150 183 185 111 26 51 117 53 66 129 55 105 167 50 3 115 173 151 73 197 164 70 97 163 102 83 152 147 178 122 127 71 48 189 38 118 108 101 96 198 80 104 36 58 168 60 145 4 20 32 184 78 95 42 7 68 133 85 74 180 158 35 135 144 28 121 149 8 160 45 109 93 5 22 141 130 10 119 89 86 136 0 67 172 94 139 63 116 186 107 126 190 131 34 134 87 46 72 37 174 113 128 2 176 195 84 98 187 124 33 199 59 49 47 76 137 62 155 11 177 182 24 30 166 100 40 175 194 39 13 156 64 1 191 142 148 69 146 103 159 114 19 52 16 29 79 21 61 165 92 25 169 43 27 181 106 41 77 57 171 75 179 153 9 82 110 12 143 91 125 193 112
186 116 63 139 94 172 67 0 136 86 89 119 10 130 141 144 100 135 35 158 180 85 133 68 7 42 4 145 58 36 104 80 198 168 60 20 32 184 78 95 74 39 194 175 40 166 30 121 28 149 8 182 24 125 91 13 156 64 1 191 142 148 69 146 101 96 108 118 38 189 48 71 127 122 178 16 29 52 19 114 159 103 106 41 57 77 82 110 143 12 112 193 162 31 115 9 153 179 75 171 181 43 169 25 27 92 173 3 50 167 55 129 66 53 117 151 73 51 26 164 197 165 61 21 79 147 152 83 102 163 97 70 111 185 183 150 88 90 65 18 105 192 14 81 123 161 157 140 154 120 15 17 196 132 99 188 23 56 44 6 54 170 98 84 195 138 176 2 128 113 37 174 187 124 33 199 59 49 47 76 137 155 11 177 62 160 45 134 46 72 87 34 131 190 109 22 5 93 126 107
130 141 144 135 35 158 180 85 133 68 7 42 4 145 58 36 104 80 198 168 60 20 32 184 78 95 74 39 194 175 40 100 28 121 149 8 182 24 30 166 125 91 13 156 64 1 191 142 148 69 146 101 96 108 118 38 189 48 71 127 122 178 16 29 52 19 114 159 103 106 41 57 77 82 110 143 12 112 193 162 31 115 9 153 179 75 171 181 43 169 25 27 92 173 3 50 167 55 129 66 53 117 151 73 51 26 164 197 165 61 21 79 147 152 83 102 163 97 70 111 185 183 150 88 90 65 18 105 192 14 81 123 161 157 140 154 120 15 17 196 132 99 188 23 56 44 6 54 170 98 84 195 138 176 2 128 113 174 37 72 187 124 33 199 59 49 46 87 34 134 47 76 137 155 11 177 62 160 45 109 190 131 186 116 63 139 107 126 93 5 22 67 0 136 86 172 94 89 119 10
138 154 140 157 120 15 17 161 123 81 14 192 18 65 90 88 105 55 129 167 50 3 66 53 150 183 185 111 70 197 164 26 51 73 117 151 173 115 110 82 9 153 179 75 171 57 77 41 106 181 27 43 169 25 92 165 61 21 79 147 97 163 102 83 152 127 122 178 16 29 52 19 114 159 71 48 189 103 146 69 148 142 191 1 64 156 13 91 125 175 40 194 39 74 95 78 184 32 20 101 96 108 118 38 80 104 36 58 198 168 60 145 4 7 68 42 85 133 180 158 35 135 100 166 30 121 28 144 141 130 10 119 89 86 136 0 67 172 94 139 63 116 186 107 126 93 5 22 149 8 24 182 160 45 109 190 131 34 134 87 46 33 72 37 174 113 128 2 176 195 84 98 187 124 59 199 49 47 76 137 62 177 11 155 193 112 143 12 31 162 54 170 6 44 56 23 188 99 132 196
132 196 138 154 140 157 161 120 15 17 123 81 14 192 18 65 90 88 105 55 129 66 53 150 183 185 111 163 102 83 152 127 122 178 147 97 70 26 51 117 151 73 164 197 165 61 21 79 29 16 52 19 114 71 48 189 38 118 108 96 101 146 69 148 142 191 1 64 156 13 91 125 193 112 12 143 110 82 77 57 103 41 106 159 43 169 25 27 181 171 75 179 9 153 92 173 3 115 31 162 155 11 177 62 160 45 109 93 5 22 149 8 182 24 121 28 30 166 40 175 194 39 74 95 78 184 32 20 60 168 198 80 104 36 58 145 4 7 68 42 85 133 180 158 35 135 100 144 141 130 10 119 89 86 136 0 67 172 94 139 63 116 186 107 126 190 131 34 134 87 46 137 76 47 49 199 59 124 187 33 72 37 174 113 128 2 176 195 84 98 170 54 6 44 56 50 167 23 188 99
97 163 102 83 152 127 122 178 52 19 114 71 48 189 103 41 106 159 27 181 171 57 77 75 179 153 9 82 115 110 143 12 31 162 54 170 6 44 56 23 188 99 132 196 195 84 98 187 124 47 76 137 11 155 193 112 125 91 13 156 64 1 191 142 148 69 146 101 96 108 118 38 80 104 36 58 198 168 60 145 4 20 32 184 7 42 78 95 74 85 133 68 180 158 35 135 100 40 194 39 175 166 30 24 182 177 62 160 45 109 8 149 121 28 144 141 130 10 119 89 86 136 0 67 22 5 93 172 94 139 63 116 186 107 126 190 131 34 134 87 46 49 59 199 33 72 37 174 113 128 2 176 138 154 140 157 161 120 15 17 123 81 14 192 105 18 65 90 88 150 183 185 111 70 26 51 117 53 129 55 167 50 66 3 173 151 73 164 197 61 165 92 25 169 43 29 16 79 21 147
166 40 175 194 39 74 78 184 32 20 60 168 198 80 104 36 58 145 4 7 68 42 95 85 133 180 158 35 135 100 30 121 28 144 141 149 8 109 93 5 22 67 86 136 0 10 130 119 89 172 94 139 63 126 107 116 186 131 190 34 87 72 46 134 45 160 62 137 76 49 59 199 33 124 187 174 37 113 128 2 176 138 195 84 98 170 54 6 44 56 23 188 99 132 196 154 140 157 161 120 15 17 123 81 14 192 18 65 90 88 150 183 185 111 70 97 163 102 83 152 127 122 178 147 197 164 26 51 73 151 117 53 66 129 55 105 167 50 3 173 92 165 61 21 79 29 16 52 19 114 43 169 25 27 179 75 77 57 171 181 41 106 103 159 71 48 189 38 118 108 96 101 146 69 148 142 191 1 64 156 13 91 125 193 112 12 143 110 82 9 153 115 31 162 47 155 11 177 182 24
172 89 86 136 0 67 22 5 93 109 45 160 149 8 182 24 30 121 28 144 141 10 119 130 135 100 35 158 180 85 133 68 7 4 145 60 168 198 58 36 104 80 38 118 108 96 101 148 69 146 103 106 41 57 77 156 13 64 1 191 142 20 32 184 42 78 95 74 39 194 175 40 166 91 125 193 112 12 143 110 82 9 153 179 75 171 181 27 43 169 25 29 16 52 19 114 159 189 48 71 127 122 178 147 152 83 102 163 97 79 21 61 165 92 151 117 73 51 26 164 197 70 111 185 183 150 88 90 65 18 192 14 81 123 161 157 140 154 120 15 17 196 132 188 99 105 55 129 53 66 167 50 23 56 44 6 170 54 3 173 115 31 162 155 11 177 62 137 76 47 49 59 199 33 124 187 98 84 195 138 176 2 128 113 174 37 72 46 87 134 34 190 131 186 116 107 126 63 139 94
23 56 50 167 55 129 53 66 3 54 6 44 170 47 76 137 46 87 134 34 131 190 126 107 186 116 63 139 94 172 89 119 10 130 141 144 100 135 35 158 180 85 133 68 7 42 4 145 58 36 104 80 198 168 60 20 32 184 78 95 74 39 194 175 40 166 30 28 121 24 182 8 149 0 136 86 67 22 5 93 109 45 160 62 177 11 155 162 31 12 143 112 193 125 91 13 156 64 1 191 142 148 69 146 101 96 108 118 38 189 48 71 159 103 106 41 171 57 77 82 110 115 173 92 153 9 75 179 181 27 25 169 43 114 19 52 16 29 79 21 61 165 197 73 151 117 51 26 164 70 97 147 178 122 127 152 83 102 163 111 185 183 150 88 90 65 18 105 192 14 81 123 161 157 140 154 120 17 15 176 2 128 113 174 37 72 33 49 199 59 124 187 98 84 195 138 196 132 99 188
32 20 4 145 60 168 198 58 36 104 80 108 38 118 96 101 146 69 148 142 191 1 64 13 91 125 156 77 57 41 106 103 159 189 48 71 114 19 52 29 16 122 127 178 147 152 83 102 163 97 79 21 61 165 92 25 169 43 27 181 171 75 179 153 9 82 110 115 173 3 50 167 55 129 66 53 117 151 73 51 26 164 197 70 111 185 183 150 88 90 65 18 105 192 14 81 123 161 157 140 154 120 15 17 196 132 99 188 23 56 44 6 170 54 162 31 12 143 112 193 155 11 177 182 24 8 149 109 45 160 62 137 76 47 49 59 199 33 124 187 98 84 195 138 176 2 128 113 174 37 72 46 87 134 34 190 131 186 116 63 94 172 139 107 126 93 5 22 67 0 136 86 89 119 10 130 141 144 28 121 30 166 175 40 100 135 35 158 180 133 68 7 42 85 194 39 74 95 78 184
29 16 178 127 122 52 19 114 71 48 189 38 118 108 96 101 146 69 148 142 191 1 64 156 13 39 166 40 175 194 74 95 78 184 32 20 60 168 198 80 104 36 58 145 4 7 68 42 85 133 180 158 35 135 100 144 28 121 30 24 182 8 149 160 45 109 93 5 22 141 130 10 119 89 86 136 0 67 172 94 139 63 116 186 107 126 190 131 34 134 87 46 72 37 174 113 128 2 176 195 84 98 187 124 33 199 59 49 47 76 137 62 177 11 155 193 125 91 112 12 143 110 115 31 162 54 170 6 44 56 23 188 99 132 196 138 154 140 157 161 120 15 17 123 81 14 192 105 18 65 90 88 150 183 185 111 51 117 53 129 55 167 50 66 3 173 151 73 197 164 26 70 163 102 152 83 97 147 79 21 61 165 92 153 9 82 75 179 27 181 171 57 77 103 41 106 159 43 169 25
186 116 63 139 94 172 67 0 136 86 89 119 10 130 141 144 100 135 35 158 180 85 133 68 7 42 4 145 58 36 104 80 198 168 60 20 32 184 78 95 74 39 194 175 40 166 30 121 28 149 8 182 24 125 91 13 156 64 1 191 142 148 69 146 101 96 108 118 38 189 48 71 127 122 178 16 29 52 19 114 159 103 106 41 57 77 82 110 143 12 112 193 162 31 115 9 153 179 75 171 181 43 169 25 27 92 173 3 50 167 55 129 66 53 117 151 73 51 26 164 197 165 61 21 79 147 152 83 102 163 97 70 111 185 183 150 88 90 65 18 105 192 14 81 123 161 157 140 154 120 15 17 196 132 99 188 23 56 44 6 54 170 98 84 195 138 176 2 128 113 37 174 187 124 33 199 59 49 47 76 137 155 11 177 62 160 45 134 46 72 87 34 131 190 109 22 5 93 126 107
52 19 114 43 169 25 27 181 179 153 9 75 171 57 77 82 110 115 12 31 162 54 6 170 47 76 137 155 11 62 177 182 24 121 28 8 149 22 5 93 109 160 45 134 46 87 34 190 131 186 116 63 139 107 126 94 172 67 0 136 86 89 119 10 130 141 144 100 135 35 158 180 85 133 68 7 42 4 145 58 36 104 80 198 168 60 20 32 184 78 95 74 39 194 175 40 166 30 193 112 143 125 91 13 156 64 1 191 142 148 69 146 101 96 108 38 118 103 41 106 159 189 48 71 127 122 178 147 152 83 102 163 97 70 111 185 183 150 88 90 65 18 105 192 14 81 123 161 157 140 154 120 17 15 176 2 128 113 174 37 72 33 49 199 59 124 187 98 84 195 138 196 132 99 188 23 44 56 50 167 55 129 53 66 3 173 92 151 117 73 51 26 164 197 165 61 21 79 29 16
38 118 101 148 142 69 146 103 41 106 159 189 48 71 127 122 178 16 29 52 19 114 43 169 25 27 181 179 153 9 75 171 57 77 82 110 115 92 173 3 50 167 55 129 66 53 117 151 73 51 26 164 197 165 61 21 79 147 152 83 102 163 97 70 111 185 183 150 88 90 65 18 105 192 14 81 123 161 157 140 154 120 15 17 196 132 99 188 23 56 44 6 54 170 98 84 195 138 176 2 128 113 174 37 72 187 124 33 199 59 49 46 87 134 34 186 116 63 139 94 172 126 107 131 190 109 93 5 22 67 0 136 86 89 119 10 130 141 144 28 121 30 166 155 11 62 177 182 24 8 149 160 45 137 76 47 162 31 12 143 112 193 125 91 13 156 64 1 191 39 194 175 40 100 135 35 158 180 133 68 7 42 85 74 95 78 184 32 20 4 145 60 168 198 58 36 104 80 96 108
91 125 112 143 12 3 173 115 110 82 9 153 179 75 77 57 171 27 43 169 25 92 165 61 21 79 29 16 52 19 114 159 181 106 41 64 1 191 142 148 69 146 103 189 48 71 127 122 178 147 152 83 102 163 97 70 111 185 183 150 88 90 55 129 53 117 51 26 164 197 73 151 66 50 167 105 18 65 192 14 81 123 161 157 140 154 120 15 17 196 132 99 188 23 56 44 6 54 170 98 84 195 138 176 2 128 113 37 174 187 124 59 199 49 33 72 46 87 134 34 190 131 186 116 107 126 63 139 94 172 89 119 86 136 0 67 22 5 93 109 45 160 62 137 76 47 162 31 193 155 11 177 182 24 8 149 141 10 130 144 28 121 30 166 100 135 35 158 180 133 68 7 4 145 60 168 198 58 36 104 80 38 118 108 96 101 20 32 184 78 95 42 85 74 194 40 175 39 13 156
195 84 98 187 124 33 199 59 49 47 76 137 155 11 177 62 160 45 109 190 131 34 134 87 46 72 37 174 113 128 2 176 138 154 140 157 120 15 17 161 123 81 14 192 18 65 90 88 105 55 129 167 50 3 66 53 150 183 185 111 70 197 164 26 51 73 117 151 173 115 110 82 9 153 179 75 171 57 77 41 106 181 27 43 169 25 92 165 61 21 79 147 97 163 102 83 152 127 122 178 16 29 52 19 114 159 71 48 189 103 146 69 148 101 96 108 118 38 80 104 36 58 198 168 60 145 4 7 68 42 85 133 180 158 35 135 100 144 141 130 10 119 89 86 136 0 67 172 94 139 63 116 186 107 126 93 5 22 149 8 182 24 121 28 30 166 40 175 194 39 74 95 78 184 32 20 142 191 1 64 156 13 91 125 193 112 143 12 31 162 54 170 6 44 56 23 188 99 132 196
88 90 65 18 105 55 129 167 50 56 44 98 84 124 59 199 49 33 187 195 138 196 132 23 188 99 192 14 81 123 161 157 140 154 120 17 15 176 2 128 113 174 37 72 46 87 134 34 131 190 109 45 160 22 5 93 126 107 186 116 63 139 94 172 67 0 136 86 89 119 10 130 141 144 100 135 35 158 180 85 133 68 7 42 4 145 58 36 104 80 198 168 60 20 32 184 78 95 74 39 194 175 40 166 30 121 28 149 8 24 182 177 11 155 62 137 76 47 170 6 54 162 31 12 143 112 193 125 91 13 156 64 1 191 142 148 69 146 101 96 108 118 38 189 48 71 159 103 106 41 171 57 77 82 110 115 173 3 66 53 117 151 73 51 26 164 197 165 92 153 9 75 179 181 27 43 169 25 61 21 79 16 29 114 19 52 122 127 178 147 152 83 102 163 97 70 111 185 183 150
188 99 192 14 81 123 161 157 140 154 120 15 17 196 132 23 56 44 6 170 54 3 173 115 110 143 12 31 162 47 76 137 49 59 199 33 124 187 98 84 195 138 176 2 128 113 174 37 72 46 87 134 34 131 190 126 107 186 116 63 139 94 172 89 119 10 130 141 144 100 135 35 158 180 85 133 68 7 42 4 145 60 168 198 58 36 104 80 38 118 108 96 101 20 32 184 78 95 74 39 194 175 40 166 30 28 121 24 182 8 149 0 136 86 67 22 5 93 109 45 160 62 177 11 155 193 112 125 91 13 156 64 1 191 142 148 69 146 103 189 48 71 127 122 178 152 83 102 163 97 147 61 165 21 79 29 16 52 19 114 159 106 41 77 57 171 75 82 9 153 179 181 27 43 169 25 92 151 117 73 51 26 164 197 70 111 185 183 150 88 90 65 18 105 55 129 53 66 167 50
81 123 161 157 140 154 120 15 17 196 132 99 188 23 56 50 167 105 55 129 66 53 117 151 173 92 153 9 75 179 181 27 25 169 43 159 103 106 41 171 57 77 82 110 115 3 54 6 44 170 98 47 76 137 49 199 59 124 187 84 195 138 176 2 128 113 174 37 72 33 46 87 134 34 131 190 126 107 186 116 63 139 94 172 89 119 10 130 141 144 100 135 35 158 180 85 133 68 7 42 4 145 58 36 104 80 198 168 60 20 32 184 78 95 74 39 194 175 40 166 30 28 121 24 182 8 149 0 136 86 67 22 5 93 109 45 160 62 177 11 155 162 31 12 143 112 193 125 91 13 156 64 1 191 142 148 69 146 101 96 108 118 38 189 48 71 114 19 52 16 29 79 21 61 165 197 73 51 26 164 70 97 147 178 122 127 152 83 102 163 111 185 183 150 88 90 65 18 192 14
167 55 129 53 117 151 73 51 26 164 197 165 61 21 79 147 152 83 102 163 97 70 111 185 183 150 88 90 65 18 105 192 14 81 123 17 15 120 161 157 140 154 176 138 196 132 99 188 23 50 56 44 6 54 170 98 84 195 2 128 113 37 174 187 124 59 199 49 33 72 46 87 134 34 131 190 109 45 160 22 5 93 126 107 186 116 63 139 94 172 67 0 136 86 89 119 10 130 141 144 100 135 35 158 180 85 133 68 7 42 4 145 58 36 104 80 198 168 60 20 32 184 78 95 74 39 194 175 40 166 30 121 28 149 8 24 182 177 11 155 62 137 76 47 162 31 12 143 112 193 125 91 13 156 64 1 191 142 148 69 146 101 96 108 118 38 189 48 71 127 122 178 16 29 52 19 114 159 103 41 106 43 169 25 27 181 171 57 77 75 179 153 9 82 110 115 92 173 3 66
31 162 54 170 6 44 56 23 188 99 132 196 138 154 140 157 161 120 15 17 123 81 14 192 18 65 90 88 150 183 185 111 26 51 117 53 66 129 55 105 167 50 3 115 173 151 73 197 164 70 97 163 102 83 152 147 178 122 127 71 48 189 38 118 108 101 96 198 80 104 36 58 168 60 145 4 20 32 184 78 95 42 7 68 133 85 74 180 158 35 135 144 28 121 149 8 160 45 109 93 5 22 141 130 10 119 89 86 136 0 67 172 94 139 63 116 186 107 126 190 131 34 134 87 46 72 37 174 113 128 2 176 195 84 98 187 124 33 199 59 49 47 76 137 62 155 11 177 182 24 30 166 100 40 175 194 39 13 156 64 1 191 142 148 69 146 103 159 114 19 52 16 29 79 21 61 165 92 25 169 43 27 181 106 41 77 57 171 75 179 153 9 82 110 12 143 91 125 193 112
80 104 36 58 198 168 60 145 4 20 32 184 78 95 42 7 68 133 85 180 158 35 135 100 144 141 130 10 119 89 94 172 86 136 0 67 22 5 93 126 107 139 63 116 186 131 190 109 160 45 34 134 87 46 72 37 174 113 128 2 176 195 84 98 187 124 33 199 59 49 137 76 155 11 62 177 182 24 8 149 28 121 30 166 40 175 194 39 74 191 1 64 142 148 69 146 103 41 106 159 181 171 57 77 75 179 153 9 82 156 13 91 125 193 112 12 143 110 115 31 162 47 54 170 6 44 56 23 188 99 132 196 138 154 140 157 161 120 15 17 123 81 14 192 105 18 65 90 88 150 183 185 111 70 97 163 102 83 152 147 79 21 61 165 197 164 26 51 117 53 129 55 167 50 66 3 173 151 73 92 27 43 169 25 29 16 178 127 122 52 19 114 71 48 189 38 118 101 96 108
110 115 173 3 50 167 55 129 66 53 117 151 73 51 26 164 197 70 97 147 178 122 127 152 83 102 163 111 185 183 150 88 90 65 18 105 192 14 81 123 161 157 140 154 120 15 17 196 132 99 188 23 56 44 6 170 54 31 162 155 11 177 62 137 76 47 49 59 199 33 124 187 98 84 195 138 176 2 128 113 174 37 72 46 87 134 34 190 131 186 116 107 126 63 139 94 172 89 119 86 136 0 67 22 5 93 109 45 160 182 24 8 149 141 10 130 144 28 121 30 166 100 135 35 158 180 133 68 7 4 145 60 168 198 58 36 104 80 38 118 108 96 101 20 32 184 78 95 42 85 74 194 40 175 39 1 64 191 142 148 69 146 103 189 48 71 159 114 19 52 16 29 79 21 61 165 92 25 169 43 27 181 106 41 77 57 171 75 179 153 9 82 156 13 91 125 193 112 12 143
198 168 60 145 4 20 32 184 78 95 42 7 68 133 85 180 158 35 135 100 144 141 130 10 119 89 94 172 86 136 0 67 22 5 93 126 107 139 63 116 186 131 190 109 160 45 34 134 87 46 72 37 174 113 128 2 176 195 84 98 187 124 33 199 59 49 137 76 155 11 62 177 182 24 8 149 28 121 30 166 40 175 194 39 74 191 1 64 142 148 69 146 103 41 106 159 181 171 57 77 75 179 153 9 82 156 13 91 125 193 112 12 143 110 115 31 162 47 54 170 6 44 56 23 188 99 132 196 138 154 140 157 161 120 15 17 123 81 14 192 105 18 65 90 88 150 183 185 111 70 97 163 102 83 152 147 79 21 61 165 197 164 26 51 117 53 129 55 167 50 66 3 173 151 73 92 27 43 169 25 29 16 178 127 122 52 19 114 71 48 189 38 118 101 96 108 80 104 36 58
107 126 172 94 139 63 116 186 131 190 34 87 72 46 134 45 109 160 62 137 76 49 59 199 33 124 187 174 37 113 128 2 176 138 195 84 98 170 54 6 44 56 23 188 99 132 196 154 140 157 161 120 15 17 123 81 14 192 18 65 90 88 150 183 185 111 70 97 163 102 83 152 127 122 178 147 197 164 26 51 73 151 117 53 66 129 55 105 167 50 3 173 92 165 61 21 79 29 16 52 19 114 43 169 25 27 179 75 77 57 171 181 41 106 103 159 71 48 189 38 118 108 96 101 146 69 148 142 191 1 64 156 13 91 125 193 112 12 143 110 82 9 153 115 31 162 47 155 11 177 166 40 175 194 39 74 95 78 184 32 20 60 168 198 80 104 36 58 145 4 7 68 42 85 133 180 158 35 135 100 30 24 182 8 149 121 28 144 141 130 10 119 89 86 136 0 67 22 5 93
70 111 185 183 150 88 90 65 18 105 192 14 81 123 161 157 140 154 120 17 15 176 2 128 113 174 37 72 33 49 199 59 124 187 98 84 195 138 196 132 99 188 23 44 56 50 167 55 129 66 53 117 73 51 26 164 197 61 165 92 153 9 82 110 115 173 151 3 6 170 54 31 162 47 76 137 46 87 134 34 131 190 126 107 186 116 63 139 94 172 89 119 10 130 141 144 100 135 35 158 180 85 133 68 7 42 4 145 58 36 104 80 198 168 60 20 32 184 78 95 74 39 194 175 40 166 30 28 121 24 182 8 149 0 136 86 67 22 5 93 109 45 160 62 177 11 155 193 112 12 143 125 91 13 156 64 1 191 142 148 69 146 101 96 108 118 38 189 48 71 159 103 106 41 77 57 171 75 179 181 27 25 169 43 114 19 52 122 127 178 16 29 79 21 147 152 83 102 163 97
50 167 55 129 66 53 117 151 73 51 26 164 197 165 61 21 79 147 152 83 102 163 97 70 111 185 183 150 88 90 65 18 105 192 14 81 123 161 157 140 154 120 15 17 196 132 99 188 23 56 44 6 170 54 162 31 115 110 82 9 153 179 75 77 57 171 181 27 43 159 106 41 103 146 69 101 148 142 78 95 74 194 39 191 1 64 13 156 143 12 112 193 125 91 24 182 8 149 109 45 160 62 177 11 155 137 76 47 124 187 98 84 195 138 176 2 128 113 174 37 72 33 199 59 49 46 87 134 34 190 131 186 116 63 94 172 139 107 126 93 5 22 67 0 136 86 89 119 10 130 141 144 28 121 30 166 175 40 100 135 35 158 180 85 133 68 7 42 184 32 20 4 145 60 168 198 58 36 104 80 96 108 118 38 189 48 71 114 19 52 122 127 178 16 29 169 25 92 173 3
160 45 134 46 72 87 34 131 190 126 107 186 116 63 139 94 172 89 119 10 130 141 144 100 135 35 158 180 85 133 68 7 42 4 145 58 36 104 80 198 168 60 20 32 184 78 95 74 39 194 175 40 166 125 91 13 156 64 1 191 142 148 69 146 101 96 108 118 38 189 48 71 127 122 178 16 29 52 19 114 159 103 106 41 57 77 82 110 143 12 112 193 162 31 115 9 153 179 75 171 181 43 169 25 27 92 173 3 50 167 55 129 66 53 117 151 73 51 26 164 197 165 61 21 79 147 152 83 102 163 97 70 111 185 183 150 88 90 65 18 105 192 14 81 123 161 157 140 154 120 15 17 196 132 99 188 23 56 44 6 54 170 98 84 195 138 176 2 128 113 37 174 187 124 33 199 59 49 47 76 137 62 155 11 177 182 8 149 24 30 121 28 0 136 86 67 22 5 93 109
102 163 97 70 111 185 183 150 88 90 65 18 105 192 14 81 123 161 157 140 154 120 15 17 196 132 99 188 23 44 56 50 167 55 129 53 66 3 54 6 170 98 84 195 138 176 2 128 113 174 37 72 33 187 124 59 199 49 46 87 134 34 131 190 126 107 186 116 63 139 94 172 89 119 10 130 141 144 100 135 35 158 180 85 133 68 7 42 4 145 58 36 104 80 198 168 60 20 32 184 78 95 74 39 194 175 40 166 30 28 121 24 182 8 149 0 136 86 67 22 5 93 109 45 160 62 177 11 155 137 76 47 162 31 12 143 112 193 125 91 13 156 64 1 191 142 148 69 146 101 96 108 118 38 189 48 71 159 103 106 41 171 57 77 82 110 115 173 151 117 73 51 26 164 197 61 165 92 153 9 75 179 181 27 25 169 43 114 19 52 16 29 79 21 147 178 122 127 152 83
138 154 140 157 120 15 17 161 123 81 14 192 18 65 90 88 105 55 129 167 50 3 66 53 150 183 185 111 70 197 164 26 51 73 117 151 173 115 110 82 9 153 179 75 171 57 77 41 106 181 27 43 169 25 92 165 61 21 79 147 97 163 102 83 152 127 122 178 16 29 52 19 114 159 71 48 189 103 146 69 148 142 191 1 64 156 13 91 125 175 40 194 39 74 95 78 184 32 20 101 96 108 118 38 80 104 36 58 198 168 60 145 4 7 68 42 85 133 180 158 35 135 100 166 30 121 28 144 141 130 10 119 89 86 136 0 67 172 94 139 63 116 186 107 126 93 5 22 149 8 24 182 160 45 109 190 131 34 134 87 46 33 72 37 174 113 128 2 176 195 84 98 187 124 59 199 49 47 76 137 62 177 11 155 193 112 143 12 31 162 54 170 6 44 56 23 188 99 132 196
118 38 108 80 36 58 104 198 168 60 145 4 20 32 184 78 95 42 7 68 133 85 74 180 158 35 135 100 144 28 121 149 141 130 10 119 89 94 172 86 136 0 67 22 5 93 109 160 45 190 131 107 126 139 63 116 186 34 134 87 46 72 37 174 113 128 2 176 195 84 98 187 124 33 199 59 49 47 76 137 62 155 11 177 182 8 24 30 166 40 175 194 39 191 1 64 156 13 91 125 193 112 143 12 31 162 54 170 6 44 56 23 188 99 132 196 138 154 140 157 161 120 15 17 123 81 14 192 18 65 90 88 150 183 185 111 70 97 163 102 83 152 147 79 21 61 165 197 164 26 51 73 151 117 53 66 129 55 105 167 50 3 173 115 110 82 77 57 171 75 179 9 153 92 25 169 43 114 19 52 29 16 178 122 127 71 48 189 159 27 181 41 106 103 146 69 142 148 101 96
150 183 185 111 70 26 164 197 165 61 97 163 102 83 152 147 21 79 29 16 178 127 122 52 19 114 43 169 25 27 181 179 75 9 153 92 115 110 82 77 57 171 41 106 103 159 71 48 189 38 118 108 96 101 146 69 148 142 191 1 64 156 13 91 125 193 112 143 12 31 162 54 6 170 47 76 137 62 155 11 177 182 24 8 149 28 121 30 166 40 175 194 39 74 95 78 184 32 20 60 168 198 80 104 36 58 145 4 42 7 68 133 85 180 158 35 135 100 144 141 130 10 119 89 86 136 0 67 172 94 139 63 116 186 107 126 93 5 22 160 45 109 190 131 34 134 87 46 72 37 174 113 128 2 176 138 195 187 33 49 199 59 124 84 98 132 196 17 15 120 154 140 157 161 123 81 14 192 18 65 90 88 105 99 188 23 44 56 50 167 55 129 66 3 173 151 73 51 117 53
199 49 33 72 46 87 134 34 131 190 109 45 160 22 5 93 126 107 186 116 63 139 94 172 67 0 136 86 89 119 10 130 141 144 100 135 35 158 180 85 133 68 7 42 4 145 58 36 104 80 198 168 60 20 32 184 78 95 74 39 194 175 40 166 30 121 28 149 8 24 182 177 11 155 62 137 76 47 162 31 12 143 112 193 125 91 13 156 64 1 191 142 148 69 146 101 96 108 118 38 189 48 71 127 122 178 16 29 52 19 114 159 103 106 41 57 77 82 110 115 9 153 179 75 171 181 43 169 25 27 92 173 3 50 167 55 129 66 53 117 151 73 51 26 164 197 165 61 21 79 147 152 83 102 163 97 70 111 185 183 150 88 90 65 18 105 192 14 81 123 161 157 140 154 120 15 17 196 132 99 188 23 56 44 6 54 170 98 84 195 138 176 2 128 113 37 174 187 124 59
136 86 172 94 89 119 10 130 135 100 166 40 175 194 39 74 95 78 42 85 133 180 35 158 68 7 184 32 20 4 145 60 168 58 36 104 80 198 96 101 108 38 118 103 146 69 148 142 191 1 64 156 13 91 125 143 110 82 9 153 179 75 171 57 77 41 106 181 27 43 169 25 29 16 52 19 114 159 189 48 71 127 122 178 147 152 83 102 163 97 79 21 61 165 92 151 117 73 51 26 164 197 70 111 185 183 150 88 90 65 18 192 14 81 123 161 157 140 154 120 15 17 196 132 188 99 105 55 129 53 66 167 50 23 56 44 6 170 54 3 173 115 12 31 162 112 193 155 11 177 62 137 76 47 49 59 199 33 124 187 98 84 195 138 176 2 128 113 174 37 72 46 87 134 34 190 131 186 116 63 139 107 126 93 5 22 109 45 160 149 8 182 24 30 121 28 144 141 0 67
113 174 33 49 199 59 124 187 98 84 195 128 2 176 138 154 140 157 120 15 17 161 123 81 14 192 99 196 132 188 23 56 44 6 170 54 3 66 50 167 129 55 105 18 65 90 88 150 53 183 185 111 102 163 97 70 197 164 26 51 73 117 151 173 115 110 82 9 153 179 75 171 57 77 41 106 181 27 43 169 25 92 165 61 21 79 29 16 147 83 152 127 122 178 52 19 114 159 71 48 189 103 146 69 148 101 96 108 118 38 80 104 36 58 198 168 60 145 4 20 32 184 42 7 68 133 85 180 158 35 135 100 144 141 130 10 119 89 172 94 139 63 116 186 107 126 93 5 22 67 86 136 0 149 8 182 24 121 28 30 166 40 175 194 39 74 95 78 142 191 1 64 156 13 91 125 193 112 143 12 31 162 47 76 137 155 11 177 62 160 45 109 190 131 34 134 87 46 72 37
9 82 110 115 173 3 50 167 55 129 66 53 117 151 73 51 26 164 197 70 111 185 183 150 88 90 65 18 105 192 14 81 123 161 157 140 154 120 15 17 196 132 99 188 23 56 44 6 170 54 162 31 12 143 112 193 125 91 175 40 166 30 24 182 8 149 121 28 22 5 93 109 45 160 62 177 11 155 137 76 47 49 59 199 33 124 187 98 84 195 138 176 2 128 113 174 37 72 46 87 134 34 190 131 186 116 63 139 107 126 94 172 67 0 136 86 89 119 10 130 141 144 100 135 35 158 68 7 42 4 145 60 168 198 58 36 104 80 38 118 108 96 101 20 32 184 78 95 74 85 133 180 194 39 13 156 64 1 191 142 148 69 146 103 189 48 71 127 122 178 147 152 83 102 163 97 79 21 61 165 92 153 179 27 43 169 25 29 16 52 19 114 159 181 106 41 77 57 171 75
199 49 33 72 46 87 134 34 131 190 109 45 160 22 5 93 126 107 186 116 63 139 94 172 67 0 136 86 89 119 10 130 141 144 100 135 35 158 180 85 133 68 7 42 4 145 58 36 104 80 198 168 60 20 32 184 78 95 74 39 194 175 40 166 30 121 28 149 8 24 182 177 11 155 62 137 76 47 162 31 12 143 112 193 125 91 13 156 64 1 191 142 148 69 146 101 96 108 118 38 189 48 71 127 122 178 16 29 52 19 114 159 103 106 41 57 77 82 110 115 9 153 179 75 171 181 43 169 25 27 92 173 3 50 167 55 129 66 53 117 151 73 51 26 164 197 165 61 21 79 147 152 83 102 163 97 70 111 185 183 150 88 90 65 18 105 192 14 81 123 161 157 140 154 120 15 17 196 132 99 188 23 56 44 6 54 170 98 84 195 138 176 2 128 113 37 174 187 124 59
60 145 4 20 32 184 78 95 42 7 68 133 85 180 158 35 135 100 144 141 130 10 119 89 94 172 86 136 0 67 22 5 93 126 107 139 63 116 186 131 190 109 160 45 34 134 87 46 72 37 174 113 128 2 176 195 84 98 187 124 33 199 59 49 47 76 137 155 11 62 177 182 24 8 149 28 121 30 166 40 175 194 39 74 191 1 64 142 148 69 146 103 41 106 159 181 171 57 77 75 179 153 9 82 156 13 91 125 193 112 12 143 110 115 31 162 54 170 6 44 56 23 188 99 132 196 138 154 140 157 161 120 15 17 123 81 14 192 105 18 65 90 88 150 183 185 111 70 97 163 102 83 152 147 79 21 61 165 197 164 26 51 117 53 129 55 167 50 66 3 173 151 73 92 27 43 169 25 29 16 178 127 122 52 19 114 71 48 189 38 118 108 101 96 80 104 36 58 198 168
17 15 132 196 138 154 140 157 120 161 123 81 14 192 18 65 90 88 105 55 129 167 50 3 66 53 150 183 185 111 70 197 164 26 51 73 117 151 173 115 110 82 9 153 179 75 171 57 77 41 106 181 27 43 169 25 92 165 61 21 79 147 97 163 102 83 152 127 122 178 16 29 52 19 114 159 71 48 189 103 146 69 148 142 191 1 64 156 13 91 125 175 40 194 39 74 95 78 184 32 20 101 96 108 118 38 80 104 36 58 198 168 60 145 4 7 68 42 85 133 180 158 35 135 100 166 30 121 28 144 141 130 10 119 89 86 136 0 67 172 94 139 63 116 186 107 126 93 5 22 149 8 24 182 160 45 109 190 131 34 134 87 46 33 72 37 174 113 128 2 176 195 84 98 187 124 59 199 49 47 76 137 62 177 11 155 193 112 143 12 31 162 54 170 6 44 56 23 188 99
29 16 178 127 122 52 19 114 71 48 189 38 118 108 96 101 146 69 148 142 191 1 64 156 13 39 166 40 175 194 74 95 78 184 32 20 60 168 198 80 104 36 58 145 4 7 68 42 85 133 180 158 35 135 100 144 28 121 30 24 182 8 149 160 45 109 93 5 22 141 130 10 119 89 86 136 0 67 172 94 139 63 116 186 107 126 190 131 34 134 87 46 72 37 174 113 128 2 176 195 84 98 187 124 33 199 59 49 47 76 137 62 177 11 155 193 125 91 112 12 143 110 115 31 162 54 170 6 44 56 23 188 99 132 196 138 154 140 157 161 120 15 17 123 81 14 192 105 18 65 90 88 150 183 185 111 51 117 53 129 55 167 50 66 3 173 151 73 197 164 26 70 163 102 152 83 97 147 79 21 61 165 92 153 9 82 75 179 27 181 171 57 77 103 41 106 159 43 169 25
150 183 185 111 70 26 164 197 165 61 97 163 102 83 152 147 21 79 29 16 178 127 122 52 19 114 43 169 25 27 181 179 75 9 153 92 115 110 82 77 57 171 41 106 103 159 71 48 189 38 118 108 96 101 146 69 148 142 191 1 64 156 13 91 125 193 112 143 12 31 162 54 6 170 47 76 137 62 155 11 177 182 24 8 149 28 121 30 166 40 175 194 39 74 95 78 184 32 20 60 168 198 80 104 36 58 145 4 42 7 68 133 85 180 158 35 135 100 144 141 130 10 119 89 86 136 0 67 172 94 139 63 116 186 107 126 93 5 22 160 45 109 190 131 34 134 87 46 72 37 174 113 128 2 176 138 195 187 33 49 199 59 124 84 98 132 196 17 15 120 154 140 157 161 123 81 14 192 18 65 90 88 105 99 188 23 44 56 50 167 55 129 66 3 173 151 73 51 117 53
25 169 43 27 92 153 9 179 75 77 57 171 181 41 106 103 159 71 48 189 38 118 108 96 101 146 69 148 142 191 1 64 156 13 91 125 193 112 12 143 110 82 115 173 151 117 53 3 66 129 55 167 50 56 44 23 188 99 132 196 195 84 98 170 6 54 31 162 47 76 137 155 11 62 160 45 109 93 5 22 67 86 136 0 28 121 149 8 182 177 24 30 166 40 175 194 39 74 95 78 184 32 20 60 168 198 80 104 36 58 145 4 7 68 42 85 133 180 158 35 135 100 144 141 130 10 119 89 172 94 139 63 126 107 116 186 131 190 34 134 87 46 49 199 59 124 187 33 72 37 174 113 128 2 176 138 154 140 157 161 120 15 17 123 81 14 192 105 18 65 90 88 150 183 185 111 70 97 163 102 83 152 147 178 127 122 52 19 114 29 16 79 21 61 164 26 51 73 197 165
173 3 66 53 129 55 105 167 50 56 44 23 188 99 132 196 17 15 120 154 140 157 161 123 81 14 192 18 65 90 88 150 183 185 111 163 102 83 152 127 122 178 147 97 70 164 26 51 117 151 73 197 165 61 21 79 29 16 52 19 114 71 48 189 38 118 108 96 101 146 69 148 142 191 1 64 156 13 91 125 112 193 155 11 177 62 76 137 160 45 109 93 5 22 67 86 136 0 28 121 149 8 182 24 30 166 40 175 194 39 74 95 78 184 32 20 60 168 198 80 104 36 58 145 4 7 68 42 85 133 180 158 35 135 100 144 141 130 10 119 89 172 94 139 63 126 107 116 186 131 190 34 134 87 46 72 37 174 113 128 2 176 138 195 84 98 187 124 33 199 59 49 47 170 6 54 162 31 12 143 110 82 77 57 103 41 106 159 43 169 25 27 181 171 75 179 9 153 92 115
75 179 9 153 92 165 61 21 79 147 152 83 102 163 97 70 111 185 183 150 88 90 65 18 192 14 81 123 161 157 140 154 120 15 17 105 55 129 53 117 51 26 164 197 73 151 173 3 66 167 50 56 44 23 188 99 132 196 138 176 2 128 195 98 84 113 37 174 187 124 59 199 49 33 72 46 87 134 34 131 190 109 45 160 22 5 93 126 107 186 116 63 139 94 172 67 0 136 86 89 119 10 130 141 144 100 135 35 158 180 85 133 68 7 42 4 145 58 36 104 80 198 168 60 20 32 184 78 95 74 39 194 175 40 166 30 121 28 149 8 24 182 177 11 155 62 137 76 47 170 6 54 162 31 115 82 110 143 12 112 193 125 91 13 156 64 1 191 142 148 69 146 101 96 108 118 38 189 48 71 127 122 178 16 29 52 19 114 43 169 25 27 181 159 103 106 41 77 57 171
197 165 61 97 163 102 83 152 127 122 178 147 21 79 29 16 52 19 114 71 48 189 38 118 108 96 101 146 69 148 142 64 1 191 74 95 78 184 32 20 60 168 198 80 104 36 58 145 4 42 7 68 133 85 180 158 35 135 100 40 194 39 175 166 30 144 141 130 10 119 89 94 172 86 136 0 67 126 107 139 63 116 186 131 190 34 87 46 134 45 160 109 93 5 22 149 8 28 121 24 182 177 11 155 62 137 76 47 162 31 12 143 112 193 125 91 13 156 110 115 82 77 57 103 41 106 159 43 169 25 27 181 171 75 179 9 153 92 73 117 151 173 3 54 6 170 98 84 187 124 59 199 49 33 72 37 174 113 128 2 176 195 138 196 132 154 140 157 161 120 15 17 123 81 14 192 99 188 23 44 56 50 167 66 53 129 55 105 18 65 90 88 150 183 185 111 70 26 51 164
141 130 10 0 67 136 86 119 89 172 94 139 63 116 186 107 126 93 5 22 109 160 45 190 131 34 134 87 46 72 37 174 113 128 2 176 195 84 98 187 124 33 199 59 49 47 76 137 62 177 11 155 166 91 125 193 112 31 162 54 170 6 44 56 23 188 99 132 196 138 154 140 157 161 120 15 17 123 81 14 192 18 65 90 88 150 183 185 111 70 26 51 164 197 73 151 117 53 129 55 105 167 50 66 3 173 115 12 143 110 9 153 179 75 171 181 27 43 169 25 92 165 61 21 79 147 97 163 102 83 152 127 122 178 16 29 52 19 114 159 71 48 189 103 106 41 57 77 82 156 13 64 1 191 78 184 32 20 96 101 148 142 69 146 118 38 108 80 104 36 58 198 168 60 145 4 7 42 133 68 158 35 180 85 95 74 39 194 175 40 100 135 144 28 121 30 24 182 8 149
109 93 5 22 67 0 136 86 89 119 10 130 141 144 100 135 35 158 180 85 133 68 7 42 4 145 58 36 104 80 198 168 60 20 32 184 78 95 74 39 194 175 40 166 30 121 28 149 8 182 24 125 91 13 156 64 1 191 142 148 69 146 101 96 108 118 38 189 48 71 127 122 178 16 29 52 19 114 159 103 106 41 57 77 82 110 143 12 112 193 162 31 115 9 153 179 75 171 181 43 169 25 27 92 173 3 50 167 55 129 66 53 117 151 73 51 26 164 197 165 61 21 79 147 152 83 102 163 97 70 111 185 183 150 88 90 65 18 105 192 14 81 123 161 157 140 154 120 15 17 196 132 99 188 23 56 44 6 54 170 98 84 195 138 176 2 128 113 37 174 187 124 33 199 59 49 47 76 137 155 11 177 62 160 45 134 46 72 87 34 190 131 186 116 63 139 94 172 126 107
81 123 161 157 140 154 120 15 17 196 132 99 188 23 56 50 167 105 55 129 66 53 117 151 173 92 153 9 75 179 181 27 25 169 43 159 103 106 41 171 57 77 82 110 115 3 54 6 44 170 98 47 76 137 49 199 59 124 187 84 195 138 176 2 128 113 174 37 72 33 46 87 134 34 131 190 126 107 186 116 63 139 94 172 89 119 10 130 141 144 100 135 35 158 180 85 133 68 7 42 4 145 58 36 104 80 198 168 60 20 32 184 78 95 74 39 194 175 40 166 30 28 121 24 182 8 149 0 136 86 67 22 5 93 109 45 160 62 177 11 155 162 31 12 143 112 193 125 91 13 156 64 1 191 142 148 69 146 101 96 108 118 38 189 48 71 114 19 52 16 29 79 21 61 165 197 73 51 26 164 70 97 147 178 122 127 152 83 102 163 111 185 183 150 88 90 65 18 192 14
7 68 133 85 180 158 35 135 100 40 175 194 39 166 30 121 28 144 141 149 8 24 182 177 11 155 62 160 45 109 93 5 22 67 86 136 0 10 130 119 89 172 94 139 63 126 107 116 186 131 190 34 134 87 46 72 33 49 137 76 47 59 199 124 187 174 37 113 128 2 176 138 195 84 98 170 54 6 44 56 23 188 99 132 196 154 140 157 161 120 15 17 123 81 14 192 18 65 90 88 150 183 185 111 70 26 51 164 197 73 117 53 66 129 55 105 167 50 3 151 173 115 31 162 193 125 91 112 12 143 110 9 153 179 75 171 181 27 43 169 25 92 165 61 21 79 147 97 163 102 83 152 127 122 178 16 29 52 19 114 159 71 48 189 103 106 41 57 77 82 156 13 64 1 191 142 148 69 146 101 118 38 108 96 80 36 58 104 198 168 60 145 4 20 32 184 78 74 95 42
69 146 101 96 108 80 36 58 104 198 168 60 145 4 20 32 184 78 95 42 7 68 133 85 180 158 35 135 100 74 39 194 175 40 166 30 121 28 144 141 149 8 24 182 109 93 5 22 67 86 136 0 10 130 119 89 172 94 139 63 126 107 116 186 131 190 34 87 72 46 134 45 160 62 177 11 155 137 76 47 49 59 199 33 124 187 174 37 113 128 2 176 138 195 84 98 170 54 6 44 56 23 188 99 132 196 154 140 157 161 120 15 17 123 81 14 192 18 65 90 88 150 183 185 111 26 51 117 53 66 129 55 105 167 50 3 31 162 193 125 91 112 12 143 110 115 173 151 73 197 164 70 97 163 102 83 152 147 178 122 127 71 48 189 38 118 103 159 114 19 52 16 29 79 21 61 165 92 25 169 43 27 181 106 41 77 57 171 75 179 153 9 82 156 13 64 1 191 142 148
83 152 127 122 178 16 29 52 19 114 71 48 189 38 118 108 96 101 146 69 148 142 191 1 64 156 13 91 125 175 40 194 39 74 95 78 184 32 20 60 168 198 80 104 36 58 145 4 7 68 42 85 133 180 158 35 135 100 166 30 121 28 144 141 130 10 119 89 86 136 0 67 172 94 139 63 116 186 107 126 93 5 22 149 8 24 182 177 11 155 193 112 12 143 110 115 31 162 54 6 170 98 84 187 124 47 76 137 62 160 45 109 190 131 34 134 87 46 49 59 199 33 72 37 174 113 128 2 176 195 138 196 132 154 140 157 161 120 15 17 123 81 14 192 99 188 23 44 56 50 167 129 55 105 18 65 90 88 150 183 185 111 70 61 165 197 164 26 51 73 151 117 53 66 3 173 92 27 181 171 75 179 153 9 82 77 57 103 41 106 159 43 169 25 79 21 147 97 163 102
139 63 116 186 107 126 93 5 22 109 160 45 190 131 34 134 87 46 72 37 174 113 128 2 176 138 195 84 98 187 124 33 49 199 59 170 6 54 3 66 50 56 44 23 188 99 132 196 154 140 157 161 120 15 17 123 81 14 192 167 129 55 105 18 65 90 88 150 53 183 185 111 163 102 83 152 127 122 178 147 97 70 197 164 26 51 73 117 151 173 115 31 162 47 76 137 62 177 11 155 193 112 12 143 110 82 9 153 179 75 171 57 77 41 106 181 27 43 169 25 92 165 61 21 79 29 16 52 19 114 159 71 48 189 103 146 69 148 101 96 108 118 38 80 104 36 58 198 168 60 145 4 20 32 184 42 7 68 133 85 180 158 35 135 100 40 175 194 39 74 95 78 142 191 1 64 156 13 91 125 166 30 24 182 8 149 121 28 144 141 130 10 119 89 86 136 0 67 172 94
21 61 165 197 164 26 111 185 183 150 88 90 65 18 105 192 14 81 123 161 157 140 154 120 15 17 196 132 99 188 23 50 167 55 129 66 53 117 51 73 151 173 3 56 44 98 84 124 59 199 49 33 187 195 138 176 2 128 113 174 37 72 46 87 134 34 131 190 109 45 160 22 5 93 126 107 186 116 63 139 94 172 67 0 136 86 89 119 10 130 141 144 100 135 35 158 180 85 133 68 7 42 4 145 58 36 104 80 198 168 60 20 32 184 78 95 74 39 194 175 40 166 30 121 28 149 8 24 182 177 11 155 62 137 76 47 170 6 54 162 31 12 143 112 193 125 91 13 156 64 1 191 142 148 69 146 101 96 108 118 38 189 48 71 159 103 106 41 57 77 82 110 115 9 75 171 181 27 179 153 92 25 169 43 114 19 52 122 127 178 16 29 79 147 152 83 102 163 97 70
0 141 144 28 121 30 24 182 8 149 160 45 109 22 5 93 126 107 139 63 116 186 131 190 34 134 87 46 72 37 174 113 128 2 176 138 195 84 98 187 124 33 199 59 49 47 76 137 62 177 11 155 193 112 12 31 162 54 170 6 3 151 173 115 110 143 125 91 166 100 40 175 194 39 74 95 78 42 184 32 20 142 191 1 64 13 156 82 9 153 179 75 171 57 77 41 106 181 27 43 169 25 92 73 117 53 66 129 55 105 167 50 56 44 23 188 99 132 196 17 15 120 154 140 157 161 123 81 14 192 18 65 90 88 150 183 185 111 102 163 97 70 26 51 164 197 165 61 21 79 147 83 152 127 122 178 16 29 52 19 114 159 71 48 189 103 146 69 148 101 96 108 118 38 80 104 36 58 198 168 60 145 4 7 68 133 85 180 158 35 135 130 10 119 89 94 172 86 136 67
138 154 140 157 120 15 17 161 123 81 14 192 18 65 90 88 105 55 129 167 50 3 66 53 150 183 185 111 70 197 164 26 51 73 117 151 173 115 110 82 9 153 179 75 171 57 77 41 106 181 27 43 169 25 92 165 61 21 79 147 97 163 102 83 152 127 122 178 16 29 52 19 114 159 71 48 189 103 146 69 148 142 191 1 64 156 13 91 125 175 40 194 39 74 95 78 184 32 20 101 96 108 118 38 80 104 36 58 198 168 60 145 4 7 68 42 85 133 180 158 35 135 100 166 30 121 28 144 141 130 10 119 89 86 136 0 67 172 94 139 63 116 186 107 126 93 5 22 149 8 24 182 160 45 109 190 131 34 134 87 46 33 72 37 174 113 128 2 176 195 84 98 187 124 59 199 49 47 76 137 62 177 11 155 193 112 143 12 31 162 54 170 6 44 56 23 188 99 132 196
118 38 108 80 36 58 104 198 168 60 145 4 20 32 184 78 95 42 7 68 133 85 74 180 158 35 135 100 144 28 121 149 141 130 10 119 89 94 172 86 136 0 67 22 5 93 109 160 45 190 131 107 126 139 63 116 186 34 134 87 46 72 37 174 113 128 2 176 195 84 98 187 124 33 199 59 49 47 76 137 62 155 11 177 182 8 24 30 166 40 175 194 39 191 1 64 156 13 91 125 193 112 143 12 31 162 54 170 6 44 56 23 188 99 132 196 138 154 140 157 161 120 15 17 123 81 14 192 18 65 90 88 150 183 185 111 70 97 163 102 83 152 147 79 21 61 165 197 164 26 51 73 151 117 53 66 129 55 105 167 50 3 173 115 110 82 77 57 171 75 179 9 153 92 25 169 43 114 19 52 29 16 178 122 127 71 48 189 159 27 181 41 106 103 146 69 142 148 101 96
114 19 52 122 127 178 16 29 79 25 169 43 159 103 106 41 181 27 179 153 9 75 171 57 77 82 110 115 173 3 50 167 55 129 66 53 117 151 73 51 26 164 197 92 165 61 21 147 152 83 102 163 97 70 111 185 183 150 88 90 65 18 105 192 14 81 123 17 15 120 161 157 140 154 138 176 2 128 113 174 37 72 33 199 59 49 46 87 134 34 190 131 186 116 107 126 63 139 94 172 89 119 10 130 141 144 100 135 35 158 180 133 85 42 68 7 4 145 58 36 104 80 198 168 60 20 32 184 78 95 74 39 194 175 40 166 30 24 177 182 8 149 121 28 0 136 86 67 22 5 93 109 45 160 62 11 155 137 76 47 124 187 98 84 195 196 132 99 188 23 56 44 6 170 54 162 31 12 143 112 193 125 91 13 156 64 1 191 142 148 69 146 101 96 108 118 38 189 48 71
108 96 101 146 69 148 142 64 1 191 39 194 175 40 166 125 91 13 156 82 77 57 171 75 179 92 153 9 110 143 12 112 193 155 11 177 62 137 76 47 162 31 115 54 6 170 98 84 124 59 199 49 33 187 195 138 196 132 99 188 23 44 56 50 167 55 129 53 66 3 173 151 117 73 51 26 164 197 165 61 21 79 29 16 52 19 114 43 169 25 27 181 159 106 41 103 118 38 189 48 71 127 122 178 147 152 83 102 163 97 70 111 185 183 150 88 90 65 18 105 192 14 81 123 161 157 140 154 120 17 15 176 2 128 113 174 37 72 46 87 134 34 131 190 109 45 160 149 8 182 24 30 121 28 0 136 86 67 22 5 93 126 107 186 116 63 139 94 172 89 119 10 130 141 144 100 135 35 158 180 85 74 95 78 184 20 32 42 133 68 7 4 145 60 168 198 58 36 104 80
142 148 101 96 108 80 36 58 104 198 168 60 145 4 20 32 184 78 95 42 7 68 133 85 74 180 158 35 135 100 144 28 121 149 8 182 24 30 166 40 175 194 39 191 1 64 156 13 91 125 193 112 143 12 31 162 47 76 137 155 11 177 62 160 45 109 93 5 22 141 130 10 119 89 86 136 0 67 172 94 139 63 116 186 107 126 190 131 34 134 87 46 72 37 174 113 128 2 176 195 33 49 199 59 124 187 84 98 170 6 54 3 151 73 197 164 26 51 117 53 66 129 55 167 50 56 44 23 188 99 132 196 138 154 140 157 161 120 15 17 123 81 14 192 105 18 65 90 88 150 183 185 111 70 97 163 102 83 152 147 178 127 122 52 19 16 29 79 21 61 165 92 173 115 110 82 9 153 179 75 77 57 171 181 27 25 169 43 114 71 48 189 38 118 159 106 41 103 146 69
37 174 113 128 2 176 138 195 84 98 132 196 154 140 157 161 120 15 17 123 81 14 192 99 188 23 44 56 50 167 105 18 65 90 88 150 183 53 129 55 66 3 6 170 54 162 31 12 143 112 193 125 91 13 156 64 1 191 142 148 69 146 103 106 41 77 57 171 75 179 153 9 82 110 115 173 151 117 73 197 164 26 51 185 111 70 97 163 102 83 152 147 79 21 61 165 92 25 169 27 181 43 29 16 178 127 122 52 19 114 159 71 48 189 38 118 108 101 96 80 36 58 104 198 168 60 145 4 20 32 184 78 95 42 7 68 133 85 180 158 35 135 100 74 39 194 175 40 166 30 24 182 8 149 121 28 144 141 130 10 119 89 86 136 0 67 22 5 93 109 160 62 177 11 155 47 76 137 45 190 131 107 126 172 94 139 63 116 186 34 134 87 46 49 59 199 33 124 187 72
55 129 66 53 117 151 73 51 26 164 197 61 165 92 153 9 82 110 115 173 3 44 56 23 188 99 132 196 138 176 2 128 195 113 174 37 72 46 87 134 34 131 190 109 45 160 22 5 93 126 107 186 116 63 139 94 172 67 0 136 86 89 119 10 130 141 144 100 135 35 158 180 85 133 68 7 42 4 145 58 36 104 80 198 168 60 20 32 184 78 95 74 39 194 175 40 166 30 121 28 149 8 24 182 177 11 155 62 137 76 47 49 59 199 33 124 187 84 98 170 6 54 162 31 12 143 112 193 125 91 13 156 64 1 191 142 148 69 146 101 96 108 118 38 189 48 71 159 106 41 103 77 57 171 75 179 181 27 25 169 43 114 19 52 122 127 178 16 29 79 21 147 152 83 102 163 97 70 111 185 183 150 88 90 65 18 192 14 81 161 157 140 154 15 17 120 123 105 50 167
175 40 166 39 78 184 32 20 4 145 60 168 198 58 36 104 80 108 38 118 96 101 146 69 148 142 191 1 64 156 13 91 125 193 155 11 177 62 137 76 47 124 187 98 84 195 138 196 132 188 99 105 55 129 167 50 23 56 44 6 170 54 162 31 12 112 143 110 82 9 153 179 75 171 57 77 103 106 41 181 27 43 169 25 29 16 52 19 114 159 189 48 71 127 122 178 147 152 83 102 163 97 79 21 61 165 92 115 173 3 66 53 117 151 73 51 26 164 197 70 111 185 183 150 88 90 65 18 192 14 81 123 161 157 140 154 120 17 15 176 2 128 113 174 37 72 33 199 59 49 46 87 134 34 190 131 186 116 107 126 63 139 94 172 89 119 86 136 0 67 22 5 93 109 45 160 149 8 182 24 30 121 28 141 10 130 144 100 135 35 158 180 85 133 68 7 42 95 74 194
22 5 93 67 0 136 86 172 94 89 119 10 130 135 100 35 158 180 85 133 68 7 42 4 145 58 36 104 80 198 168 60 20 32 184 78 95 74 39 194 175 40 30 166 125 91 13 156 64 1 191 142 148 69 146 101 96 108 118 38 189 48 71 127 122 178 16 29 52 19 114 159 103 106 41 57 77 82 110 143 12 112 193 162 31 115 9 153 179 75 171 181 43 169 25 27 92 173 3 50 167 55 129 66 53 117 151 73 51 26 164 197 165 61 21 79 147 152 83 102 163 97 70 111 185 183 150 88 90 65 18 105 192 14 81 123 161 157 140 154 120 15 17 196 132 99 188 23 56 44 6 54 170 98 84 195 138 176 2 128 113 37 174 187 124 33 199 59 49 47 76 137 155 11 177 62 160 45 134 46 72 87 34 186 116 63 139 126 107 131 190 109 149 8 182 24 121 28 144 141
9 82 110 115 173 3 50 167 55 129 66 53 117 151 73 51 26 164 197 70 111 185 183 150 88 90 65 18 105 192 14 81 123 161 157 140 154 120 15 17 196 132 99 188 23 56 44 6 170 54 162 31 12 143 112 193 125 91 175 40 166 30 24 182 8 149 121 28 22 5 93 109 45 160 62 177 11 155 137 76 47 49 59 199 33 124 187 98 84 195 138 176 2 128 113 174 37 72 46 87 134 34 190 131 186 116 63 139 107 126 94 172 67 0 136 86 89 119 10 130 141 144 100 135 35 158 68 7 42 4 145 60 168 198 58 36 104 80 38 118 108 96 101 20 32 184 78 95 74 85 133 180 194 39 13 156 64 1 191 142 148 69 146 103 189 48 71 127 122 178 147 152 83 102 163 97 79 21 61 165 92 153 179 27 43 169 25 29 16 52 19 114 159 181 106 41 77 57 171 75
9 82 110 115 173 3 50 167 55 129 66 53 117 151 73 51 26 164 197 70 111 185 183 150 88 90 65 18 105 192 14 81 123 161 157 140 154 120 15 17 196 132 99 188 23 56 44 6 170 54 162 31 12 143 112 193 125 91 175 40 166 30 24 182 8 149 121 28 22 5 93 109 45 160 62 177 11 155 137 76 47 49 59 199 33 124 187 98 84 195 138 176 2 128 113 174 37 72 46 87 134 34 190 131 186 116 63 139 107 126 94 172 67 0 136 86 89 119 10 130 141 144 100 135 35 158 68 7 42 4 145 60 168 198 58 36 104 80 38 118 108 96 101 20 32 184 78 95 74 85 133 180 194 39 13 156 64 1 191 142 148 69 146 103 189 48 71 127 122 178 147 152 83 102 163 97 79 21 61 165 92 153 179 27 43 169 25 29 16 52 19 114 159 181 106 41 77 57 171 75
150 183 185 111 70 26 164 197 165 61 97 163 102 83 152 147 21 79 29 16 178 127 122 52 19 114 43 169 25 27 181 179 75 9 153 92 115 110 82 77 57 171 41 106 103 159 71 48 189 38 118 108 96 101 146 69 148 142 191 1 64 156 13 91 125 193 112 143 12 31 162 54 6 170 47 76 137 62 155 11 177 182 24 8 149 28 121 30 166 40 175 194 39 74 95 78 184 32 20 60 168 198 80 104 36 58 145 4 42 7 68 133 85 180 158 35 135 100 144 141 130 10 119 89 86 136 0 67 172 94 139 63 116 186 107 126 93 5 22 160 45 109 190 131 34 134 87 46 72 37 174 113 128 2 176 138 195 187 33 49 199 59 124 84 98 132 196 17 15 120 154 140 157 161 123 81 14 192 18 65 90 88 105 99 188 23 44 56 50 167 55 129 66 3 173 151 73 51 117 53
17 15 132 196 138 154 140 157 120 161 123 81 14 192 18 65 90 88 105 55 129 167 50 3 66 53 150 183 185 111 70 197 164 26 51 73 117 151 173 115 110 82 9 153 179 75 171 57 77 41 106 181 27 43 169 25 92 165 61 21 79 147 97 163 102 83 152 127 122 178 16 29 52 19 114 159 71 48 189 103 146 69 148 142 191 1 64 156 13 91 125 175 40 194 39 74 95 78 184 32 20 101 96 108 118 38 80 104 36 58 198 168 60 145 4 7 68 42 85 133 180 158 35 135 100 166 30 121 28 144 141 130 10 119 89 86 136 0 67 172 94 139 63 116 186 107 126 93 5 22 149 8 24 182 160 45 109 190 131 34 134 87 46 33 72 37 174 113 128 2 176 195 84 98 187 124 59 199 49 47 76 137 62 177 11 155 193 112 143 12 31 162 54 170 6 44 56 23 188 99
126 93 5 22 67 0 136 86 89 119 10 130 141 28 121 144 100 135 35 158 180 85 133 68 7 42 4 145 58 36 104 80 198 168 60 20 32 184 78 95 74 39 194 175 40 166 30 24 149 8 182 177 11 155 125 91 13 156 64 1 191 142 148 69 146 101 96 108 118 38 189 48 71 127 122 178 16 29 52 19 114 159 103 106 41 57 77 82 110 143 12 112 193 162 31 115 9 153 179 75 171 181 43 169 25 27 92 173 3 50 167 55 129 66 53 117 151 73 51 26 164 197 165 61 21 79 147 152 83 102 163 97 70 111 185 183 150 88 90 65 18 105 192 14 81 123 161 157 140 154 120 15 17 196 132 99 188 23 56 44 6 54 170 98 84 195 138 176 2 128 113 37 174 187 124 33 199 59 49 47 76 137 62 160 45 109 190 131 134 46 72 87 34 186 116 107 63 139 94 172
60 145 4 20 32 184 78 95 42 7 68 133 85 180 158 35 135 100 144 141 130 10 119 89 94 172 86 136 0 67 22 5 93 126 107 139 63 116 186 131 190 109 160 45 34 134 87 46 72 37 174 113 128 2 176 195 84 98 187 124 33 199 59 49 47 76 137 155 11 62 177 182 24 8 149 28 121 30 166 40 175 194 39 74 191 1 64 142 148 69 146 103 41 106 159 181 171 57 77 75 179 153 9 82 156 13 91 125 193 112 12 143 110 115 31 162 54 170 6 44 56 23 188 99 132 196 138 154 140 157 161 120 15 17 123 81 14 192 105 18 65 90 88 150 183 185 111 70 97 163 102 83 152 147 79 21 61 165 197 164 26 51 117 53 129 55 167 50 66 3 173 151 73 92 27 43 169 25 29 16 178 127 122 52 19 114 71 48 189 38 118 108 101 96 80 104 36 58 198 168
76 137 62 177 11 155 193 112 12 143 110 82 9 153 179 75 171 57 77 41 106 181 27 43 169 25 92 165 61 21 79 147 97 163 102 83 152 127 122 178 16 29 52 19 114 159 71 48 189 103 146 69 148 142 191 1 64 156 13 91 125 166 40 175 194 39 74 78 184 32 20 101 96 108 118 38 80 104 36 58 198 168 60 145 4 7 68 42 95 85 133 180 158 35 135 100 144 28 121 30 24 182 8 149 160 45 109 22 141 130 10 0 67 136 86 119 89 94 172 5 93 126 107 139 63 116 186 131 190 34 134 87 46 72 37 174 113 128 2 176 195 84 98 187 124 33 199 59 49 47 54 170 6 44 56 23 188 99 132 196 138 154 140 157 161 120 15 17 123 81 14 192 18 65 90 88 150 183 185 111 70 197 164 26 51 73 151 117 53 66 129 55 105 167 50 3 173 115 31 162
68 133 85 180 158 35 135 100 74 39 194 175 40 166 30 121 28 144 141 149 8 24 182 177 11 155 62 160 45 109 93 5 22 67 86 136 0 10 130 119 89 172 94 139 63 126 107 116 186 131 190 34 134 87 46 72 33 49 137 76 47 59 199 124 187 174 37 113 128 2 176 138 195 84 98 170 54 6 44 56 23 188 99 132 196 154 140 157 161 120 15 17 123 81 14 192 18 65 90 88 150 183 185 111 70 26 51 164 197 73 117 53 66 129 55 105 167 50 3 151 173 115 31 162 193 125 91 112 12 143 110 9 153 179 75 171 181 27 43 169 25 92 165 61 21 79 147 97 163 102 83 152 127 122 178 16 29 52 19 114 159 71 48 189 103 106 41 57 77 82 156 13 64 1 191 95 78 184 32 20 96 101 148 142 69 146 118 38 108 80 104 36 58 198 168 60 145 4 42 7
164 26 51 73 197 165 92 153 9 179 75 77 57 171 181 27 25 169 43 159 106 41 103 48 71 189 38 118 108 96 101 146 69 148 142 191 1 64 156 13 91 125 193 112 12 143 110 82 115 173 151 117 53 3 66 129 55 167 50 56 44 23 188 99 132 196 195 84 98 187 124 33 199 59 49 47 170 6 54 31 162 76 137 155 11 62 160 45 109 93 5 22 67 86 136 0 28 121 149 8 182 177 24 30 166 40 175 194 39 74 95 78 184 32 20 60 168 198 80 104 36 58 145 4 7 68 42 85 133 180 158 35 135 100 144 141 130 10 119 89 172 94 139 63 126 107 116 186 131 190 34 134 87 46 72 37 174 113 128 2 176 138 154 140 157 161 120 15 17 123 81 14 192 105 18 65 90 88 150 183 185 111 70 163 102 97 147 83 152 127 122 178 52 19 114 29 16 79 21 61
101 148 142 69 146 103 106 41 181 27 43 169 25 29 16 52 19 114 159 189 48 71 127 122 178 147 152 83 102 163 97 79 21 61 165 92 173 3 50 167 55 129 66 53 117 151 73 51 26 164 197 70 111 185 183 150 88 90 65 18 105 192 14 81 123 161 157 140 154 120 15 17 196 132 99 188 23 56 44 6 170 54 115 31 162 47 76 137 49 59 199 33 124 187 98 84 195 138 176 2 128 113 174 37 72 46 87 134 34 131 190 109 45 160 62 155 11 177 182 24 8 149 22 5 93 126 107 186 116 63 139 94 172 67 0 136 86 89 119 10 130 141 144 28 121 30 166 91 125 193 112 12 143 110 9 153 179 75 171 57 77 82 156 13 64 1 191 74 39 194 175 40 100 135 35 158 180 85 133 68 7 42 95 78 184 32 20 4 145 60 168 58 36 104 80 198 96 108 38 118
155 11 177 62 160 45 109 190 131 34 87 46 134 137 76 47 54 6 170 98 84 187 124 59 199 49 33 72 37 174 113 128 2 176 195 138 196 132 154 140 157 161 120 15 17 123 81 14 192 99 188 23 44 56 50 167 66 53 129 55 105 18 65 90 88 150 183 185 111 102 152 83 163 97 147 127 122 178 16 29 52 19 114 159 71 48 189 103 106 41 181 27 43 169 25 79 21 61 165 197 164 70 26 51 73 117 151 92 153 9 179 75 171 57 77 82 110 143 156 13 64 1 191 39 175 40 194 74 95 78 184 32 20 96 101 148 142 69 146 118 38 108 80 104 36 58 198 168 60 145 4 7 68 42 85 133 180 158 35 100 135 130 119 89 172 94 139 63 116 186 107 126 93 5 22 67 86 136 0 10 141 144 28 149 8 182 24 121 30 166 91 125 193 112 12 115 173 3 31 162
24 182 8 149 109 45 160 62 177 11 155 137 76 162 31 12 143 112 193 125 91 13 156 64 1 191 142 148 69 146 101 96 108 118 38 189 48 71 127 122 178 16 29 52 19 114 159 103 106 41 57 77 82 110 115 9 153 179 75 171 181 43 169 25 27 92 173 3 50 167 55 129 66 53 117 151 73 51 26 164 197 165 61 21 79 147 152 83 102 163 97 70 111 185 183 150 88 90 65 18 105 192 14 81 123 161 157 140 154 120 15 17 196 132 99 188 23 56 44 6 54 170 98 84 195 138 176 2 128 113 37 174 187 124 47 49 59 199 33 72 46 87 134 34 190 131 186 116 63 94 172 139 107 126 93 5 22 67 0 136 86 89 119 10 130 141 28 121 144 135 35 158 68 7 42 4 145 58 36 104 80 198 168 60 20 32 184 78 95 74 85 133 180 194 39 175 40 100 166 30
153 9 75 171 57 77 41 106 103 146 69 148 101 96 108 118 38 80 104 36 58 198 168 60 145 4 7 68 133 180 158 35 135 100 144 121 28 141 130 10 0 67 136 86 119 89 172 94 139 63 116 186 107 126 93 5 22 160 45 109 190 131 34 134 87 46 72 33 49 137 76 155 11 62 177 182 8 149 24 30 166 40 175 194 39 74 85 95 78 42 184 32 20 142 191 1 64 13 156 82 115 110 143 91 125 193 112 12 31 162 47 59 199 124 187 174 37 113 128 2 176 138 195 84 98 170 54 6 44 56 23 188 99 132 196 154 140 157 161 120 15 17 123 81 14 192 18 65 90 88 150 183 185 111 26 51 117 53 66 129 55 105 167 50 3 173 151 73 197 164 70 97 163 102 83 152 147 178 122 127 71 48 189 159 114 19 52 16 29 79 21 61 165 92 25 169 43 27 181 179
54 170 98 84 195 2 128 113 37 174 187 124 59 199 49 33 72 46 87 134 34 131 190 109 45 160 22 5 93 126 107 186 116 63 139 94 172 67 0 136 86 89 119 10 130 141 144 100 135 35 158 180 85 133 68 7 42 4 145 58 36 104 80 198 168 60 20 32 184 78 95 74 39 194 175 40 166 30 121 28 149 8 24 182 177 11 155 62 137 76 47 162 31 12 143 112 193 125 91 13 156 64 1 191 142 148 69 146 101 96 108 118 38 189 48 71 127 122 178 16 29 52 19 114 159 103 106 41 57 77 82 110 115 9 153 179 75 171 181 43 169 25 27 92 173 3 50 167 55 129 66 53 117 151 73 51 26 164 197 165 61 21 79 147 152 83 102 163 97 70 111 185 183 150 88 90 65 18 105 192 14 81 123 17 15 120 161 157 140 154 176 138 196 132 99 188 23 56 44 6
59 124 187 174 37 113 128 2 176 138 195 84 98 170 54 6 44 56 23 188 99 132 196 154 140 157 161 120 15 17 123 81 14 192 18 65 90 88 150 183 185 111 70 97 163 102 83 152 127 122 178 147 197 164 26 51 73 151 117 53 66 129 55 105 167 50 3 173 92 165 61 21 79 29 16 52 19 114 43 169 25 27 179 75 77 57 171 181 41 106 103 159 71 48 189 38 118 108 96 101 146 69 148 142 191 1 64 156 13 91 125 193 112 12 143 110 82 9 153 115 31 162 47 76 137 155 11 62 160 45 109 93 5 22 67 86 136 0 28 121 149 8 182 177 24 30 166 40 175 194 39 74 95 78 184 32 20 60 168 198 80 104 36 58 145 4 7 68 42 85 133 180 158 35 135 100 144 141 130 10 119 89 172 94 139 63 126 107 116 186 131 190 34 134 87 46 72 33 49 199
6 44 56 23 188 99 132 196 138 154 140 157 161 120 15 17 123 81 14 192 18 65 90 88 150 183 185 111 70 97 163 102 83 152 127 122 178 147 197 164 26 51 73 151 117 53 66 129 55 105 167 50 3 173 92 165 61 21 79 29 16 52 19 114 43 169 25 27 179 75 77 57 171 181 41 106 103 159 71 48 189 38 118 108 96 101 146 69 148 142 191 1 64 156 13 91 125 193 112 12 143 110 82 9 153 115 31 162 47 76 137 155 11 62 160 45 109 93 5 22 67 86 136 0 28 121 149 8 182 177 24 30 166 40 175 194 39 74 95 78 184 32 20 60 168 198 80 104 36 58 145 4 7 68 42 85 133 180 158 35 135 100 144 141 130 10 119 89 172 94 139 63 126 107 116 186 131 190 34 134 87 46 72 37 174 113 128 2 176 195 84 98 187 33 49 199 59 124 170 54
8 149 109 45 160 62 177 11 155 137 76 162 31 12 143 112 193 125 91 13 156 64 1 191 142 148 69 146 101 96 108 118 38 189 48 71 127 122 178 16 29 52 19 114 159 103 106 41 57 77 82 110 115 9 153 179 75 171 181 43 169 25 27 92 173 3 50 167 55 129 66 53 117 151 73 51 26 164 197 165 61 21 79 147 152 83 102 163 97 70 111 185 183 150 88 90 65 18 105 192 14 81 123 161 157 140 154 120 15 17 196 132 99 188 23 56 44 6 54 170 98 84 195 138 176 2 128 113 37 174 187 124 47 49 59 199 33 72 46 87 134 34 190 131 186 116 63 94 172 139 107 126 93 5 22 67 0 136 86 89 119 10 130 141 28 144 135 35 158 68 7 42 4 145 58 36 104 80 198 168 60 20 32 184 78 95 74 85 133 180 194 39 175 40 100 166 30 121 24 182
195 84 98 187 124 33 199 59 49 47 76 137 155 11 177 62 160 45 109 190 131 34 134 87 46 72 37 174 113 128 2 176 138 154 140 157 120 15 17 161 123 81 14 192 18 65 90 88 105 55 129 167 50 3 66 53 150 183 185 111 70 197 164 26 51 73 117 151 173 115 110 82 9 153 179 75 171 57 77 41 106 181 27 43 169 25 92 165 61 21 79 147 97 163 102 83 152 127 122 178 16 29 52 19 114 159 71 48 189 103 146 69 148 101 96 108 118 38 80 104 36 58 198 168 60 145 4 7 68 42 85 133 180 158 35 135 100 144 141 130 10 119 89 86 136 0 67 172 94 139 63 116 186 107 126 93 5 22 149 8 182 24 121 28 30 166 40 175 194 39 74 95 78 184 32 20 142 191 1 64 156 13 91 125 193 112 143 12 31 162 54 170 6 44 56 23 188 99 132 196
192 14 81 123 17 15 120 161 157 140 154 138 196 132 99 188 23 56 44 6 170 54 3 115 110 143 12 31 162 47 76 137 49 199 59 124 187 98 84 195 176 2 128 113 174 37 72 33 46 87 134 34 131 190 126 107 186 116 63 139 94 172 89 119 10 130 141 144 100 135 35 158 180 85 133 68 7 42 4 145 60 168 198 58 36 104 80 38 118 108 96 101 20 32 184 78 95 74 39 194 175 40 166 30 28 121 24 182 8 149 0 136 86 67 22 5 93 109 45 160 62 177 11 155 193 112 125 91 13 156 64 1 191 142 148 69 146 103 189 48 71 127 122 178 147 152 83 102 163 97 61 165 21 79 29 16 52 19 114 159 106 41 77 57 171 75 82 9 153 179 181 27 43 169 25 92 173 151 117 73 51 26 164 197 70 111 185 183 150 88 90 65 18 105 55 129 53 66 50 167
19 52 122 127 178 16 29 79 25 169 43 159 103 106 41 181 27 179 153 9 75 171 57 77 82 110 115 173 3 50 167 55 129 66 53 117 151 73 51 26 164 197 92 165 61 21 147 152 83 102 163 97 70 111 185 183 150 88 90 65 18 105 192 14 81 123 17 15 120 161 157 140 154 138 176 2 128 113 174 37 72 33 199 59 49 46 87 134 34 190 131 186 116 107 126 63 139 94 172 89 119 10 130 141 144 100 135 35 158 180 133 85 42 68 7 4 145 58 36 104 80 198 168 60 20 32 184 78 95 74 39 194 175 40 166 30 24 177 182 8 149 121 28 0 136 86 67 22 5 93 109 45 160 62 11 155 137 76 47 124 187 98 84 195 196 132 99 188 23 56 44 6 170 54 162 31 12 143 112 193 125 91 13 156 64 1 191 142 148 69 146 101 96 108 118 38 189 48 71 114
196 132 99 188 23 56 44 6 170 54 47 76 137 46 87 134 34 131 190 126 107 186 116 63 139 94 172 89 119 10 130 141 144 100 135 35 158 180 85 133 68 7 42 4 145 58 36 104 80 198 168 60 20 32 184 78 95 74 39 194 175 40 166 30 28 121 24 182 8 149 0 136 86 67 22 5 93 109 45 160 62 177 11 155 162 31 12 143 112 193 125 91 13 156 64 1 191 142 148 69 146 101 96 108 38 118 103 41 106 159 189 48 71 127 122 178 16 29 52 19 114 43 169 25 27 181 171 57 77 75 179 153 9 82 110 115 92 173 3 50 167 55 129 66 53 117 151 73 51 26 164 197 165 79 21 61 70 97 147 152 83 102 163 111 185 183 150 88 90 65 18 105 192 14 81 123 161 157 140 154 120 17 15 138 176 2 128 113 174 37 72 33 49 199 59 124 187 98 84 195
62 160 45 109 93 5 22 67 86 136 0 28 121 149 8 182 24 30 166 40 175 194 39 74 95 78 184 32 20 60 168 198 80 104 36 58 145 4 7 68 42 85 133 180 158 35 135 100 144 141 130 10 119 89 172 94 139 63 126 107 116 186 131 190 34 134 87 46 72 37 174 113 128 2 176 138 195 84 98 170 54 6 44 56 23 188 99 132 196 154 140 157 161 120 15 17 123 81 14 192 18 65 90 88 150 183 185 111 70 97 163 102 83 152 127 122 178 147 197 164 26 51 73 151 117 53 66 129 55 105 167 50 3 173 92 165 61 21 79 29 16 52 19 114 43 169 25 27 179 75 77 57 171 181 41 106 103 159 71 48 189 38 118 108 96 101 146 69 148 142 191 1 64 156 13 91 125 193 112 12 143 110 82 9 153 115 31 162 124 187 33 199 59 49 47 76 137 155 11 177
196 132 99 188 23 56 44 6 170 54 47 76 137 46 87 134 34 131 190 126 107 186 116 63 139 94 172 89 119 10 130 141 144 100 135 35 158 180 85 133 68 7 42 4 145 58 36 104 80 198 168 60 20 32 184 78 95 74 39 194 175 40 166 30 28 121 24 182 8 149 0 136 86 67 22 5 93 109 45 160 62 177 11 155 162 31 12 143 112 193 125 91 13 156 64 1 191 142 148 69 146 101 96 108 38 118 103 41 106 159 189 48 71 127 122 178 16 29 52 19 114 43 169 25 27 181 171 57 77 75 179 153 9 82 110 115 92 173 3 50 167 55 129 66 53 117 151 73 51 26 164 197 165 79 21 61 70 97 147 152 83 102 163 111 185 183 150 88 90 65 18 105 192 14 81 123 161 157 140 154 120 17 15 138 176 2 128 113 174 37 72 33 49 199 59 124 187 98 84 195
78 95 42 184 32 20 60 145 4 7 68 133 85 180 158 35 135 100 40 175 194 39 74 191 1 64 13 156 77 57 171 75 179 153 9 82 110 115 31 162 12 143 112 193 125 91 166 30 121 28 144 141 149 8 24 182 177 11 155 62 160 45 109 93 5 22 67 86 136 0 10 130 119 89 172 94 139 63 126 107 116 186 131 190 34 134 87 46 72 33 49 137 76 47 59 199 124 187 174 37 113 128 2 176 138 195 84 98 170 54 6 44 56 23 188 99 132 196 154 140 157 161 120 15 17 123 81 14 192 18 65 90 88 150 183 185 111 26 51 117 53 66 129 55 105 167 50 3 173 151 73 197 164 70 97 163 102 83 152 147 79 21 61 165 92 25 169 43 27 181 41 106 103 159 114 29 16 178 127 122 52 19 71 48 189 38 118 108 80 104 36 58 168 198 96 101 146 69 148 142
36 58 104 198 168 60 145 4 20 32 184 78 95 42 7 68 133 85 180 158 35 135 100 144 141 130 10 119 89 94 172 86 136 0 67 22 5 93 126 107 139 63 116 186 131 190 109 160 45 34 134 87 46 72 37 174 113 128 2 176 195 84 98 187 124 33 199 59 49 137 76 155 11 62 177 182 24 8 149 28 121 30 166 40 175 194 39 74 191 1 64 142 148 69 146 101 96 108 118 103 41 106 159 181 171 57 77 75 179 153 9 82 156 13 91 125 193 112 12 143 110 115 31 162 47 54 170 6 44 56 23 188 99 132 196 138 154 140 157 161 120 15 17 123 81 14 192 105 18 65 90 88 150 183 185 111 70 97 163 102 83 152 147 79 21 61 165 197 164 26 51 117 53 129 55 167 50 66 3 173 151 73 92 27 43 169 25 29 16 178 127 122 52 19 114 71 48 189 38 80
83 152 127 122 178 16 29 52 19 114 71 48 189 38 118 108 96 101 146 69 148 142 191 1 64 156 13 91 125 175 40 194 39 74 95 78 184 32 20 60 168 198 80 104 36 58 145 4 7 68 42 85 133 180 158 35 135 100 166 30 121 28 144 141 130 10 119 89 86 136 0 67 172 94 139 63 116 186 107 126 93 5 22 149 8 24 182 177 11 155 193 112 12 143 110 115 31 162 54 6 170 98 84 187 124 47 76 137 62 160 45 109 190 131 34 134 87 46 49 59 199 33 72 37 174 113 128 2 176 195 138 196 132 154 140 157 161 120 15 17 123 81 14 192 99 188 23 44 56 50 167 129 55 105 18 65 90 88 150 183 185 111 70 61 165 197 164 26 51 73 151 117 53 66 3 173 92 27 181 171 75 179 153 9 82 77 57 103 41 106 159 43 169 25 79 21 147 97 163 102
73 51 26 164 70 111 185 183 150 88 90 65 18 105 192 14 81 123 161 157 140 154 120 17 15 176 2 128 113 37 174 187 124 59 199 49 33 72 46 87 134 34 131 190 109 45 160 22 5 93 126 107 186 116 63 139 94 172 67 0 136 86 89 119 10 130 141 144 100 135 35 158 180 85 133 68 7 42 4 145 58 36 104 80 198 168 60 20 32 184 78 95 74 39 194 175 40 166 30 121 28 149 8 24 182 177 11 155 62 137 76 47 162 31 54 6 170 98 84 195 138 196 132 99 188 23 44 56 50 167 55 129 66 53 117 151 3 173 115 110 143 12 112 193 125 91 82 156 13 64 1 191 142 148 69 146 101 96 108 118 38 189 48 71 127 122 178 147 152 83 102 163 97 61 21 79 29 16 52 19 114 43 169 25 27 181 159 103 106 41 77 57 171 75 179 9 153 92 165 197
189 48 71 114 19 52 122 127 178 16 29 79 147 152 83 102 163 97 70 111 185 183 150 88 90 65 18 105 192 14 81 123 161 157 140 154 120 15 17 196 132 99 188 23 44 56 50 167 55 129 66 53 117 151 73 51 26 164 197 61 21 165 173 3 6 170 54 49 59 199 33 124 187 98 84 195 138 176 2 128 113 174 37 72 46 87 134 34 131 190 109 45 160 22 5 93 126 107 186 116 63 139 94 172 67 0 136 86 89 119 10 130 141 144 100 135 35 158 180 85 133 68 7 42 4 145 58 36 104 80 198 168 60 20 32 184 78 95 74 39 194 175 40 166 30 121 28 149 8 24 182 177 11 155 62 137 76 47 162 31 115 92 25 169 43 27 181 171 57 77 75 179 153 9 82 110 143 12 112 193 125 91 13 156 64 1 191 142 148 69 146 101 96 108 38 118 103 41 106 159
149 8 182 177 11 155 47 76 137 62 160 45 109 22 141 130 10 0 67 136 86 119 89 94 172 5 93 126 107 139 63 116 186 131 190 34 134 87 46 49 59 199 33 124 187 72 37 174 113 128 2 176 138 195 84 98 170 54 6 44 56 23 188 99 132 196 17 15 120 154 140 157 161 123 81 14 192 105 18 65 90 88 150 183 185 111 70 97 163 102 83 152 147 79 21 61 165 197 164 26 51 73 151 117 53 66 129 55 167 50 3 173 92 27 25 169 43 181 171 75 179 153 9 115 31 162 193 112 12 143 110 82 77 57 41 106 103 159 114 19 52 29 16 178 122 127 71 48 189 38 118 108 96 101 146 69 148 142 191 1 64 156 13 91 125 166 40 175 39 194 180 133 85 74 95 78 184 32 20 60 168 198 80 104 36 58 145 4 42 7 68 158 35 135 100 144 28 121 30 24
149 8 182 177 11 155 47 76 137 62 160 45 109 22 141 130 10 0 67 136 86 119 89 94 172 5 93 126 107 139 63 116 186 131 190 34 134 87 46 49 59 199 33 124 187 72 37 174 113 128 2 176 138 195 84 98 170 54 6 44 56 23 188 99 132 196 17 15 120 154 140 157 161 123 81 14 192 105 18 65 90 88 150 183 185 111 70 97 163 102 83 152 147 79 21 61 165 197 164 26 51 73 151 117 53 66 129 55 167 50 3 173 92 27 25 169 43 181 171 75 179 153 9 115 31 162 193 112 12 143 110 82 77 57 41 106 103 159 114 19 52 29 16 178 122 127 71 48 189 38 118 108 96 101 146 69 148 142 191 1 64 156 13 91 125 166 40 175 39 194 180 133 85 74 95 78 184 32 20 60 168 198 80 104 36 58 145 4 42 7 68 158 35 135 100 144 28 121 30 24
113 174 33 49 199 59 124 187 98 84 195 128 2 176 138 154 140 157 120 15 17 161 123 81 14 192 99 196 132 188 23 56 44 6 170 54 3 66 50 167 129 55 105 18 65 90 88 150 53 183 185 111 102 163 97 70 197 164 26 51 73 117 151 173 115 110 82 9 153 179 75 171 57 77 41 106 181 27 43 169 25 92 165 61 21 79 29 16 147 83 152 127 122 178 52 19 114 159 71 48 189 103 146 69 148 101 96 108 118 38 80 104 36 58 198 168 60 145 4 20 32 184 42 7 68 133 85 180 158 35 135 100 144 141 130 10 119 89 172 94 139 63 116 186 107 126 93 5 22 67 86 136 0 149 8 182 24 121 28 30 166 40 175 194 39 74 95 78 142 191 1 64 156 13 91 125 193 112 143 12 31 162 47 76 137 155 11 177 62 160 45 109 190 131 34 134 87 46 72 37
178 127 122 52 19 114 71 48 189 38 118 108 96 101 148 142 191 1 64 69 146 103 41 106 159 43 169 25 27 181 171 57 77 75 179 153 9 82 156 13 91 125 193 112 12 143 110 115 31 162 54 170 6 66 3 173 151 73 92 165 61 197 164 26 51 117 53 129 55 167 50 56 44 23 188 99 132 196 195 84 98 187 124 47 76 137 155 11 62 160 45 109 93 5 22 67 86 136 0 28 121 149 8 182 177 24 30 166 40 175 194 39 74 95 78 184 32 20 60 168 198 80 104 36 58 145 4 7 68 42 85 133 180 158 35 135 100 144 141 130 10 119 89 172 94 139 63 126 107 116 186 131 190 34 134 87 46 49 59 199 33 72 37 174 113 128 2 176 138 154 140 157 161 120 15 17 123 81 14 192 105 18 65 90 88 150 183 185 111 70 97 163 102 83 152 147 21 79 29 16
58 36 80 38 189 48 71 127 122 178 16 29 52 19 114 43 169 25 27 92 173 3 50 167 55 129 66 53 117 151 73 51 26 164 197 165 61 21 79 147 152 83 102 163 97 70 111 185 183 150 88 90 65 18 105 192 14 81 123 161 157 140 154 120 15 17 196 132 99 188 23 56 44 6 170 54 49 59 199 33 124 187 98 84 195 138 176 2 128 113 174 37 72 46 87 134 34 131 190 45 160 109 107 186 116 63 139 94 172 126 93 5 22 67 0 136 86 89 119 10 130 141 144 166 30 121 28 149 8 24 182 177 11 155 62 137 76 47 162 31 12 143 112 193 125 91 13 156 110 115 82 9 153 179 75 77 57 171 181 159 106 41 103 118 108 96 101 146 69 148 142 64 1 191 74 39 194 175 40 100 135 35 158 180 85 133 68 7 42 95 78 184 32 20 4 145 60 168 198 104
94 172 89 86 136 0 67 22 5 93 109 45 160 149 8 182 24 30 121 28 144 141 10 119 130 135 100 35 158 180 85 133 68 7 4 145 60 168 198 58 36 104 80 38 118 108 96 101 148 69 146 103 189 48 71 159 114 19 52 29 16 178 122 127 152 83 102 163 97 147 21 79 25 169 43 27 181 106 41 77 57 171 75 179 153 9 82 156 13 64 1 191 142 20 32 184 42 78 95 74 39 194 175 40 166 91 125 143 110 115 173 3 50 167 55 129 66 53 117 151 73 51 26 164 197 92 165 61 70 111 185 183 150 88 90 65 18 105 192 14 81 123 161 157 140 154 120 15 17 196 132 99 188 23 56 44 6 170 54 162 31 12 112 193 155 11 177 62 137 76 47 49 59 199 33 124 187 98 84 195 138 176 2 128 113 174 37 72 46 87 134 34 190 131 186 116 107 126 63 139
62 160 45 109 93 5 22 67 86 136 0 28 121 149 8 182 24 30 166 40 175 194 39 74 95 78 184 32 20 60 168 198 80 104 36 58 145 4 7 68 42 85 133 180 158 35 135 100 144 141 130 10 119 89 172 94 139 63 126 107 116 186 131 190 34 134 87 46 72 37 174 113 128 2 176 138 195 84 98 170 54 6 44 56 23 188 99 132 196 154 140 157 161 120 15 17 123 81 14 192 18 65 90 88 150 183 185 111 70 97 163 102 83 152 127 122 178 147 197 164 26 51 73 151 117 53 66 129 55 105 167 50 3 173 92 165 61 21 79 29 16 52 19 114 43 169 25 27 179 75 77 57 171 181 41 106 103 159 71 48 189 38 118 108 96 101 146 69 148 142 191 1 64 156 13 91 125 193 112 12 143 110 82 9 153 115 31 162 124 187 33 199 59 49 47 76 137 155 11 177
15 17 123 81 14 192 18 65 90 88 150 183 185 111 70 197 164 26 51 73 151 117 53 129 55 105 167 50 66 3 173 115 110 82 9 153 179 75 171 57 77 41 106 181 27 43 169 25 92 165 61 21 79 147 97 163 102 83 152 127 122 178 16 29 52 19 114 159 71 48 189 103 146 69 148 142 191 1 64 156 13 91 125 175 40 194 39 74 95 78 184 32 20 101 96 108 118 38 80 104 36 58 198 168 60 145 4 7 68 42 85 133 180 158 35 135 100 166 30 121 28 144 141 130 10 119 89 86 136 0 67 172 94 139 63 116 186 107 126 93 5 22 149 8 24 182 177 11 155 193 112 143 12 31 162 54 170 6 44 56 23 188 99 132 196 195 84 98 187 124 47 76 137 62 160 45 109 190 131 34 134 87 46 49 59 199 33 72 37 174 113 128 2 176 138 154 140 157 161 120
115 110 143 12 31 162 47 76 137 62 177 11 155 193 112 125 91 13 156 82 75 171 57 77 41 106 103 146 69 148 142 64 1 191 78 184 32 20 101 96 108 118 38 80 104 36 58 198 168 60 145 4 7 68 42 95 74 85 133 180 158 35 135 141 28 121 144 100 40 175 194 39 166 30 24 182 8 149 160 45 109 93 5 22 67 86 136 0 10 130 119 89 172 94 139 63 116 186 107 126 190 131 34 134 87 46 72 33 49 199 59 124 187 174 37 113 128 2 176 138 195 84 98 170 54 6 44 56 23 188 99 132 196 154 140 157 161 120 15 17 123 81 14 192 18 65 90 88 150 183 185 111 26 51 117 53 66 129 55 105 167 50 3 173 151 73 197 164 70 97 163 102 83 152 147 178 122 127 71 48 189 159 114 19 52 16 29 79 21 61 165 92 25 169 43 27 181 179 153 9
48 71 114 43 169 25 92 165 61 21 79 29 16 19 52 178 122 127 152 83 102 163 97 147 70 111 185 183 150 88 90 65 18 105 192 14 81 123 161 157 140 154 120 15 17 196 132 99 188 23 44 56 50 167 55 129 53 117 51 26 164 197 73 151 173 3 66 6 170 54 115 31 162 47 49 199 59 124 187 98 84 195 138 176 2 128 113 174 37 72 33 46 87 134 34 131 190 109 45 137 76 155 11 177 62 160 149 8 182 24 30 121 28 22 5 93 126 107 186 116 63 139 94 172 67 0 136 86 89 119 10 130 141 144 100 135 35 158 133 68 7 42 85 180 40 166 175 194 39 74 95 78 184 32 20 4 145 60 168 198 58 36 104 80 38 103 118 108 96 101 146 69 148 142 191 1 64 156 13 91 125 193 112 12 143 110 82 77 57 171 75 9 153 179 27 181 41 106 159 189
70 111 185 183 150 88 90 65 18 105 192 14 81 123 161 157 140 154 120 17 15 176 2 128 113 174 37 72 33 49 199 59 124 187 98 84 195 138 196 132 99 188 23 44 56 50 167 55 129 66 53 117 73 51 26 164 197 61 165 92 153 9 82 110 115 173 151 3 6 170 54 31 162 47 76 137 46 87 134 34 131 190 126 107 186 116 63 139 94 172 89 119 10 130 141 144 100 135 35 158 180 85 133 68 7 42 4 145 58 36 104 80 198 168 60 20 32 184 78 95 74 39 194 175 40 166 30 28 121 24 182 8 149 0 136 86 67 22 5 93 109 45 160 62 177 11 155 193 112 12 143 125 91 13 156 64 1 191 142 148 69 146 101 96 108 118 38 189 48 71 159 103 106 41 77 57 171 75 179 181 27 25 169 43 114 19 52 122 127 178 16 29 79 21 147 152 83 102 163 97
165 21 61 197 164 26 51 117 53 129 55 105 18 65 90 88 150 183 185 111 70 97 163 102 83 152 147 79 29 16 178 127 122 52 19 114 71 48 189 38 118 108 96 101 146 69 148 142 191 1 64 156 13 91 125 193 112 12 143 110 82 77 57 103 41 106 159 43 169 25 27 181 171 75 179 9 153 92 115 31 162 54 6 170 98 84 187 124 33 199 59 49 47 76 137 155 11 62 160 45 109 93 5 22 67 86 136 0 28 121 149 8 182 177 24 30 166 40 175 194 39 74 95 78 184 32 20 60 168 198 80 104 36 58 145 4 7 68 42 85 133 180 158 35 135 100 144 141 130 10 119 89 172 94 139 63 126 107 116 186 131 190 34 134 87 46 72 37 174 113 128 2 176 195 138 154 140 157 120 161 192 14 81 123 17 15 196 132 99 188 23 44 56 50 167 66 3 173 151 73
28 121 30 24 182 8 149 160 45 109 93 5 22 141 130 10 119 89 86 136 0 67 172 94 139 63 116 186 107 126 190 131 34 134 87 46 72 37 174 113 128 2 176 195 84 98 187 124 33 199 59 49 47 76 137 62 177 11 155 162 31 54 170 6 44 56 23 188 99 132 196 138 154 140 157 161 120 15 17 123 81 14 192 18 65 90 88 105 55 129 167 50 3 66 53 150 183 185 111 70 197 164 26 51 73 117 151 173 115 110 143 12 112 193 125 91 166 40 175 194 39 74 78 184 32 20 96 101 146 69 148 142 191 1 64 13 156 82 9 153 179 75 171 57 77 41 106 181 27 43 169 25 92 165 61 21 79 147 97 163 102 83 152 127 122 178 16 29 52 19 114 159 71 48 189 103 118 38 108 80 104 36 58 198 168 60 145 4 7 68 42 95 85 133 180 158 35 135 100 144
38 118 101 148 142 69 146 103 41 106 159 189 48 71 127 122 178 16 29 52 19 114 43 169 25 27 181 179 153 9 75 171 57 77 82 110 115 92 173 3 50 167 55 129 66 53 117 151 73 51 26 164 197 165 61 21 79 147 152 83 102 163 97 70 111 185 183 150 88 90 65 18 105 192 14 81 123 161 157 140 154 120 15 17 196 132 99 188 23 56 44 6 54 170 98 84 195 138 176 2 128 113 174 37 72 187 124 33 199 59 49 46 87 134 34 186 116 63 139 94 172 126 107 131 190 109 93 5 22 67 0 136 86 89 119 10 130 141 144 28 121 30 166 155 11 62 177 182 24 8 149 160 45 137 76 47 162 31 12 143 112 193 125 91 13 156 64 1 191 39 194 175 40 100 135 35 158 180 133 68 7 42 85 74 95 78 184 32 20 4 145 60 168 198 58 36 104 80 96 108
122 127 178 16 29 79 147 152 83 102 163 97 21 61 165 197 164 70 111 185 26 51 73 117 151 173 3 66 53 183 150 88 90 65 18 192 14 81 123 161 157 140 154 120 15 17 105 55 129 167 50 56 44 23 188 99 132 196 138 176 2 128 195 98 84 113 37 174 187 124 59 199 49 33 72 46 87 134 34 131 190 109 45 160 22 5 93 126 107 186 116 63 139 94 172 67 0 136 86 89 119 10 130 141 144 100 135 35 158 180 85 133 68 7 42 4 145 58 36 104 80 198 168 60 20 32 184 78 95 74 39 194 175 40 166 30 121 28 149 8 24 182 177 11 155 62 137 76 47 170 6 54 162 31 115 92 25 169 43 159 103 106 41 181 27 171 57 77 75 179 153 9 82 110 143 12 112 193 125 91 13 156 64 1 191 142 148 69 146 101 96 108 118 38 189 48 71 114 19 52
148 142 64 1 191 39 194 175 40 166 30 24 182 8 149 121 28 144 100 135 35 158 180 74 85 133 68 7 42 95 78 184 32 20 4 145 60 168 58 36 104 80 198 96 101 108 118 38 189 48 71 127 122 178 16 29 52 19 114 43 169 25 27 92 173 3 54 6 170 98 84 195 196 132 99 188 23 44 56 50 167 55 129 66 53 117 151 73 51 26 164 197 165 61 21 79 147 152 83 102 163 97 70 111 185 183 150 88 90 65 18 105 192 14 81 123 17 15 120 161 157 140 154 138 176 2 128 113 37 174 187 124 59 199 49 33 72 46 87 134 34 131 190 126 107 186 116 63 139 94 172 67 0 136 86 89 119 10 130 141 22 5 93 109 45 160 62 177 11 155 137 76 47 162 31 12 143 112 193 125 91 13 156 110 115 82 9 153 179 75 77 57 171 181 159 106 41 103 146 69
48 71 114 43 169 25 92 165 61 21 79 29 16 19 52 178 122 127 152 83 102 163 97 147 70 111 185 183 150 88 90 65 18 105 192 14 81 123 161 157 140 154 120 15 17 196 132 99 188 23 44 56 50 167 55 129 53 117 51 26 164 197 73 151 173 3 66 6 170 54 115 31 162 47 49 199 59 124 187 98 84 195 138 176 2 128 113 174 37 72 33 46 87 134 34 131 190 109 45 137 76 155 11 177 62 160 149 8 182 24 30 121 28 22 5 93 126 107 186 116 63 139 94 172 67 0 136 86 89 119 10 130 141 144 100 135 35 158 133 68 7 42 85 180 40 166 175 194 39 74 95 78 184 32 20 4 145 60 168 198 58 36 104 80 38 103 118 108 96 101 146 69 148 142 191 1 64 156 13 91 125 193 112 12 143 110 82 77 57 171 75 9 153 179 27 181 41 106 159 189
98 84 195 176 2 128 113 174 37 72 46 87 34 186 116 63 94 172 139 107 126 93 5 22 67 0 136 86 89 119 10 130 141 144 28 149 8 182 24 121 30 166 175 40 100 135 35 158 180 133 85 194 39 74 95 78 42 68 7 184 32 20 4 145 60 168 58 36 104 80 198 96 101 108 38 118 103 146 69 148 142 191 1 64 156 13 91 125 193 112 143 110 82 9 153 179 75 171 57 77 41 106 181 27 43 169 25 29 16 52 19 114 159 189 48 71 127 122 178 147 152 83 102 163 97 79 21 61 165 92 151 117 73 51 26 164 197 70 111 185 183 150 88 90 65 18 192 14 81 123 17 15 120 161 157 140 154 138 196 132 188 99 105 55 129 53 66 167 50 23 56 44 6 170 54 3 173 115 12 31 162 47 76 137 155 11 177 62 160 45 109 190 131 134 49 59 199 33 124 187
65 90 88 150 183 185 111 70 164 26 51 73 151 117 53 129 55 66 3 173 115 12 143 110 82 77 57 103 41 106 159 43 169 25 27 181 171 75 179 9 153 92 197 165 61 21 79 147 97 163 102 83 152 127 122 178 16 29 52 19 114 71 48 189 38 118 108 96 101 146 69 148 142 191 1 64 156 13 91 125 193 112 31 162 54 170 6 44 56 50 167 23 188 99 132 196 195 84 98 187 124 33 199 59 49 47 76 137 155 11 62 160 45 109 93 5 22 67 86 136 0 28 121 149 8 182 177 24 30 166 40 175 194 39 74 95 78 184 32 20 60 168 198 80 104 36 58 145 4 7 68 42 85 133 180 158 35 135 100 144 141 130 10 119 89 172 94 139 63 126 107 116 186 131 190 34 134 87 46 72 37 174 113 128 2 176 138 154 140 157 161 120 15 17 123 81 14 192 105 18
98 84 195 176 2 128 113 174 37 72 46 87 34 186 116 63 94 172 139 107 126 93 5 22 67 0 136 86 89 119 10 130 141 144 28 149 8 182 24 121 30 166 175 40 100 135 35 158 180 133 85 194 39 74 95 78 42 68 7 184 32 20 4 145 60 168 58 36 104 80 198 96 101 108 38 118 103 146 69 148 142 191 1 64 156 13 91 125 193 112 143 110 82 9 153 179 75 171 57 77 41 106 181 27 43 169 25 29 16 52 19 114 159 189 48 71 127 122 178 147 152 83 102 163 97 79 21 61 165 92 151 117 73 51 26 164 197 70 111 185 183 150 88 90 65 18 192 14 81 123 17 15 120 161 157 140 154 138 196 132 188 99 105 55 129 53 66 167 50 23 56 44 6 170 54 3 173 115 12 31 162 47 76 137 155 11 177 62 160 45 109 190 131 134 49 59 199 33 124 187
61 165 197 164 26 70 111 185 183 150 88 90 65 18 105 167 50 56 44 23 188 99 192 14 81 123 161 157 140 154 120 15 17 132 196 138 176 2 128 195 98 84 113 37 174 187 124 59 199 49 33 72 46 87 134 34 131 190 109 45 160 22 5 93 126 107 186 116 63 139 94 172 67 0 136 86 89 119 10 130 141 144 100 135 35 158 180 85 133 68 7 42 4 145 58 36 104 80 198 168 60 20 32 184 78 95 74 39 194 175 40 166 30 121 28 149 8 24 182 177 11 155 62 137 76 47 170 6 54 162 31 12 143 112 193 125 91 13 156 64 1 191 142 148 69 146 101 96 108 118 38 189 48 71 159 103 106 41 171 57 77 82 110 115 173 3 66 55 129 53 117 51 73 151 92 153 9 75 179 181 27 25 169 43 114 19 52 178 122 127 152 83 102 163 97 147 16 29 79 21
5 93 67 0 136 86 89 119 10 130 135 100 35 158 180 85 133 68 7 42 4 145 60 168 198 58 36 104 80 38 118 108 96 101 20 32 184 78 95 74 39 194 175 40 166 125 91 13 156 64 1 191 142 148 69 146 103 189 48 71 127 122 178 16 29 52 19 114 159 106 41 77 57 171 75 179 181 27 43 169 25 79 147 152 83 102 163 97 21 61 165 197 164 51 26 70 111 185 183 150 88 90 65 18 192 14 81 123 161 157 140 154 120 15 17 196 132 99 188 23 44 56 50 167 105 55 129 66 53 117 73 92 153 9 82 110 115 173 151 3 6 170 54 162 31 12 143 112 193 155 11 177 62 137 76 47 49 59 199 33 124 187 98 84 195 138 176 2 128 113 174 37 72 46 87 134 34 186 116 63 139 94 172 126 107 131 190 109 45 160 149 8 182 24 30 121 28 144 141 22
161 157 140 154 138 196 132 99 188 23 56 50 167 55 129 66 53 117 151 173 92 153 9 75 179 181 27 25 169 43 159 103 106 41 171 57 77 82 110 115 3 54 6 44 170 98 84 124 59 199 49 33 187 195 176 2 128 113 174 37 72 46 87 134 34 131 190 126 107 186 116 63 139 94 172 89 119 10 130 141 144 100 135 35 158 180 85 133 68 7 42 4 145 58 36 104 80 198 168 60 20 32 184 78 95 74 39 194 175 40 166 30 28 121 24 182 8 149 0 136 86 67 22 5 93 109 45 160 62 177 11 155 137 76 47 162 31 12 143 112 193 125 91 13 156 64 1 191 142 148 69 146 101 96 108 118 38 189 48 71 114 19 52 16 29 79 21 61 165 197 164 73 51 26 70 97 147 178 122 127 152 83 102 163 111 185 183 150 88 90 65 18 105 192 14 81 123 17 15 120
68 133 85 180 158 35 135 100 74 39 194 175 40 166 30 121 28 144 141 149 8 24 182 177 11 155 62 160 45 109 93 5 22 67 86 136 0 10 130 119 89 172 94 139 63 126 107 116 186 131 190 34 134 87 46 72 33 49 137 76 47 59 199 124 187 174 37 113 128 2 176 138 195 84 98 170 54 6 44 56 23 188 99 132 196 154 140 157 161 120 15 17 123 81 14 192 18 65 90 88 150 183 185 111 70 26 51 164 197 73 117 53 66 129 55 105 167 50 3 151 173 115 31 162 193 125 91 112 12 143 110 9 153 179 75 171 181 27 43 169 25 92 165 61 21 79 147 97 163 102 83 152 127 122 178 16 29 52 19 114 159 71 48 189 103 106 41 57 77 82 156 13 64 1 191 95 78 184 32 20 96 101 148 142 69 146 118 38 108 80 104 36 58 198 168 60 145 4 42 7
22 5 93 67 0 136 86 172 94 89 119 10 130 135 100 35 158 180 85 133 68 7 42 4 145 58 36 104 80 198 168 60 20 32 184 78 95 74 39 194 175 40 30 166 125 91 13 156 64 1 191 142 148 69 146 101 96 108 118 38 189 48 71 127 122 178 16 29 52 19 114 159 103 106 41 57 77 82 110 143 12 112 193 162 31 115 9 153 179 75 171 181 43 169 25 27 92 173 3 50 167 55 129 66 53 117 151 73 51 26 164 197 165 61 21 79 147 152 83 102 163 97 70 111 185 183 150 88 90 65 18 105 192 14 81 123 161 157 140 154 120 15 17 196 132 99 188 23 56 44 6 54 170 98 84 195 138 176 2 128 113 37 174 187 124 33 199 59 49 47 76 137 155 11 177 62 160 45 134 46 72 87 34 186 116 63 139 126 107 131 190 109 149 8 182 24 121 28 144 141
136 86 172 94 89 119 10 130 135 100 166 40 175 194 39 74 95 78 42 85 133 180 35 158 68 7 184 32 20 4 145 60 168 58 36 104 80 198 96 101 108 38 118 103 146 69 148 142 191 1 64 156 13 91 125 143 110 82 9 153 179 75 171 57 77 41 106 181 27 43 169 25 29 16 52 19 114 159 189 48 71 127 122 178 147 152 83 102 163 97 79 21 61 165 92 151 117 73 51 26 164 197 70 111 185 183 150 88 90 65 18 192 14 81 123 161 157 140 154 120 15 17 196 132 188 99 105 55 129 53 66 167 50 23 56 44 6 170 54 3 173 115 12 31 162 112 193 155 11 177 62 137 76 47 49 59 199 33 124 187 98 84 195 138 176 2 128 113 174 37 72 46 87 134 34 190 131 186 116 63 139 107 126 93 5 22 109 45 160 149 8 182 24 30 121 28 144 141 0 67
90 88 150 183 185 111 70 164 26 51 73 151 117 53 129 55 66 3 173 115 12 143 110 82 77 57 103 41 106 159 43 169 25 27 181 171 75 179 9 153 92 197 165 61 21 79 147 97 163 102 83 152 127 122 178 16 29 52 19 114 71 48 189 38 118 108 96 101 146 69 148 142 191 1 64 156 13 91 125 193 112 31 162 54 170 6 44 56 50 167 23 188 99 132 196 195 84 98 187 124 33 199 59 49 47 76 137 155 11 62 160 45 109 93 5 22 67 86 136 0 28 121 149 8 182 177 24 30 166 40 175 194 39 74 95 78 184 32 20 60 168 198 80 104 36 58 145 4 7 68 42 85 133 180 158 35 135 100 144 141 130 10 119 89 172 94 139 63 126 107 116 186 131 190 34 134 87 46 72 37 174 113 128 2 176 138 154 140 157 161 120 15 17 123 81 14 192 105 18 65
133 158 35 180 85 74 39 194 175 40 100 135 144 141 130 10 0 67 136 86 119 89 172 94 139 63 116 186 107 126 93 5 22 109 190 131 34 134 87 46 72 33 49 199 59 124 187 174 37 113 128 2 176 138 195 84 98 170 54 6 44 56 23 188 99 132 196 154 140 157 161 120 15 17 123 81 14 192 18 65 90 88 150 183 185 111 26 164 51 117 53 66 129 55 105 167 50 3 31 162 47 76 137 45 160 149 8 62 155 11 177 182 24 121 28 30 166 91 125 193 112 12 143 110 115 173 151 73 197 70 97 163 102 83 152 147 178 122 127 71 48 189 103 159 114 19 52 16 29 79 21 61 165 92 25 169 43 27 181 106 41 77 57 171 75 179 153 9 82 156 13 64 1 191 142 148 69 146 101 96 118 38 108 80 104 36 58 198 168 60 145 4 20 32 184 78 95 42 7 68
93 5 22 67 0 136 86 89 119 10 130 141 28 121 30 24 182 8 149 160 137 76 62 177 11 155 193 112 12 143 110 82 9 153 179 75 171 57 77 41 106 181 27 43 169 25 92 165 61 21 79 29 16 52 19 114 159 103 146 69 148 142 191 1 64 156 13 91 125 166 175 39 78 95 74 194 40 100 144 135 35 158 180 85 133 68 7 42 184 32 20 4 145 60 168 198 58 36 104 80 96 101 108 118 38 189 48 71 127 122 178 147 152 83 102 163 97 70 111 185 183 150 88 90 65 18 192 14 81 123 161 157 140 154 120 15 17 196 132 188 99 105 167 50 23 56 44 6 170 54 3 66 55 129 53 117 51 26 164 197 73 151 173 115 31 162 47 49 59 199 33 124 187 98 84 195 138 176 2 128 113 174 37 72 46 87 134 34 186 116 63 139 94 172 126 107 131 190 45 109
58 36 80 38 189 48 71 127 122 178 16 29 52 19 114 43 169 25 27 92 173 3 50 167 55 129 66 53 117 151 73 51 26 164 197 165 61 21 79 147 152 83 102 163 97 70 111 185 183 150 88 90 65 18 105 192 14 81 123 161 157 140 154 120 15 17 196 132 99 188 23 56 44 6 170 54 49 59 199 33 124 187 98 84 195 138 176 2 128 113 174 37 72 46 87 134 34 131 190 45 160 109 107 186 116 63 139 94 172 126 93 5 22 67 0 136 86 89 119 10 130 141 144 166 30 121 28 149 8 24 182 177 11 155 62 137 76 47 162 31 12 143 112 193 125 91 13 156 110 115 82 9 153 179 75 77 57 171 181 159 106 41 103 118 108 96 101 146 69 148 142 64 1 191 74 39 194 175 40 100 135 35 158 180 85 133 68 7 42 95 78 184 32 20 4 145 60 168 198 104
118 38 108 80 36 58 104 198 168 60 145 4 20 32 184 78 95 42 7 68 133 85 74 180 158 35 135 100 144 28 121 149 141 130 10 119 89 94 172 86 136 0 67 22 5 93 109 160 45 190 131 107 126 139 63 116 186 34 134 87 46 72 37 174 113 128 2 176 195 84 98 187 124 33 199 59 49 47 76 137 62 155 11 177 182 8 24 30 166 40 175 194 39 191 1 64 156 13 91 125 193 112 143 12 31 162 54 170 6 44 56 23 188 99 132 196 138 154 140 157 161 120 15 17 123 81 14 192 18 65 90 88 150 183 185 111 70 97 163 102 83 152 147 79 21 61 165 197 164 26 51 73 151 117 53 66 129 55 105 167 50 3 173 115 110 82 77 57 171 75 179 9 153 92 25 169 43 114 19 52 29 16 178 122 127 71 48 189 159 27 181 41 106 103 146 69 142 148 101 96
125 91 166 30 24 149 8 182 177 11 155 193 162 47 124 187 33 199 59 49 76 137 62 160 45 109 93 5 22 67 86 136 0 10 130 119 89 172 94 139 63 116 186 107 126 190 131 34 134 87 46 72 37 174 113 128 2 176 138 195 84 98 170 54 6 44 56 23 188 99 132 196 154 140 157 161 120 15 17 123 81 14 192 18 65 90 88 150 183 185 111 26 51 117 53 66 129 55 105 167 50 3 31 115 173 151 73 197 164 70 97 163 102 83 152 147 79 21 61 165 92 25 169 43 27 181 41 106 159 114 19 52 29 16 178 122 127 71 48 189 103 146 69 148 101 96 108 118 38 80 104 36 58 198 168 60 145 4 7 68 42 95 85 133 180 158 35 135 141 28 121 144 100 40 175 194 39 74 78 184 32 20 142 191 1 64 13 156 77 57 171 75 179 153 9 82 110 143 12 112
91 125 112 143 12 3 173 115 110 82 9 153 179 75 77 57 171 27 43 169 25 92 165 61 21 79 29 16 52 19 114 159 181 106 41 64 1 191 142 148 69 146 103 189 48 71 127 122 178 147 152 83 102 163 97 70 111 185 183 150 88 90 55 129 53 117 51 26 164 197 73 151 66 50 167 105 18 65 192 14 81 123 161 157 140 154 120 15 17 196 132 99 188 23 56 44 6 54 170 98 84 195 138 176 2 128 113 37 174 187 124 59 199 49 33 72 46 87 134 34 190 131 186 116 107 126 63 139 94 172 89 119 86 136 0 67 22 5 93 109 45 160 62 137 76 47 162 31 193 155 11 177 182 24 8 149 141 10 130 144 28 121 30 166 100 135 35 158 180 133 68 7 4 145 60 168 198 58 36 104 80 38 118 108 96 101 20 32 184 78 95 42 85 74 194 40 175 39 13 156
93 5 22 67 0 136 86 89 119 10 130 141 28 121 30 24 182 8 149 160 137 76 62 177 11 155 193 112 12 143 110 82 9 153 179 75 171 57 77 41 106 181 27 43 169 25 92 165 61 21 79 29 16 52 19 114 159 103 146 69 148 142 191 1 64 156 13 91 125 166 175 39 78 95 74 194 40 100 144 135 35 158 180 85 133 68 7 42 184 32 20 4 145 60 168 198 58 36 104 80 96 101 108 118 38 189 48 71 127 122 178 147 152 83 102 163 97 70 111 185 183 150 88 90 65 18 192 14 81 123 161 157 140 154 120 15 17 196 132 188 99 105 167 50 23 56 44 6 170 54 3 66 55 129 53 117 51 26 164 197 73 151 173 115 31 162 47 49 59 199 33 124 187 98 84 195 138 176 2 128 113 174 37 72 46 87 134 34 186 116 63 139 94 172 126 107 131 190 45 109
21 61 165 197 164 26 111 185 183 150 88 90 65 18 105 192 14 81 123 161 157 140 154 120 15 17 196 132 99 188 23 50 167 55 129 66 53 117 51 73 151 173 3 56 44 98 84 124 59 199 49 33 187 195 138 176 2 128 113 174 37 72 46 87 134 34 131 190 109 45 160 22 5 93 126 107 186 116 63 139 94 172 67 0 136 86 89 119 10 130 141 144 100 135 35 158 180 85 133 68 7 42 4 145 58 36 104 80 198 168 60 20 32 184 78 95 74 39 194 175 40 166 30 121 28 149 8 24 182 177 11 155 62 137 76 47 170 6 54 162 31 12 143 112 193 125 91 13 156 64 1 191 142 148 69 146 101 96 108 118 38 189 48 71 159 103 106 41 57 77 82 110 115 9 75 171 181 27 179 153 92 25 169 43 114 19 52 122 127 178 16 29 79 147 152 83 102 163 97 70
2 128 113 37 174 187 124 59 199 49 33 72 46 87 134 34 131 190 109 45 160 22 5 93 126 107 186 116 63 139 94 172 67 0 136 86 89 119 10 130 141 144 100 135 35 158 180 85 133 68 7 42 4 145 58 36 104 80 198 168 60 20 32 184 78 95 74 39 194 175 40 166 30 121 28 149 8 24 182 177 11 155 62 137 76 47 162 31 12 143 112 193 125 91 13 156 64 1 191 142 148 69 146 101 96 108 118 38 189 48 71 127 122 178 16 29 52 19 114 159 103 106 41 57 77 82 110 115 9 153 179 75 171 181 43 169 25 27 92 173 3 50 167 55 129 66 53 117 151 73 51 26 164 197 165 61 21 79 147 152 83 102 163 97 70 111 185 183 150 88 90 65 18 105 192 14 81 123 161 157 140 154 120 15 17 196 132 99 188 23 56 44 6 54 170 98 84 195 138 176
97 163 102 83 152 127 122 178 52 19 114 71 48 189 103 41 106 159 27 181 171 57 77 75 179 153 9 82 115 110 143 12 31 162 54 170 6 44 56 23 188 99 132 196 195 84 98 187 124 47 76 137 11 155 193 112 125 91 13 156 64 1 191 142 148 69 146 101 96 108 118 38 80 104 36 58 198 168 60 145 4 20 32 184 7 42 78 95 74 85 133 68 180 158 35 135 100 40 194 39 175 166 30 24 182 177 62 160 45 109 8 149 121 28 144 141 130 10 119 89 86 136 0 67 22 5 93 172 94 139 63 116 186 107 126 190 131 34 134 87 46 49 59 199 33 72 37 174 113 128 2 176 138 154 140 157 161 120 15 17 123 81 14 192 105 18 65 90 88 150 183 185 111 70 26 51 117 53 129 55 167 50 66 3 173 151 73 164 197 61 165 92 25 169 43 29 16 79 21 147
115 110 143 12 31 162 47 76 137 62 177 11 155 193 112 125 91 13 156 82 75 171 57 77 41 106 103 146 69 148 142 64 1 191 78 184 32 20 101 96 108 118 38 80 104 36 58 198 168 60 145 4 7 68 42 95 74 85 133 180 158 35 135 141 28 121 144 100 40 175 194 39 166 30 24 182 8 149 160 45 109 93 5 22 67 86 136 0 10 130 119 89 172 94 139 63 116 186 107 126 190 131 34 134 87 46 72 33 49 199 59 124 187 174 37 113 128 2 176 138 195 84 98 170 54 6 44 56 23 188 99 132 196 154 140 157 161 120 15 17 123 81 14 192 18 65 90 88 150 183 185 111 26 51 117 53 66 129 55 105 167 50 3 173 151 73 197 164 70 97 163 102 83 152 147 178 122 127 71 48 189 159 114 19 52 16 29 79 21 61 165 92 25 169 43 27 181 179 153 9
24 182 8 149 109 45 160 62 177 11 155 137 76 162 31 12 143 112 193 125 91 13 156 64 1 191 142 148 69 146 101 96 108 118 38 189 48 71 127 122 178 16 29 52 19 114 159 103 106 41 57 77 82 110 115 9 153 179 75 171 181 43 169 25 27 92 173 3 50 167 55 129 66 53 117 151 73 51 26 164 197 165 61 21 79 147 152 83 102 163 97 70 111 185 183 150 88 90 65 18 105 192 14 81 123 161 157 140 154 120 15 17 196 132 99 188 23 56 44 6 54 170 98 84 195 138 176 2 128 113 37 174 187 124 47 49 59 199 33 72 46 87 134 34 190 131 186 116 63 94 172 139 107 126 93 5 22 67 0 136 86 89 119 10 130 141 28 121 144 135 35 158 68 7 42 4 145 58 36 104 80 198 168 60 20 32 184 78 95 74 85 133 180 194 39 175 40 100 166 30
9 82 110 115 173 3 50 167 55 129 66 53 117 151 73 51 26 164 197 70 111 185 183 150 88 90 65 18 105 192 14 81 123 161 157 140 154 120 15 17 196 132 99 188 23 56 44 6 170 54 162 31 12 143 112 193 125 91 175 40 166 30 24 182 8 149 121 28 22 5 93 109 45 160 62 177 11 155 137 76 47 49 59 199 33 124 187 98 84 195 138 176 2 128 113 174 37 72 46 87 134 34 190 131 186 116 63 139 107 126 94 172 67 0 136 86 89 119 10 130 141 144 100 135 35 158 68 7 42 4 145 60 168 198 58 36 104 80 38 118 108 96 101 20 32 184 78 95 74 85 133 180 194 39 13 156 64 1 191 142 148 69 146 103 189 48 71 127 122 178 147 152 83 102 163 97 79 21 61 165 92 153 179 27 43 169 25 29 16 52 19 114 159 181 106 41 77 57 171 75
168 60 145 4 20 32 184 78 95 42 7 68 133 85 180 158 35 135 100 144 141 130 10 119 89 94 172 86 136 0 67 22 5 93 126 107 139 63 116 186 131 190 109 160 45 34 134 87 46 72 37 174 113 128 2 176 195 84 98 187 124 33 199 59 49 47 76 137 155 11 62 177 182 24 8 149 28 121 30 166 40 175 194 39 74 191 1 64 142 148 69 146 103 41 106 159 181 171 57 77 75 179 153 9 82 156 13 91 125 193 112 12 143 110 115 31 162 54 170 6 44 56 23 188 99 132 196 138 154 140 157 161 120 15 17 123 81 14 192 105 18 65 90 88 150 183 185 111 70 97 163 102 83 152 147 79 21 61 165 197 164 26 51 117 53 129 55 167 50 66 3 173 151 73 92 27 43 169 25 29 16 178 127 122 52 19 114 71 48 189 38 118 108 101 96 198 80 104 36 58
48 71 114 43 169 25 92 165 61 21 79 29 16 19 52 178 122 127 152 83 102 163 97 147 70 111 185 183 150 88 90 65 18 105 192 14 81 123 161 157 140 154 120 15 17 196 132 99 188 23 44 56 50 167 55 129 53 117 51 26 164 197 73 151 173 3 66 6 170 54 115 31 162 47 49 199 59 124 187 98 84 195 138 176 2 128 113 174 37 72 33 46 87 134 34 131 190 109 45 137 76 155 11 177 62 160 149 8 182 24 30 121 28 22 5 93 126 107 186 116 63 139 94 172 67 0 136 86 89 119 10 130 141 144 100 135 35 158 133 68 7 42 85 180 40 166 175 194 39 74 95 78 184 32 20 4 145 60 168 198 58 36 104 80 38 103 118 108 96 101 146 69 148 142 191 1 64 156 13 91 125 193 112 12 143 110 82 77 57 171 75 9 153 179 27 181 41 106 159 189
192 14 81 123 17 15 120 161 157 140 154 138 196 132 99 188 23 56 44 6 170 54 3 115 110 143 12 31 162 47 76 137 49 199 59 124 187 98 84 195 176 2 128 113 174 37 72 33 46 87 134 34 131 190 126 107 186 116 63 139 94 172 89 119 10 130 141 144 100 135 35 158 180 85 133 68 7 42 4 145 60 168 198 58 36 104 80 38 118 108 96 101 20 32 184 78 95 74 39 194 175 40 166 30 28 121 24 182 8 149 0 136 86 67 22 5 93 109 45 160 62 177 11 155 193 112 125 91 13 156 64 1 191 142 148 69 146 103 189 48 71 127 122 178 147 152 83 102 163 97 61 165 21 79 29 16 52 19 114 159 106 41 77 57 171 75 82 9 153 179 181 27 43 169 25 92 173 151 117 73 51 26 164 197 70 111 185 183 150 88 90 65 18 105 55 129 53 66 50 167
132 196 138 154 140 157 161 120 15 17 123 81 14 192 18 65 90 88 105 55 129 66 53 150 183 185 111 163 102 83 152 127 122 178 147 97 70 26 51 117 151 73 164 197 165 61 21 79 29 16 52 19 114 71 48 189 38 118 108 96 101 146 69 148 142 191 1 64 156 13 91 125 193 112 12 143 110 82 77 57 103 41 106 159 43 169 25 27 181 171 75 179 9 153 92 173 3 115 31 162 155 11 177 62 160 45 109 93 5 22 149 8 182 24 121 28 30 166 40 175 194 39 74 95 78 184 32 20 60 168 198 80 104 36 58 145 4 7 68 42 85 133 180 158 35 135 100 144 141 130 10 119 89 86 136 0 67 172 94 139 63 116 186 107 126 190 131 34 134 87 46 137 76 47 49 199 59 124 187 33 72 37 174 113 128 2 176 195 84 98 170 54 6 44 56 50 167 23 188 99
64 1 191 142 148 69 146 103 41 106 159 181 171 57 77 75 9 153 179 27 25 169 43 114 19 52 29 16 178 122 127 71 48 189 38 118 108 101 96 80 36 58 104 198 168 60 145 4 20 32 184 78 95 42 7 68 133 85 74 180 158 35 135 100 144 28 121 149 8 182 24 30 166 40 175 194 39 91 125 193 112 143 12 31 162 47 76 137 155 11 177 62 160 45 109 93 5 22 141 130 10 119 89 86 136 0 67 172 94 139 63 116 186 107 126 190 131 34 134 87 46 72 37 174 113 128 2 176 195 33 49 199 59 124 187 84 98 170 6 54 3 173 151 117 53 66 129 55 167 50 56 44 23 188 99 132 196 138 154 140 157 161 120 15 17 123 81 14 192 105 18 65 90 88 150 183 185 111 70 97 163 102 83 152 147 79 21 61 165 197 164 26 51 73 92 115 110 82 156 13
25 169 43 27 92 153 9 179 75 77 57 171 181 41 106 103 159 71 48 189 38 118 108 96 101 146 69 148 142 191 1 64 156 13 91 125 193 112 12 143 110 82 115 173 151 117 53 3 66 129 55 167 50 56 44 23 188 99 132 196 195 84 98 170 6 54 31 162 47 76 137 155 11 62 160 45 109 93 5 22 67 86 136 0 28 121 149 8 182 177 24 30 166 40 175 194 39 74 95 78 184 32 20 60 168 198 80 104 36 58 145 4 7 68 42 85 133 180 158 35 135 100 144 141 130 10 119 89 172 94 139 63 126 107 116 186 131 190 34 134 87 46 49 199 59 124 187 33 72 37 174 113 128 2 176 138 154 140 157 161 120 15 17 123 81 14 192 105 18 65 90 88 150 183 185 111 70 97 163 102 83 152 147 178 127 122 52 19 114 29 16 79 21 61 164 26 51 73 197 165
184 20 32 42 68 7 4 145 60 168 198 58 36 104 80 108 96 101 148 69 146 118 38 103 189 48 71 159 114 19 52 178 122 127 152 83 102 163 97 147 16 29 79 21 61 165 92 25 169 43 27 181 106 41 77 57 171 75 179 153 9 82 156 13 110 115 173 3 50 167 55 129 66 53 117 151 73 51 26 164 197 70 111 185 183 150 88 90 65 18 105 192 14 81 123 161 157 140 154 120 15 17 196 132 99 188 23 56 44 6 170 54 162 31 12 143 112 193 125 91 24 182 8 149 109 45 160 62 177 11 155 137 76 47 49 59 199 33 124 187 98 84 195 138 176 2 128 113 174 37 72 46 87 134 34 190 131 186 116 63 94 172 139 107 126 93 5 22 67 0 136 86 89 119 10 130 141 144 28 121 30 166 39 1 64 191 142 194 175 40 100 135 35 158 180 133 85 74 95 78
160 45 134 46 72 87 34 131 190 126 107 186 116 63 139 94 172 89 119 10 130 141 144 100 135 35 158 180 85 133 68 7 42 4 145 58 36 104 80 198 168 60 20 32 184 78 95 74 39 194 175 40 166 125 91 13 156 64 1 191 142 148 69 146 101 96 108 118 38 189 48 71 127 122 178 16 29 52 19 114 159 103 106 41 57 77 82 110 143 12 112 193 162 31 115 9 153 179 75 171 181 43 169 25 27 92 173 3 50 167 55 129 66 53 117 151 73 51 26 164 197 165 61 21 79 147 152 83 102 163 97 70 111 185 183 150 88 90 65 18 105 192 14 81 123 161 157 140 154 120 15 17 196 132 99 188 23 56 44 6 54 170 98 84 195 138 176 2 128 113 37 174 187 124 33 199 59 49 47 76 137 62 155 11 177 182 8 149 24 30 121 28 0 136 86 67 22 5 93 109
21 61 165 197 164 26 111 185 183 150 88 90 65 18 105 192 14 81 123 161 157 140 154 120 15 17 196 132 99 188 23 50 167 55 129 66 53 117 51 73 151 173 3 56 44 98 84 124 59 199 49 33 187 195 138 176 2 128 113 174 37 72 46 87 134 34 131 190 109 45 160 22 5 93 126 107 186 116 63 139 94 172 67 0 136 86 89 119 10 130 141 144 100 135 35 158 180 85 133 68 7 42 4 145 58 36 104 80 198 168 60 20 32 184 78 95 74 39 194 175 40 166 30 121 28 149 8 24 182 177 11 155 62 137 76 47 170 6 54 162 31 12 143 112 193 125 91 13 156 64 1 191 142 148 69 146 101 96 108 118 38 189 48 71 159 103 106 41 57 77 82 110 115 9 75 171 181 27 179 153 92 25 169 43 114 19 52 122 127 178 16 29 79 147 152 83 102 163 97 70
114 19 52 122 127 178 16 29 79 25 169 43 159 103 106 41 181 27 179 153 9 75 171 57 77 82 110 115 173 3 50 167 55 129 66 53 117 151 73 51 26 164 197 92 165 61 21 147 152 83 102 163 97 70 111 185 183 150 88 90 65 18 105 192 14 81 123 17 15 120 161 157 140 154 138 176 2 128 113 174 37 72 33 199 59 49 46 87 134 34 190 131 186 116 107 126 63 139 94 172 89 119 10 130 141 144 100 135 35 158 180 133 85 42 68 7 4 145 58 36 104 80 198 168 60 20 32 184 78 95 74 39 194 175 40 166 30 24 177 182 8 149 121 28 0 136 86 67 22 5 93 109 45 160 62 11 155 137 76 47 124 187 98 84 195 196 132 99 188 23 56 44 6 170 54 162 31 12 143 112 193 125 91 13 156 64 1 191 142 148 69 146 101 96 108 118 38 189 48 71
70 111 185 183 150 88 90 65 18 105 192 14 81 123 161 157 140 154 120 17 15 176 2 128 113 174 37 72 33 49 199 59 124 187 98 84 195 138 196 132 99 188 23 44 56 50 167 55 129 66 53 117 73 51 26 164 197 61 165 92 153 9 82 110 115 173 151 3 6 170 54 31 162 47 76 137 46 87 134 34 131 190 126 107 186 116 63 139 94 172 89 119 10 130 141 144 100 135 35 158 180 85 133 68 7 42 4 145 58 36 104 80 198 168 60 20 32 184 78 95 74 39 194 175 40 166 30 28 121 24 182 8 149 0 136 86 67 22 5 93 109 45 160 62 177 11 155 193 112 12 143 125 91 13 156 64 1 191 142 148 69 146 101 96 108 118 38 189 48 71 159 103 106 41 77 57 171 75 179 181 27 25 169 43 114 19 52 122 127 178 16 29 79 21 147 152 83 102 163 97
144 135 35 158 180 133 68 7 4 145 60 168 198 58 36 104 80 108 38 118 103 106 41 181 27 43 169 25 29 16 52 19 114 159 189 48 71 127 122 178 147 152 83 102 163 97 79 21 61 165 92 153 9 179 75 171 57 77 82 115 173 3 50 167 55 129 66 53 117 151 73 51 26 164 197 70 111 185 183 150 88 90 65 18 105 192 14 81 123 161 157 140 154 120 15 17 196 132 99 188 23 56 44 6 54 31 162 170 98 84 195 138 176 2 128 113 37 174 187 124 47 49 59 199 33 72 46 87 134 34 186 116 63 139 94 172 126 107 131 190 45 137 76 155 11 62 177 182 24 8 149 160 109 93 5 22 67 0 136 86 89 119 10 130 141 28 121 30 166 91 125 193 112 12 143 110 156 13 64 1 191 69 146 96 101 148 142 20 32 184 78 95 42 85 74 39 194 175 40 100
6 44 56 23 188 99 132 196 138 154 140 157 161 120 15 17 123 81 14 192 18 65 90 88 150 183 185 111 70 97 163 102 83 152 127 122 178 147 197 164 26 51 73 151 117 53 66 129 55 105 167 50 3 173 92 165 61 21 79 29 16 52 19 114 43 169 25 27 179 75 77 57 171 181 41 106 103 159 71 48 189 38 118 108 96 101 146 69 148 142 191 1 64 156 13 91 125 193 112 12 143 110 82 9 153 115 31 162 47 76 137 155 11 62 160 45 109 93 5 22 67 86 136 0 28 121 149 8 182 177 24 30 166 40 175 194 39 74 95 78 184 32 20 60 168 198 80 104 36 58 145 4 7 68 42 85 133 180 158 35 135 100 144 141 130 10 119 89 172 94 139 63 126 107 116 186 131 190 34 134 87 46 72 37 174 113 128 2 176 195 84 98 187 33 49 199 59 124 170 54
48 71 114 43 169 25 92 165 61 21 79 29 16 19 52 178 122 127 152 83 102 163 97 147 70 111 185 183 150 88 90 65 18 105 192 14 81 123 161 157 140 154 120 15 17 196 132 99 188 23 44 56 50 167 55 129 53 117 51 26 164 197 73 151 173 3 66 6 170 54 115 31 162 47 49 199 59 124 187 98 84 195 138 176 2 128 113 174 37 72 33 46 87 134 34 131 190 109 45 137 76 155 11 177 62 160 149 8 182 24 30 121 28 22 5 93 126 107 186 116 63 139 94 172 67 0 136 86 89 119 10 130 141 144 100 135 35 158 133 68 7 42 85 180 40 166 175 194 39 74 95 78 184 32 20 4 145 60 168 198 58 36 104 80 38 103 118 108 96 101 146 69 148 142 191 1 64 156 13 91 125 193 112 12 143 110 82 77 57 171 75 9 153 179 27 181 41 106 159 189
73 51 26 164 70 111 185 183 150 88 90 65 18 105 192 14 81 123 161 157 140 154 120 17 15 176 2 128 113 37 174 187 124 59 199 49 33 72 46 87 134 34 131 190 109 45 160 22 5 93 126 107 186 116 63 139 94 172 67 0 136 86 89 119 10 130 141 144 100 135 35 158 180 85 133 68 7 42 4 145 58 36 104 80 198 168 60 20 32 184 78 95 74 39 194 175 40 166 30 121 28 149 8 24 182 177 11 155 62 137 76 47 162 31 54 6 170 98 84 195 138 196 132 99 188 23 44 56 50 167 55 129 66 53 117 151 3 173 115 110 143 12 112 193 125 91 82 156 13 64 1 191 142 148 69 146 101 96 108 118 38 189 48 71 127 122 178 147 152 83 102 163 97 61 21 79 29 16 52 19 114 43 169 25 27 181 159 103 106 41 77 57 171 75 179 9 153 92 165 197
12 143 110 82 9 153 179 75 171 57 77 41 106 181 27 43 169 25 92 165 61 21 79 97 163 102 83 152 147 178 127 122 16 29 52 19 114 159 71 48 189 103 146 69 148 142 191 1 64 156 13 91 125 112 193 155 11 177 62 160 45 109 93 5 22 149 8 182 24 121 28 30 166 40 175 194 39 74 95 78 184 32 20 101 96 108 118 38 80 104 36 58 198 168 60 145 4 7 68 42 85 133 180 158 35 135 100 144 141 130 10 119 89 86 136 0 67 172 94 139 63 116 186 107 126 190 131 34 134 87 46 137 76 47 162 31 54 170 6 44 56 23 188 99 132 196 195 84 98 187 124 59 199 49 33 72 37 174 113 128 2 176 138 154 140 157 161 120 15 17 123 81 14 192 18 65 90 88 150 183 185 111 70 197 164 26 51 73 151 117 53 66 129 55 105 167 50 3 173 115
25 169 43 27 92 153 9 179 75 77 57 171 181 41 106 103 159 71 48 189 38 118 108 96 101 146 69 148 142 191 1 64 156 13 91 125 193 112 12 143 110 82 115 173 151 117 53 3 66 129 55 167 50 56 44 23 188 99 132 196 195 84 98 170 6 54 31 162 47 76 137 155 11 62 160 45 109 93 5 22 67 86 136 0 28 121 149 8 182 177 24 30 166 40 175 194 39 74 95 78 184 32 20 60 168 198 80 104 36 58 145 4 7 68 42 85 133 180 158 35 135 100 144 141 130 10 119 89 172 94 139 63 126 107 116 186 131 190 34 134 87 46 49 199 59 124 187 33 72 37 174 113 128 2 176 138 154 140 157 161 120 15 17 123 81 14 192 105 18 65 90 88 150 183 185 111 70 97 163 102 83 152 147 178 127 122 52 19 114 29 16 79 21 61 164 26 51 73 197 165
105 18 65 90 88 150 183 185 111 70 26 164 197 165 61 21 79 147 97 163 102 83 152 127 122 178 16 29 52 19 114 71 48 189 38 118 108 96 101 146 69 148 142 191 1 64 156 13 91 125 193 112 12 143 110 82 77 57 103 41 106 159 43 169 25 27 181 171 75 179 9 153 92 115 31 162 54 6 170 98 84 187 124 33 199 59 49 47 76 137 155 11 62 160 45 109 93 5 22 67 86 136 0 28 121 149 8 182 177 24 30 166 40 175 194 39 74 95 78 184 32 20 60 168 198 80 104 36 58 145 4 7 68 42 85 133 180 158 35 135 100 144 141 130 10 119 89 172 94 139 63 126 107 116 186 131 190 34 134 87 46 72 37 174 113 128 2 176 195 138 196 132 17 15 120 154 140 157 161 123 81 14 192 99 188 23 44 56 50 167 66 3 173 151 73 51 117 53 129 55
38 118 101 148 142 69 146 103 41 106 159 189 48 71 127 122 178 16 29 52 19 114 43 169 25 27 181 179 153 9 75 171 57 77 82 110 115 92 173 3 50 167 55 129 66 53 117 151 73 51 26 164 197 165 61 21 79 147 152 83 102 163 97 70 111 185 183 150 88 90 65 18 105 192 14 81 123 161 157 140 154 120 15 17 196 132 99 188 23 56 44 6 54 170 98 84 195 138 176 2 128 113 174 37 72 187 124 33 199 59 49 46 87 134 34 186 116 63 139 94 172 126 107 131 190 109 93 5 22 67 0 136 86 89 119 10 130 141 144 28 121 30 166 155 11 62 177 182 24 8 149 160 45 137 76 47 162 31 12 143 112 193 125 91 13 156 64 1 191 39 194 175 40 100 135 35 158 180 133 68 7 42 85 74 95 78 184 32 20 4 145 60 168 198 58 36 104 80 96 108
54 170 98 84 195 2 128 113 37 174 187 124 59 199 49 33 72 46 87 134 34 131 190 109 45 160 22 5 93 126 107 186 116 63 139 94 172 67 0 136 86 89 119 10 130 141 144 100 135 35 158 180 85 133 68 7 42 4 145 58 36 104 80 198 168 60 20 32 184 78 95 74 39 194 175 40 166 30 121 28 149 8 24 182 177 11 155 62 137 76 47 162 31 12 143 112 193 125 91 13 156 64 1 191 142 148 69 146 101 96 108 118 38 189 48 71 127 122 178 16 29 52 19 114 159 103 106 41 57 77 82 110 115 9 153 179 75 171 181 43 169 25 27 92 173 3 50 167 55 129 66 53 117 151 73 51 26 164 197 165 61 21 79 147 152 83 102 163 97 70 111 185 183 150 88 90 65 18 105 192 14 81 123 17 15 120 161 157 140 154 176 138 196 132 99 188 23 56 44 6
61 165 197 164 26 70 111 185 183 150 88 90 65 18 105 167 50 56 44 23 188 99 192 14 81 123 161 157 140 154 120 15 17 132 196 138 176 2 128 195 98 84 113 37 174 187 124 59 199 49 33 72 46 87 134 34 131 190 109 45 160 22 5 93 126 107 186 116 63 139 94 172 67 0 136 86 89 119 10 130 141 144 100 135 35 158 180 85 133 68 7 42 4 145 58 36 104 80 198 168 60 20 32 184 78 95 74 39 194 175 40 166 30 121 28 149 8 24 182 177 11 155 62 137 76 47 170 6 54 162 31 12 143 112 193 125 91 13 156 64 1 191 142 148 69 146 101 96 108 118 38 189 48 71 159 103 106 41 171 57 77 82 110 115 173 3 66 55 129 53 117 51 73 151 92 153 9 75 179 181 27 25 169 43 114 19 52 178 122 127 152 83 102 163 97 147 16 29 79 21
17 15 132 196 138 154 140 157 120 161 123 81 14 192 18 65 90 88 105 55 129 167 50 3 66 53 150 183 185 111 70 197 164 26 51 73 117 151 173 115 110 82 9 153 179 75 171 57 77 41 106 181 27 43 169 25 92 165 61 21 79 147 97 163 102 83 152 127 122 178 16 29 52 19 114 159 71 48 189 103 146 69 148 142 191 1 64 156 13 91 125 175 40 194 39 74 95 78 184 32 20 101 96 108 118 38 80 104 36 58 198 168 60 145 4 7 68 42 85 133 180 158 35 135 100 166 30 121 28 144 141 130 10 119 89 86 136 0 67 172 94 139 63 116 186 107 126 93 5 22 149 8 24 182 160 45 109 190 131 34 134 87 46 33 72 37 174 113 128 2 176 195 84 98 187 124 59 199 49 47 76 137 62 177 11 155 193 112 143 12 31 162 54 170 6 44 56 23 188 99
8 149 109 45 160 62 177 11 155 137 76 162 31 12 143 112 193 125 91 13 156 64 1 191 142 148 69 146 101 96 108 118 38 189 48 71 127 122 178 16 29 52 19 114 159 103 106 41 57 77 82 110 115 9 153 179 75 171 181 43 169 25 27 92 173 3 50 167 55 129 66 53 117 151 73 51 26 164 197 165 61 21 79 147 152 83 102 163 97 70 111 185 183 150 88 90 65 18 105 192 14 81 123 161 157 140 154 120 15 17 196 132 99 188 23 56 44 6 54 170 98 84 195 138 176 2 128 113 37 174 187 124 47 49 59 199 33 72 46 87 134 34 190 131 186 116 63 94 172 139 107 126 93 5 22 67 0 136 86 89 119 10 130 141 28 144 135 35 158 68 7 42 4 145 58 36 104 80 198 168 60 20 32 184 78 95 74 85 133 180 194 39 175 40 100 166 30 121 24 182
52 19 114 43 169 25 27 181 179 153 9 75 171 57 77 82 110 115 12 31 162 54 6 170 47 76 137 155 11 62 177 182 24 121 28 8 149 22 5 93 109 160 45 134 46 87 34 190 131 186 116 63 139 107 126 94 172 67 0 136 86 89 119 10 130 141 144 100 135 35 158 180 85 133 68 7 42 4 145 58 36 104 80 198 168 60 20 32 184 78 95 74 39 194 175 40 166 30 193 112 143 125 91 13 156 64 1 191 142 148 69 146 101 96 108 38 118 103 41 106 159 189 48 71 127 122 178 147 152 83 102 163 97 70 111 185 183 150 88 90 65 18 105 192 14 81 123 161 157 140 154 120 17 15 176 2 128 113 174 37 72 33 49 199 59 124 187 98 84 195 138 196 132 99 188 23 44 56 50 167 55 129 53 66 3 173 92 151 117 73 51 26 164 197 165 61 21 79 29 16
65 90 88 150 183 185 111 70 164 26 51 73 151 117 53 129 55 66 3 173 115 12 143 110 82 77 57 103 41 106 159 43 169 25 27 181 171 75 179 9 153 92 197 165 61 21 79 147 97 163 102 83 152 127 122 178 16 29 52 19 114 71 48 189 38 118 108 96 101 146 69 148 142 191 1 64 156 13 91 125 193 112 31 162 54 170 6 44 56 50 167 23 188 99 132 196 195 84 98 187 124 33 199 59 49 47 76 137 155 11 62 160 45 109 93 5 22 67 86 136 0 28 121 149 8 182 177 24 30 166 40 175 194 39 74 95 78 184 32 20 60 168 198 80 104 36 58 145 4 7 68 42 85 133 180 158 35 135 100 144 141 130 10 119 89 172 94 139 63 126 107 116 186 131 190 34 134 87 46 72 37 174 113 128 2 176 138 154 140 157 161 120 15 17 123 81 14 192 105 18
155 11 177 62 160 45 109 190 131 34 87 46 134 137 76 47 54 6 170 98 84 187 124 59 199 49 33 72 37 174 113 128 2 176 195 138 196 132 154 140 157 161 120 15 17 123 81 14 192 99 188 23 44 56 50 167 66 53 129 55 105 18 65 90 88 150 183 185 111 102 152 83 163 97 147 127 122 178 16 29 52 19 114 159 71 48 189 103 106 41 181 27 43 169 25 79 21 61 165 197 164 70 26 51 73 117 151 92 153 9 179 75 171 57 77 82 110 143 156 13 64 1 191 39 175 40 194 74 95 78 184 32 20 96 101 148 142 69 146 118 38 108 80 104 36 58 198 168 60 145 4 7 68 42 85 133 180 158 35 100 135 130 119 89 172 94 139 63 116 186 107 126 93 5 22 67 86 136 0 10 141 144 28 149 8 182 24 121 30 166 91 125 193 112 12 115 173 3 31 162
97 163 102 83 152 127 122 178 52 19 114 71 48 189 103 41 106 159 27 181 171 57 77 75 179 153 9 82 115 110 143 12 31 162 54 170 6 44 56 23 188 99 132 196 195 84 98 187 124 47 76 137 11 155 193 112 125 91 13 156 64 1 191 142 148 69 146 101 96 108 118 38 80 104 36 58 198 168 60 145 4 20 32 184 7 42 78 95 74 85 133 68 180 158 35 135 100 40 194 39 175 166 30 24 182 177 62 160 45 109 8 149 121 28 144 141 130 10 119 89 86 136 0 67 22 5 93 172 94 139 63 116 186 107 126 190 131 34 134 87 46 49 59 199 33 72 37 174 113 128 2 176 138 154 140 157 161 120 15 17 123 81 14 192 105 18 65 90 88 150 183 185 111 70 26 51 117 53 129 55 167 50 66 3 173 151 73 164 197 61 165 92 25 169 43 29 16 79 21 147
75 179 9 153 92 165 61 21 79 147 152 83 102 163 97 70 111 185 183 150 88 90 65 18 192 14 81 123 161 157 140 154 120 15 17 105 55 129 53 117 51 26 164 197 73 151 173 3 66 167 50 56 44 23 188 99 132 196 138 176 2 128 195 98 84 113 37 174 187 124 59 199 49 33 72 46 87 134 34 131 190 109 45 160 22 5 93 126 107 186 116 63 139 94 172 67 0 136 86 89 119 10 130 141 144 100 135 35 158 180 85 133 68 7 42 4 145 58 36 104 80 198 168 60 20 32 184 78 95 74 39 194 175 40 166 30 121 28 149 8 24 182 177 11 155 62 137 76 47 170 6 54 162 31 115 82 110 143 12 112 193 125 91 13 156 64 1 191 142 148 69 146 101 96 108 118 38 189 48 71 127 122 178 16 29 52 19 114 43 169 25 27 181 159 103 106 41 77 57 171
61 165 197 164 26 70 111 185 183 150 88 90 65 18 105 167 50 56 44 23 188 99 192 14 81 123 161 157 140 154 120 15 17 132 196 138 176 2 128 195 98 84 113 37 174 187 124 59 199 49 33 72 46 87 134 34 131 190 109 45 160 22 5 93 126 107 186 116 63 139 94 172 67 0 136 86 89 119 10 130 141 144 100 135 35 158 180 85 133 68 7 42 4 145 58 36 104 80 198 168 60 20 32 184 78 95 74 39 194 175 40 166 30 121 28 149 8 24 182 177 11 155 62 137 76 47 170 6 54 162 31 12 143 112 193 125 91 13 156 64 1 191 142 148 69 146 101 96 108 118 38 189 48 71 159 103 106 41 171 57 77 82 110 115 173 3 66 55 129 53 117 51 73 151 92 153 9 75 179 181 27 25 169 43 114 19 52 178 122 127 152 83 102 163 97 147 16 29 79 21
68 133 85 180 158 35 135 100 74 39 194 175 40 166 30 121 28 144 141 149 8 24 182 177 11 155 62 160 45 109 93 5 22 67 86 136 0 10 130 119 89 172 94 139 63 126 107 116 186 131 190 34 134 87 46 72 33 49 137 76 47 59 199 124 187 174 37 113 128 2 176 138 195 84 98 170 54 6 44 56 23 188 99 132 196 154 140 157 161 120 15 17 123 81 14 192 18 65 90 88 150 183 185 111 70 26 51 164 197 73 117 53 66 129 55 105 167 50 3 151 173 115 31 162 193 125 91 112 12 143 110 9 153 179 75 171 181 27 43 169 25 92 165 61 21 79 147 97 163 102 83 152 127 122 178 16 29 52 19 114 159 71 48 189 103 106 41 57 77 82 156 13 64 1 191 95 78 184 32 20 96 101 148 142 69 146 118 38 108 80 104 36 58 198 168 60 145 4 42 7
98 84 195 176 2 128 113 174 37 72 46 87 34 186 116 63 94 172 139 107 126 93 5 22 67 0 136 86 89 119 10 130 141 144 28 149 8 182 24 121 30 166 175 40 100 135 35 158 180 133 85 194 39 74 95 78 42 68 7 184 32 20 4 145 60 168 58 36 104 80 198 96 101 108 38 118 103 146 69 148 142 191 1 64 156 13 91 125 193 112 143 110 82 9 153 179 75 171 57 77 41 106 181 27 43 169 25 29 16 52 19 114 159 189 48 71 127 122 178 147 152 83 102 163 97 79 21 61 165 92 151 117 73 51 26 164 197 70 111 185 183 150 88 90 65 18 192 14 81 123 17 15 120 161 157 140 154 138 196 132 188 99 105 55 129 53 66 167 50 23 56 44 6 170 54 3 173 115 12 31 162 47 76 137 155 11 177 62 160 45 109 190 131 134 49 59 199 33 124 187
24 182 8 149 109 45 160 62 177 11 155 137 76 162 31 12 143 112 193 125 91 13 156 64 1 191 142 148 69 146 101 96 108 118 38 189 48 71 127 122 178 16 29 52 19 114 159 103 106 41 57 77 82 110 115 9 153 179 75 171 181 43 169 25 27 92 173 3 50 167 55 129 66 53 117 151 73 51 26 164 197 165 61 21 79 147 152 83 102 163 97 70 111 185 183 150 88 90 65 18 105 192 14 81 123 161 157 140 154 120 15 17 196 132 99 188 23 56 44 6 54 170 98 84 195 138 176 2 128 113 37 174 187 124 47 49 59 199 33 72 46 87 134 34 190 131 186 116 63 94 172 139 107 126 93 5 22 67 0 136 86 89 119 10 130 141 28 121 144 135 35 158 68 7 42 4 145 58 36 104 80 198 168 60 20 32 184 78 95 74 85 133 180 194 39 175 40 100 166 30
0 141 144 28 121 30 24 182 8 149 160 45 109 22 5 93 126 107 139 63 116 186 131 190 34 134 87 46 72 37 174 113 128 2 176 138 195 84 98 187 124 33 199 59 49 47 76 137 62 177 11 155 193 112 12 31 162 54 170 6 3 151 173 115 110 143 125 91 166 100 40 175 194 39 74 95 78 42 184 32 20 142 191 1 64 13 156 82 9 153 179 75 171 57 77 41 106 181 27 43 169 25 92 73 117 53 66 129 55 105 167 50 56 44 23 188 99 132 196 17 15 120 154 140 157 161 123 81 14 192 18 65 90 88 150 183 185 111 102 163 97 70 26 51 164 197 165 61 21 79 147 83 152 127 122 178 16 29 52 19 114 159 71 48 189 103 146 69 148 101 96 108 118 38 80 104 36 58 198 168 60 145 4 7 68 133 85 180 158 35 135 130 10 119 89 94 172 86 136 67
31 162 54 170 6 44 56 23 188 99 132 196 138 154 140 157 161 120 15 17 123 81 14 192 18 65 90 88 150 183 185 111 26 51 117 53 66 129 55 105 167 50 3 115 173 151 73 197 164 70 97 163 102 83 152 147 178 122 127 71 48 189 38 118 108 101 96 198 80 104 36 58 168 60 145 4 20 32 184 78 95 42 7 68 133 85 74 180 158 35 135 144 28 121 149 8 160 45 109 93 5 22 141 130 10 119 89 86 136 0 67 172 94 139 63 116 186 107 126 190 131 34 134 87 46 72 37 174 113 128 2 176 195 84 98 187 124 33 199 59 49 47 76 137 62 155 11 177 182 24 30 166 100 40 175 194 39 13 156 64 1 191 142 148 69 146 103 159 114 19 52 16 29 79 21 61 165 92 25 169 43 27 181 106 41 77 57 171 75 179 153 9 82 110 12 143 91 125 193 112
17 15 132 196 138 154 140 157 120 161 123 81 14 192 18 65 90 88 105 55 129 167 50 3 66 53 150 183 185 111 70 197 164 26 51 73 117 151 173 115 110 82 9 153 179 75 171 57 77 41 106 181 27 43 169 25 92 165 61 21 79 147 97 163 102 83 152 127 122 178 16 29 52 19 114 159 71 48 189 103 146 69 148 142 191 1 64 156 13 91 125 175 40 194 39 74 95 78 184 32 20 101 96 108 118 38 80 104 36 58 198 168 60 145 4 7 68 42 85 133 180 158 35 135 100 166 30 121 28 144 141 130 10 119 89 86 136 0 67 172 94 139 63 116 186 107 126 93 5 22 149 8 24 182 160 45 109 190 131 34 134 87 46 33 72 37 174 113 128 2 176 195 84 98 187 124 59 199 49 47 76 137 62 177 11 155 193 112 143 12 31 162 54 170 6 44 56 23 188 99
121 28 144 100 135 35 158 180 85 133 68 7 42 4 145 58 36 104 80 198 168 60 20 32 184 78 95 74 39 194 175 40 166 125 91 13 156 64 1 191 142 148 69 146 101 96 108 118 38 189 48 71 127 122 178 16 29 52 19 114 159 103 106 41 57 77 82 110 143 12 112 193 162 31 115 9 153 179 75 171 181 43 169 25 27 92 173 3 50 167 55 129 66 53 117 151 73 51 26 164 197 165 61 21 79 147 152 83 102 163 97 70 111 185 183 150 88 90 65 18 105 192 14 81 123 161 157 140 154 120 15 17 196 132 99 188 23 56 44 6 54 170 98 84 195 138 176 2 128 113 174 37 72 187 124 33 199 59 49 46 87 134 34 186 116 63 139 107 126 172 94 89 119 130 141 10 0 136 86 67 22 5 93 109 190 131 45 137 76 47 155 11 177 62 160 149 8 182 24 30
194 175 40 166 91 125 193 155 11 177 62 137 76 47 49 59 199 33 124 187 98 84 195 176 2 128 113 174 37 72 46 87 134 34 190 131 186 116 107 126 63 139 94 172 89 119 86 136 0 67 22 5 93 109 45 160 149 8 182 24 30 121 28 141 10 130 144 100 135 35 158 180 133 68 7 4 145 60 168 198 58 36 104 80 38 118 108 96 101 148 142 69 146 103 106 41 57 77 82 9 153 179 75 171 181 27 43 169 25 29 16 52 19 114 159 189 48 71 127 122 178 147 152 83 102 163 97 79 21 61 165 92 115 173 3 66 53 117 151 73 51 26 164 197 70 111 185 183 150 88 90 65 18 192 14 81 123 161 157 140 154 120 17 15 138 196 132 188 99 105 55 129 167 50 23 56 44 6 170 54 162 31 12 112 143 110 156 13 64 1 191 20 32 184 78 95 42 85 74 39
118 38 108 80 36 58 104 198 168 60 145 4 20 32 184 78 95 42 7 68 133 85 74 180 158 35 135 100 144 28 121 149 141 130 10 119 89 94 172 86 136 0 67 22 5 93 109 160 45 190 131 107 126 139 63 116 186 34 134 87 46 72 37 174 113 128 2 176 195 84 98 187 124 33 199 59 49 47 76 137 62 155 11 177 182 8 24 30 166 40 175 194 39 191 1 64 156 13 91 125 193 112 143 12 31 162 54 170 6 44 56 23 188 99 132 196 138 154 140 157 161 120 15 17 123 81 14 192 18 65 90 88 150 183 185 111 70 97 163 102 83 152 147 79 21 61 165 197 164 26 51 73 151 117 53 66 129 55 105 167 50 3 173 115 110 82 77 57 171 75 179 9 153 92 25 169 43 114 19 52 29 16 178 122 127 71 48 189 159 27 181 41 106 103 146 69 142 148 101 96
7 68 133 85 180 158 35 135 100 40 175 194 39 166 30 121 28 144 141 149 8 24 182 177 11 155 62 160 45 109 93 5 22 67 86 136 0 10 130 119 89 172 94 139 63 126 107 116 186 131 190 34 134 87 46 72 33 49 137 76 47 59 199 124 187 174 37 113 128 2 176 138 195 84 98 170 54 6 44 56 23 188 99 132 196 154 140 157 161 120 15 17 123 81 14 192 18 65 90 88 150 183 185 111 70 26 51 164 197 73 117 53 66 129 55 105 167 50 3 151 173 115 31 162 193 125 91 112 12 143 110 9 153 179 75 171 181 27 43 169 25 92 165 61 21 79 147 97 163 102 83 152 127 122 178 16 29 52 19 114 159 71 48 189 103 106 41 57 77 82 156 13 64 1 191 142 148 69 146 101 118 38 108 96 80 36 58 104 198 168 60 145 4 20 32 184 78 74 95 42
14 81 123 17 15 120 161 157 140 154 138 196 132 188 23 56 44 6 170 54 3 66 50 167 55 129 53 117 151 173 115 92 165 61 21 79 29 16 52 19 114 159 43 169 25 27 181 106 41 77 57 171 75 179 153 9 82 110 143 12 31 162 47 76 137 49 199 59 124 187 98 84 195 176 2 128 113 174 37 72 33 46 87 134 34 131 190 126 107 186 116 63 139 94 172 89 119 10 130 141 144 100 135 35 158 180 85 133 68 7 42 4 145 60 168 198 58 36 104 80 38 118 108 96 101 20 32 184 78 95 74 39 194 175 40 166 30 28 121 24 182 8 149 0 136 86 67 22 5 93 109 45 160 62 177 11 155 193 112 125 91 13 156 64 1 191 142 148 69 146 103 189 48 71 127 122 178 152 83 147 97 102 163 70 164 197 73 51 26 111 185 183 150 88 90 65 18 105 99 192
6 44 56 23 188 99 132 196 138 154 140 157 161 120 15 17 123 81 14 192 18 65 90 88 150 183 185 111 70 97 163 102 83 152 127 122 178 147 197 164 26 51 73 151 117 53 66 129 55 105 167 50 3 173 92 165 61 21 79 29 16 52 19 114 43 169 25 27 179 75 77 57 171 181 41 106 103 159 71 48 189 38 118 108 96 101 146 69 148 142 191 1 64 156 13 91 125 193 112 12 143 110 82 9 153 115 31 162 47 76 137 155 11 62 160 45 109 93 5 22 67 86 136 0 28 121 149 8 182 177 24 30 166 40 175 194 39 74 95 78 184 32 20 60 168 198 80 104 36 58 145 4 7 68 42 85 133 180 158 35 135 100 144 141 130 10 119 89 172 94 139 63 126 107 116 186 131 190 34 134 87 46 72 37 174 113 128 2 176 195 84 98 187 33 49 199 59 124 170 54
98 84 195 176 2 128 113 174 37 72 46 87 34 186 116 63 94 172 139 107 126 93 5 22 67 0 136 86 89 119 10 130 141 144 28 149 8 182 24 121 30 166 175 40 100 135 35 158 180 133 85 194 39 74 95 78 42 68 7 184 32 20 4 145 60 168 58 36 104 80 198 96 101 108 38 118 103 146 69 148 142 191 1 64 156 13 91 125 193 112 143 110 82 9 153 179 75 171 57 77 41 106 181 27 43 169 25 29 16 52 19 114 159 189 48 71 127 122 178 147 152 83 102 163 97 79 21 61 165 92 151 117 73 51 26 164 197 70 111 185 183 150 88 90 65 18 192 14 81 123 17 15 120 161 157 140 154 138 196 132 188 99 105 55 129 53 66 167 50 23 56 44 6 170 54 3 173 115 12 31 162 47 76 137 155 11 177 62 160 45 109 190 131 134 49 59 199 33 124 187
54 170 98 84 195 2 128 113 37 174 187 124 59 199 49 33 72 46 87 134 34 131 190 109 45 160 22 5 93 126 107 186 116 63 139 94 172 67 0 136 86 89 119 10 130 141 144 100 135 35 158 180 85 133 68 7 42 4 145 58 36 104 80 198 168 60 20 32 184 78 95 74 39 194 175 40 166 30 121 28 149 8 24 182 177 11 155 62 137 76 47 162 31 12 143 112 193 125 91 13 156 64 1 191 142 148 69 146 101 96 108 118 38 189 48 71 127 122 178 16 29 52 19 114 159 103 106 41 57 77 82 110 115 9 153 179 75 171 181 43 169 25 27 92 173 3 50 167 55 129 66 53 117 151 73 51 26 164 197 165 61 21 79 147 152 83 102 163 97 70 111 185 183 150 88 90 65 18 105 192 14 81 123 17 15 120 161 157 140 154 176 138 196 132 99 188 23 56 44 6
129 55 167 50 3 173 115 110 82 75 179 9 153 92 21 79 147 97 163 102 83 152 127 122 178 16 29 52 19 114 43 169 25 27 181 171 57 77 103 41 106 159 71 48 189 38 118 108 96 101 146 69 148 142 191 1 64 156 13 91 125 193 112 143 12 31 162 47 76 137 155 11 62 160 45 109 93 5 22 67 86 136 0 28 121 149 8 182 177 24 30 166 40 175 194 39 74 95 78 184 32 20 60 168 198 80 104 36 58 145 4 7 68 42 85 133 180 158 35 135 100 144 141 130 10 119 89 172 94 139 63 126 107 116 186 131 190 34 134 87 46 72 37 174 187 33 49 199 59 124 84 98 170 54 6 44 56 23 188 99 132 196 195 113 128 2 176 138 154 140 157 161 120 15 17 123 81 14 192 105 18 65 90 88 150 183 185 111 70 61 165 197 164 26 51 73 151 117 53 66
187 124 59 199 49 33 72 37 174 113 128 2 176 154 140 157 161 120 15 17 123 81 14 192 18 65 90 88 150 183 185 111 70 97 163 102 83 152 147 79 21 61 165 197 164 26 51 73 117 151 92 153 179 171 57 77 75 9 82 110 143 112 193 125 91 13 156 64 1 191 142 148 69 146 103 106 41 181 27 43 169 25 29 16 178 127 122 52 19 114 159 71 48 189 38 118 108 101 96 80 36 58 104 198 168 60 145 4 20 32 184 78 95 42 7 68 133 85 180 158 35 135 100 74 39 194 175 40 166 30 24 182 8 149 121 28 144 141 130 10 119 89 86 136 0 67 22 5 93 107 126 172 94 139 63 116 186 34 87 46 134 131 190 109 45 160 62 177 11 155 137 76 47 162 31 12 115 173 3 54 170 6 66 53 129 55 105 167 50 56 44 23 188 99 132 196 138 195 84 98
146 69 148 142 191 1 64 13 156 82 9 153 179 75 171 57 77 103 189 48 71 127 122 178 16 29 52 19 114 159 106 41 181 27 43 169 25 92 173 3 50 167 55 129 66 53 117 151 73 51 26 164 197 165 61 21 79 147 152 83 102 163 97 70 111 185 183 150 88 90 65 18 105 192 14 81 123 161 157 140 154 120 15 17 196 132 99 188 23 56 44 6 170 54 162 31 115 110 143 12 112 193 125 91 24 182 8 149 109 45 160 62 177 11 155 137 76 47 49 59 199 33 124 187 98 84 195 138 176 2 128 113 174 37 72 46 87 134 34 190 131 186 116 63 94 172 139 107 126 93 5 22 67 0 136 86 89 119 10 130 141 144 28 121 30 166 39 74 194 175 40 100 135 35 158 180 85 133 68 7 42 95 78 184 32 20 4 145 60 168 198 104 58 36 80 108 38 118 96 101
160 45 134 46 72 87 34 131 190 126 107 186 116 63 139 94 172 89 119 10 130 141 144 100 135 35 158 180 85 133 68 7 42 4 145 58 36 104 80 198 168 60 20 32 184 78 95 74 39 194 175 40 166 125 91 13 156 64 1 191 142 148 69 146 101 96 108 118 38 189 48 71 127 122 178 16 29 52 19 114 159 103 106 41 57 77 82 110 143 12 112 193 162 31 115 9 153 179 75 171 181 43 169 25 27 92 173 3 50 167 55 129 66 53 117 151 73 51 26 164 197 165 61 21 79 147 152 83 102 163 97 70 111 185 183 150 88 90 65 18 105 192 14 81 123 161 157 140 154 120 15 17 196 132 99 188 23 56 44 6 54 170 98 84 195 138 176 2 128 113 37 174 187 124 33 199 59 49 47 76 137 62 155 11 177 182 8 149 24 30 121 28 0 136 86 67 22 5 93 109
189 48 71 114 19 52 122 127 178 16 29 79 147 152 83 102 163 97 70 111 185 183 150 88 90 65 18 105 192 14 81 123 161 157 140 154 120 15 17 196 132 99 188 23 44 56 50 167 55 129 66 53 117 151 73 51 26 164 197 61 21 165 173 3 6 170 54 49 59 199 33 124 187 98 84 195 138 176 2 128 113 174 37 72 46 87 134 34 131 190 109 45 160 22 5 93 126 107 186 116 63 139 94 172 67 0 136 86 89 119 10 130 141 144 100 135 35 158 180 85 133 68 7 42 4 145 58 36 104 80 198 168 60 20 32 184 78 95 74 39 194 175 40 166 30 121 28 149 8 24 182 177 11 155 62 137 76 47 162 31 115 92 25 169 43 27 181 171 57 77 75 179 153 9 82 110 143 12 112 193 125 91 13 156 64 1 191 142 148 69 146 101 96 108 38 118 103 41 106 159
19 52 122 127 178 16 29 79 25 169 43 159 103 106 41 181 27 179 153 9 75 171 57 77 82 110 115 173 3 50 167 55 129 66 53 117 151 73 51 26 164 197 92 165 61 21 147 152 83 102 163 97 70 111 185 183 150 88 90 65 18 105 192 14 81 123 17 15 120 161 157 140 154 138 176 2 128 113 174 37 72 33 199 59 49 46 87 134 34 190 131 186 116 107 126 63 139 94 172 89 119 10 130 141 144 100 135 35 158 180 133 85 42 68 7 4 145 58 36 104 80 198 168 60 20 32 184 78 95 74 39 194 175 40 166 30 24 177 182 8 149 121 28 0 136 86 67 22 5 93 109 45 160 62 11 155 137 76 47 124 187 98 84 195 196 132 99 188 23 56 44 6 170 54 162 31 12 143 112 193 125 91 13 156 64 1 191 142 148 69 146 101 96 108 118 38 189 48 71 114
199 49 33 72 46 87 134 34 131 190 109 45 160 22 5 93 126 107 186 116 63 139 94 172 67 0 136 86 89 119 10 130 141 144 100 135 35 158 180 85 133 68 7 42 4 145 58 36 104 80 198 168 60 20 32 184 78 95 74 39 194 175 40 166 30 121 28 149 8 24 182 177 11 155 62 137 76 47 162 31 12 143 112 193 125 91 13 156 64 1 191 142 148 69 146 101 96 108 118 38 189 48 71 127 122 178 16 29 52 19 114 159 103 106 41 57 77 82 110 115 9 153 179 75 171 181 43 169 25 27 92 173 3 50 167 55 129 66 53 117 151 73 51 26 164 197 165 61 21 79 147 152 83 102 163 97 70 111 185 183 150 88 90 65 18 105 192 14 81 123 161 157 140 154 120 15 17 196 132 99 188 23 56 44 6 54 170 98 84 195 138 176 2 128 113 37 174 187 124 59
99 188 50 167 3 66 129 55 105 18 65 90 88 150 53 183 185 111 70 197 164 26 51 73 117 151 173 115 110 82 9 153 179 75 171 57 77 41 106 181 27 43 169 25 92 165 61 21 79 147 97 163 102 83 152 127 122 178 16 29 52 19 114 159 71 48 189 103 146 69 148 142 191 1 64 156 13 91 125 175 40 194 39 74 95 78 184 32 20 101 96 108 118 38 80 104 36 58 198 168 60 145 4 7 68 42 85 133 180 158 35 135 100 166 30 121 28 144 141 130 10 119 89 86 136 0 67 172 94 139 63 116 186 107 126 93 5 22 149 8 24 182 160 45 109 190 131 34 134 87 46 72 37 174 113 128 2 176 138 195 84 98 187 124 33 199 59 49 47 76 137 62 177 11 155 193 112 143 12 31 162 54 170 6 44 56 23 132 196 154 140 157 161 120 15 17 123 81 14 192
126 93 5 22 67 0 136 86 89 119 10 130 141 28 121 144 100 135 35 158 180 85 133 68 7 42 4 145 58 36 104 80 198 168 60 20 32 184 78 95 74 39 194 175 40 166 30 24 149 8 182 177 11 155 125 91 13 156 64 1 191 142 148 69 146 101 96 108 118 38 189 48 71 127 122 178 16 29 52 19 114 159 103 106 41 57 77 82 110 143 12 112 193 162 31 115 9 153 179 75 171 181 43 169 25 27 92 173 3 50 167 55 129 66 53 117 151 73 51 26 164 197 165 61 21 79 147 152 83 102 163 97 70 111 185 183 150 88 90 65 18 105 192 14 81 123 161 157 140 154 120 15 17 196 132 99 188 23 56 44 6 54 170 98 84 195 138 176 2 128 113 37 174 187 124 33 199 59 49 47 76 137 62 160 45 109 190 131 134 46 72 87 34 186 116 107 63 139 94 172
41 106 103 189 48 71 127 122 178 52 19 16 29 79 147 152 83 102 163 97 21 61 165 197 164 70 111 185 26 51 73 151 117 183 150 88 90 65 18 192 14 81 123 161 157 140 154 120 17 15 138 176 2 128 195 113 37 174 187 33 72 46 87 34 134 49 199 59 124 84 98 196 132 99 188 23 44 56 50 167 105 55 129 53 66 3 173 92 25 169 43 114 159 181 27 179 75 9 153 115 31 162 54 6 170 47 76 137 155 11 62 160 45 109 190 131 186 116 63 139 94 172 126 107 93 5 22 67 0 136 86 89 119 10 130 141 144 28 121 149 8 182 177 24 30 166 40 175 194 39 74 100 135 35 158 180 85 133 68 7 42 95 78 184 32 20 4 145 60 168 198 104 58 36 80 38 118 108 96 101 146 69 148 142 191 1 64 156 13 91 125 193 112 12 143 110 82 77 57 171
195 84 98 187 124 33 199 59 49 47 76 137 155 11 177 62 160 45 109 190 131 34 134 87 46 72 37 174 113 128 2 176 138 154 140 157 120 15 17 161 123 81 14 192 18 65 90 88 105 55 129 167 50 3 66 53 150 183 185 111 70 197 164 26 51 73 117 151 173 115 110 82 9 153 179 75 171 57 77 41 106 181 27 43 169 25 92 165 61 21 79 147 97 163 102 83 152 127 122 178 16 29 52 19 114 159 71 48 189 103 146 69 148 101 96 108 118 38 80 104 36 58 198 168 60 145 4 7 68 42 85 133 180 158 35 135 100 144 141 130 10 119 89 86 136 0 67 172 94 139 63 116 186 107 126 93 5 22 149 8 182 24 121 28 30 166 40 175 194 39 74 95 78 184 32 20 142 191 1 64 156 13 91 125 193 112 143 12 31 162 54 170 6 44 56 23 188 99 132 196
155 11 177 62 160 45 109 190 131 34 87 46 134 137 76 47 54 6 170 98 84 187 124 59 199 49 33 72 37 174 113 128 2 176 195 138 196 132 154 140 157 161 120 15 17 123 81 14 192 99 188 23 44 56 50 167 66 53 129 55 105 18 65 90 88 150 183 185 111 102 152 83 163 97 147 127 122 178 16 29 52 19 114 159 71 48 189 103 106 41 181 27 43 169 25 79 21 61 165 197 164 70 26 51 73 117 151 92 153 9 179 75 171 57 77 82 110 143 156 13 64 1 191 39 175 40 194 74 95 78 184 32 20 96 101 148 142 69 146 118 38 108 80 104 36 58 198 168 60 145 4 7 68 42 85 133 180 158 35 100 135 130 119 89 172 94 139 63 116 186 107 126 93 5 22 67 86 136 0 10 141 144 28 149 8 182 24 121 30 166 91 125 193 112 12 115 173 3 31 162
150 183 185 111 70 26 164 197 165 61 97 163 102 83 152 147 21 79 29 16 178 127 122 52 19 114 43 169 25 27 181 179 75 9 153 92 115 110 82 77 57 171 41 106 103 159 71 48 189 38 118 108 96 101 146 69 148 142 191 1 64 156 13 91 125 193 112 143 12 31 162 54 6 170 47 76 137 62 155 11 177 182 24 8 149 28 121 30 166 40 175 194 39 74 95 78 184 32 20 60 168 198 80 104 36 58 145 4 42 7 68 133 85 180 158 35 135 100 144 141 130 10 119 89 86 136 0 67 172 94 139 63 116 186 107 126 93 5 22 160 45 109 190 131 34 134 87 46 72 37 174 113 128 2 176 138 195 187 33 49 199 59 124 84 98 132 196 17 15 120 154 140 157 161 123 81 14 192 18 65 90 88 105 99 188 23 44 56 50 167 55 129 66 3 173 151 73 51 117 53
108 96 101 146 69 148 142 64 1 191 39 194 175 40 166 125 91 13 156 82 77 57 171 75 179 92 153 9 110 143 12 112 193 155 11 177 62 137 76 47 162 31 115 54 6 170 98 84 124 59 199 49 33 187 195 138 196 132 99 188 23 44 56 50 167 55 129 53 66 3 173 151 117 73 51 26 164 197 165 61 21 79 29 16 52 19 114 43 169 25 27 181 159 106 41 103 118 38 189 48 71 127 122 178 147 152 83 102 163 97 70 111 185 183 150 88 90 65 18 105 192 14 81 123 161 157 140 154 120 17 15 176 2 128 113 174 37 72 46 87 134 34 131 190 109 45 160 149 8 182 24 30 121 28 0 136 86 67 22 5 93 126 107 186 116 63 139 94 172 89 119 10 130 141 144 100 135 35 158 180 85 74 95 78 184 20 32 42 133 68 7 4 145 60 168 198 58 36 104 80
42 184 32 20 60 145 4 7 68 133 85 180 158 35 135 100 40 175 194 39 91 125 193 112 143 110 12 31 162 124 187 33 199 59 49 47 76 137 155 11 177 62 160 45 109 107 126 86 136 0 67 22 93 5 149 8 182 24 166 30 121 28 144 141 130 10 119 89 172 94 139 63 116 186 131 190 34 134 87 46 72 37 174 113 128 2 176 138 195 84 98 170 54 6 44 56 23 188 99 132 196 154 140 157 161 120 15 17 123 81 14 192 18 65 90 88 150 183 185 111 26 164 51 117 53 66 129 55 105 167 50 3 115 173 151 73 197 70 97 163 102 83 152 147 178 122 127 71 48 189 38 118 108 80 104 36 58 168 198 96 101 148 142 69 146 103 159 114 19 52 16 29 79 21 61 165 92 25 169 43 27 181 106 41 77 57 171 75 179 153 9 82 156 13 64 1 191 74 95 78
84 98 187 124 59 199 49 33 72 37 174 113 128 2 176 154 140 157 161 120 15 17 123 81 14 192 18 65 90 88 150 183 185 111 70 97 163 102 83 152 147 79 21 61 165 197 164 26 51 73 117 151 92 153 179 171 57 77 75 9 82 110 143 112 193 125 91 13 156 64 1 191 142 148 69 146 103 106 41 181 27 43 169 25 29 16 178 127 122 52 19 114 159 71 48 189 38 118 108 101 96 80 36 58 104 198 168 60 145 4 20 32 184 78 95 42 7 68 133 85 180 158 35 135 100 74 39 194 175 40 166 30 24 182 8 149 121 28 144 141 130 10 119 89 86 136 0 67 22 5 93 107 126 172 94 139 63 116 186 34 87 46 134 131 190 109 45 160 62 177 11 155 137 76 47 162 31 12 115 173 3 54 170 6 66 53 129 55 105 167 50 56 44 23 188 99 132 196 138 195
9 82 110 115 173 3 50 167 55 129 66 53 117 151 73 51 26 164 197 70 111 185 183 150 88 90 65 18 105 192 14 81 123 161 157 140 154 120 15 17 196 132 99 188 23 56 44 6 170 54 162 31 12 143 112 193 125 91 175 40 166 30 24 182 8 149 121 28 22 5 93 109 45 160 62 177 11 155 137 76 47 49 59 199 33 124 187 98 84 195 138 176 2 128 113 174 37 72 46 87 134 34 190 131 186 116 63 139 107 126 94 172 67 0 136 86 89 119 10 130 141 144 100 135 35 158 68 7 42 4 145 60 168 198 58 36 104 80 38 118 108 96 101 20 32 184 78 95 74 85 133 180 194 39 13 156 64 1 191 142 148 69 146 103 189 48 71 127 122 178 147 152 83 102 163 97 79 21 61 165 92 153 179 27 43 169 25 29 16 52 19 114 159 181 106 41 77 57 171 75
170 54 6 44 56 23 188 99 132 196 138 154 140 157 161 120 15 17 123 81 14 192 18 65 90 88 150 183 185 111 70 97 163 102 83 152 127 122 178 147 197 164 26 51 73 151 117 53 66 129 55 105 167 50 3 173 92 165 61 21 79 29 16 52 19 114 43 169 25 27 179 75 77 57 171 181 41 106 103 159 71 48 189 38 118 108 96 101 146 69 148 142 191 1 64 156 13 91 125 193 112 12 143 110 82 9 153 115 31 162 47 76 137 155 11 62 160 45 109 93 5 22 67 86 136 0 28 121 149 8 182 177 24 30 166 40 175 194 39 74 95 78 184 32 20 60 168 198 80 104 36 58 145 4 7 68 42 85 133 180 158 35 135 100 144 141 130 10 119 89 172 94 139 63 126 107 116 186 131 190 34 134 87 46 72 37 128 2 176 195 113 174 33 49 199 59 124 187 84 98
39 194 74 85 42 95 78 184 32 20 142 148 101 96 108 118 38 80 104 36 58 198 168 60 145 4 7 68 133 180 158 35 135 100 40 175 166 30 24 182 8 149 160 45 109 93 5 22 121 28 144 141 130 10 0 67 136 86 119 89 172 94 139 63 116 186 107 126 190 131 34 134 87 46 72 37 174 113 128 2 176 195 84 98 187 124 33 199 59 49 47 76 137 62 177 11 155 162 54 6 170 132 196 138 154 140 157 161 120 15 17 123 81 14 192 99 188 23 44 56 50 167 105 18 65 90 88 150 183 53 129 55 66 3 173 151 117 73 197 164 26 51 185 111 70 97 163 102 83 152 147 79 21 61 165 92 25 169 43 27 181 41 106 159 114 29 16 178 127 122 52 19 71 48 189 103 146 69 77 57 171 75 179 153 9 115 31 193 125 91 112 12 143 110 82 156 13 64 1 191
122 127 178 16 29 79 147 152 83 102 163 97 21 61 165 197 164 70 111 185 26 51 73 117 151 173 3 66 53 183 150 88 90 65 18 192 14 81 123 161 157 140 154 120 15 17 105 55 129 167 50 56 44 23 188 99 132 196 138 176 2 128 195 98 84 113 37 174 187 124 59 199 49 33 72 46 87 134 34 131 190 109 45 160 22 5 93 126 107 186 116 63 139 94 172 67 0 136 86 89 119 10 130 141 144 100 135 35 158 180 85 133 68 7 42 4 145 58 36 104 80 198 168 60 20 32 184 78 95 74 39 194 175 40 166 30 121 28 149 8 24 182 177 11 155 62 137 76 47 170 6 54 162 31 115 92 25 169 43 159 103 106 41 181 27 171 57 77 75 179 153 9 82 110 143 12 112 193 125 91 13 156 64 1 191 142 148 69 146 101 96 108 118 38 189 48 71 114 19 52
50 167 55 129 66 53 117 151 73 51 26 164 197 165 61 21 79 147 152 83 102 163 97 70 111 185 183 150 88 90 65 18 105 192 14 81 123 161 157 140 154 120 15 17 196 132 99 188 23 56 44 6 170 54 162 31 115 110 82 9 153 179 75 77 57 171 181 27 43 159 106 41 103 146 69 101 148 142 78 95 74 194 39 191 1 64 13 156 143 12 112 193 125 91 24 182 8 149 109 45 160 62 177 11 155 137 76 47 124 187 98 84 195 138 176 2 128 113 174 37 72 33 199 59 49 46 87 134 34 190 131 186 116 63 94 172 139 107 126 93 5 22 67 0 136 86 89 119 10 130 141 144 28 121 30 166 175 40 100 135 35 158 180 85 133 68 7 42 184 32 20 4 145 60 168 198 58 36 104 80 96 108 118 38 189 48 71 114 19 52 122 127 178 16 29 169 25 92 173 3
58 36 80 38 189 48 71 127 122 178 16 29 52 19 114 43 169 25 27 92 173 3 50 167 55 129 66 53 117 151 73 51 26 164 197 165 61 21 79 147 152 83 102 163 97 70 111 185 183 150 88 90 65 18 105 192 14 81 123 161 157 140 154 120 15 17 196 132 99 188 23 56 44 6 170 54 49 59 199 33 124 187 98 84 195 138 176 2 128 113 174 37 72 46 87 134 34 131 190 45 160 109 107 186 116 63 139 94 172 126 93 5 22 67 0 136 86 89 119 10 130 141 144 166 30 121 28 149 8 24 182 177 11 155 62 137 76 47 162 31 12 143 112 193 125 91 13 156 110 115 82 9 153 179 75 77 57 171 181 159 106 41 103 118 108 96 101 146 69 148 142 64 1 191 74 39 194 175 40 100 135 35 158 180 85 133 68 7 42 95 78 184 32 20 4 145 60 168 198 104
175 40 166 39 78 184 32 20 4 145 60 168 198 58 36 104 80 108 38 118 96 101 146 69 148 142 191 1 64 156 13 91 125 193 155 11 177 62 137 76 47 124 187 98 84 195 138 196 132 188 99 105 55 129 167 50 23 56 44 6 170 54 162 31 12 112 143 110 82 9 153 179 75 171 57 77 103 106 41 181 27 43 169 25 29 16 52 19 114 159 189 48 71 127 122 178 147 152 83 102 163 97 79 21 61 165 92 115 173 3 66 53 117 151 73 51 26 164 197 70 111 185 183 150 88 90 65 18 192 14 81 123 161 157 140 154 120 17 15 176 2 128 113 174 37 72 33 199 59 49 46 87 134 34 190 131 186 116 107 126 63 139 94 172 89 119 86 136 0 67 22 5 93 109 45 160 149 8 182 24 30 121 28 141 10 130 144 100 135 35 158 180 85 133 68 7 42 95 74 194
128 2 176 138 195 84 98 170 54 6 44 56 23 188 99 132 196 154 140 157 161 120 15 17 123 81 14 192 18 65 90 88 150 183 185 111 70 97 163 102 83 152 127 122 178 147 197 164 26 51 73 151 117 53 66 129 55 105 167 50 3 173 92 165 61 21 79 29 16 52 19 114 43 169 25 27 179 75 77 57 171 181 41 106 103 159 71 48 189 38 118 108 96 101 146 69 148 142 191 1 64 156 13 91 125 193 112 12 143 110 82 9 153 115 31 162 47 76 137 155 11 62 160 45 109 93 5 22 67 86 136 0 28 121 149 8 182 177 24 30 166 40 175 194 39 74 95 78 184 32 20 60 168 198 80 104 36 58 145 4 7 68 42 85 133 180 158 35 135 100 144 141 130 10 119 89 172 94 139 63 126 107 116 186 131 190 34 134 87 46 49 199 59 124 187 33 72 37 174 113
86 136 0 67 22 5 93 109 45 160 149 8 182 24 30 121 28 141 10 130 144 100 135 35 158 180 85 133 68 7 42 4 145 60 168 198 58 36 104 80 38 118 108 96 101 20 32 184 78 95 74 39 194 175 40 166 125 91 13 156 64 1 191 142 148 69 146 103 189 48 71 159 114 19 52 29 16 178 122 127 152 83 147 79 21 61 165 197 164 51 26 70 97 163 102 111 185 183 150 88 90 65 18 192 14 81 123 161 157 140 154 120 15 17 196 132 99 188 23 44 56 50 167 105 55 129 66 53 117 73 92 25 169 43 27 181 106 41 77 57 171 75 179 153 9 82 110 143 12 112 193 155 11 177 62 137 76 47 162 31 115 173 151 3 54 6 170 59 199 49 33 124 187 98 84 195 138 176 2 128 113 174 37 72 46 87 134 34 190 131 186 116 107 126 63 139 94 172 89 119
82 110 115 173 3 50 167 55 129 66 53 117 151 73 51 26 164 197 70 111 185 183 150 88 90 65 18 105 192 14 81 123 161 157 140 154 120 15 17 196 132 99 188 23 56 44 6 170 54 162 31 12 143 112 193 125 91 175 40 166 30 24 182 8 149 121 28 22 5 93 109 45 160 62 177 11 155 137 76 47 49 59 199 33 124 187 98 84 195 138 176 2 128 113 174 37 72 46 87 134 34 190 131 186 116 63 139 107 126 94 172 67 0 136 86 89 119 10 130 141 144 100 135 35 158 68 7 42 4 145 60 168 198 58 36 104 80 38 118 108 96 101 20 32 184 78 95 74 85 133 180 194 39 13 156 64 1 191 142 148 69 146 103 189 48 71 127 122 178 147 152 83 102 163 97 79 21 61 165 92 153 9 179 27 43 169 25 29 16 52 19 114 159 181 106 41 77 57 171 75
4 20 32 184 78 95 42 7 68 133 85 180 158 35 135 100 40 175 194 39 74 191 1 64 142 148 69 146 118 103 106 41 77 57 171 75 179 153 9 82 115 110 156 13 91 125 193 112 143 12 31 162 47 76 137 155 11 177 62 8 149 182 24 166 30 121 28 144 141 130 10 0 67 136 86 119 89 172 94 139 63 116 186 131 190 107 126 93 5 22 109 160 45 34 134 87 46 72 33 49 199 59 124 187 174 37 113 128 2 176 138 195 84 98 170 54 6 44 56 23 188 99 132 196 154 140 157 161 120 15 17 123 81 14 192 18 65 90 88 150 183 185 111 26 51 117 53 66 129 55 105 167 50 3 173 151 73 197 164 70 97 163 102 83 152 147 79 21 61 165 92 25 169 27 181 43 29 16 178 127 122 52 19 114 159 71 48 189 38 108 101 96 80 104 36 58 198 168 60 145
42 184 32 20 60 145 4 7 68 133 85 180 158 35 135 100 40 175 194 39 91 125 193 112 143 110 12 31 162 124 187 33 199 59 49 47 76 137 155 11 177 62 160 45 109 107 126 86 136 0 67 22 93 5 149 8 182 24 166 30 121 28 144 141 130 10 119 89 172 94 139 63 116 186 131 190 34 134 87 46 72 37 174 113 128 2 176 138 195 84 98 170 54 6 44 56 23 188 99 132 196 154 140 157 161 120 15 17 123 81 14 192 18 65 90 88 150 183 185 111 26 164 51 117 53 66 129 55 105 167 50 3 115 173 151 73 197 70 97 163 102 83 152 147 178 122 127 71 48 189 38 118 108 80 104 36 58 168 198 96 101 148 142 69 146 103 159 114 19 52 16 29 79 21 61 165 92 25 169 43 27 181 106 41 77 57 171 75 179 153 9 82 156 13 64 1 191 74 95 78
118 38 108 80 36 58 104 198 168 60 145 4 20 32 184 78 95 42 7 68 133 85 74 180 158 35 135 100 144 28 121 149 141 130 10 119 89 94 172 86 136 0 67 22 5 93 109 160 45 190 131 107 126 139 63 116 186 34 134 87 46 72 37 174 113 128 2 176 195 84 98 187 124 33 199 59 49 47 76 137 62 155 11 177 182 8 24 30 166 40 175 194 39 191 1 64 156 13 91 125 193 112 143 12 31 162 54 170 6 44 56 23 188 99 132 196 138 154 140 157 161 120 15 17 123 81 14 192 18 65 90 88 150 183 185 111 70 97 163 102 83 152 147 79 21 61 165 197 164 26 51 73 151 117 53 66 129 55 105 167 50 3 173 115 110 82 77 57 171 75 179 9 153 92 25 169 43 114 19 52 29 16 178 122 127 71 48 189 159 27 181 41 106 103 146 69 142 148 101 96
71 48 189 38 118 108 96 101 146 69 148 142 64 1 191 39 166 40 175 194 74 95 78 184 32 20 60 168 198 80 104 36 58 145 4 7 68 42 85 133 180 158 35 135 100 144 28 121 30 24 182 8 149 160 45 109 93 5 22 141 130 10 119 89 86 136 0 67 172 94 139 63 116 186 107 126 190 131 34 134 87 46 72 37 174 113 128 2 176 195 84 98 187 124 33 199 59 49 47 76 137 62 177 11 155 193 125 91 13 156 82 77 57 171 75 9 153 179 27 181 41 106 103 159 43 169 25 92 115 110 143 112 12 31 162 54 170 6 44 56 23 188 99 132 196 138 154 140 157 161 120 15 17 123 81 14 192 105 18 65 90 88 150 183 185 111 51 117 53 129 55 167 50 66 3 173 151 73 197 164 26 70 163 102 83 152 147 97 61 165 21 79 29 16 178 127 122 52 19 114
187 124 59 199 49 33 72 37 174 113 128 2 176 154 140 157 161 120 15 17 123 81 14 192 18 65 90 88 150 183 185 111 70 97 163 102 83 152 147 79 21 61 165 197 164 26 51 73 117 151 92 153 179 171 57 77 75 9 82 110 143 112 193 125 91 13 156 64 1 191 142 148 69 146 103 106 41 181 27 43 169 25 29 16 178 127 122 52 19 114 159 71 48 189 38 118 108 101 96 80 36 58 104 198 168 60 145 4 20 32 184 78 95 42 7 68 133 85 180 158 35 135 100 74 39 194 175 40 166 30 24 182 8 149 121 28 144 141 130 10 119 89 86 136 0 67 22 5 93 107 126 172 94 139 63 116 186 34 87 46 134 131 190 109 45 160 62 177 11 155 137 76 47 162 31 12 115 173 3 54 170 6 66 53 129 55 105 167 50 56 44 23 188 99 132 196 138 195 84 98
63 139 94 172 93 5 22 67 0 136 86 89 119 10 130 141 144 100 135 35 158 180 85 133 68 7 42 4 145 58 36 104 80 198 168 60 20 32 184 78 95 74 39 194 175 40 166 30 121 28 149 8 182 24 125 91 13 156 64 1 191 142 148 69 146 101 96 108 118 38 189 48 71 127 122 178 16 29 52 19 114 159 103 106 41 57 77 82 110 143 12 112 193 162 31 115 9 153 179 75 171 181 43 169 25 27 92 173 3 50 167 55 129 66 53 117 151 73 51 26 164 197 165 61 21 79 147 152 83 102 163 97 70 111 185 183 150 88 90 65 18 105 192 14 81 123 161 157 140 154 120 15 17 196 132 99 188 23 56 44 6 54 170 98 84 195 138 176 2 128 113 37 174 187 124 33 199 59 49 47 76 137 155 11 177 62 160 45 109 190 131 134 46 72 87 34 186 116 107 126
74 95 78 42 184 32 20 60 145 4 7 68 158 35 180 133 85 194 175 40 100 135 144 141 130 10 119 89 94 172 86 136 0 67 126 107 139 63 116 186 131 190 34 134 87 46 72 37 174 113 128 2 176 138 195 84 98 170 54 6 44 56 23 188 99 132 196 154 140 157 161 120 15 17 123 81 14 192 18 65 90 88 150 183 185 111 70 197 164 26 51 73 151 117 53 66 129 55 105 167 50 3 173 115 31 162 124 187 33 199 59 49 47 76 137 155 11 177 62 160 45 109 93 5 22 149 8 182 24 121 28 30 166 91 125 193 112 12 143 110 82 9 153 179 75 171 57 77 41 106 181 27 43 169 25 92 165 61 21 79 147 97 163 102 83 152 127 122 178 16 29 52 19 114 159 71 48 189 103 146 69 118 38 108 80 104 36 58 168 198 96 101 148 142 191 1 64 156 13 39
128 2 176 138 195 84 98 170 54 6 44 56 23 188 99 132 196 154 140 157 161 120 15 17 123 81 14 192 18 65 90 88 150 183 185 111 70 97 163 102 83 152 127 122 178 147 197 164 26 51 73 151 117 53 66 129 55 105 167 50 3 173 92 165 61 21 79 29 16 52 19 114 43 169 25 27 179 75 77 57 171 181 41 106 103 159 71 48 189 38 118 108 96 101 146 69 148 142 191 1 64 156 13 91 125 193 112 12 143 110 82 9 153 115 31 162 47 76 137 155 11 62 160 45 109 93 5 22 67 86 136 0 28 121 149 8 182 177 24 30 166 40 175 194 39 74 95 78 184 32 20 60 168 198 80 104 36 58 145 4 7 68 42 85 133 180 158 35 135 100 144 141 130 10 119 89 172 94 139 63 126 107 116 186 131 190 34 134 87 46 49 199 59 124 187 33 72 37 174 113
57 77 82 110 143 12 112 193 125 91 13 156 64 1 191 142 148 69 146 101 96 108 118 38 189 48 71 127 122 178 16 29 52 19 114 159 103 106 41 181 43 169 25 27 92 165 61 21 79 147 152 83 102 163 97 70 111 185 183 150 88 90 65 18 192 14 81 123 161 157 140 154 120 15 17 105 55 129 53 117 51 26 164 197 73 151 173 3 66 167 50 56 44 23 188 99 132 196 138 176 2 128 195 98 84 113 37 174 187 124 59 199 49 33 72 46 87 134 34 131 190 109 45 160 22 5 93 126 107 186 116 63 139 94 172 67 0 136 86 89 119 10 130 141 144 100 135 35 158 180 85 133 68 7 42 4 145 58 36 104 80 198 168 60 20 32 184 78 95 74 39 194 175 40 166 30 121 28 149 8 24 182 177 11 155 62 137 76 47 170 6 54 162 31 115 9 153 179 75 171
162 31 115 173 3 50 167 55 129 66 53 117 151 73 51 26 164 197 70 97 147 178 122 127 152 83 102 163 111 185 183 150 88 90 65 18 105 192 14 81 123 161 157 140 154 120 15 17 196 132 99 188 23 56 44 6 170 54 47 76 137 49 59 199 33 124 187 98 84 195 138 176 2 128 113 174 37 72 46 87 134 34 131 190 126 107 186 116 63 139 94 172 89 119 10 130 141 144 100 135 35 158 180 85 133 68 7 42 4 145 60 168 198 58 36 104 80 38 118 108 96 101 20 32 184 78 95 74 39 194 175 40 166 30 28 121 24 182 8 149 0 136 86 67 22 5 93 109 45 160 62 177 11 155 193 112 125 91 13 156 64 1 191 142 148 69 146 103 189 48 71 159 114 19 52 16 29 79 21 61 165 92 25 169 43 27 181 106 41 77 57 171 75 179 153 9 82 110 143 12
189 48 71 114 19 52 122 127 178 16 29 79 147 152 83 102 163 97 70 111 185 183 150 88 90 65 18 105 192 14 81 123 161 157 140 154 120 15 17 196 132 99 188 23 44 56 50 167 55 129 66 53 117 151 73 51 26 164 197 61 21 165 173 3 6 170 54 49 59 199 33 124 187 98 84 195 138 176 2 128 113 174 37 72 46 87 134 34 131 190 109 45 160 22 5 93 126 107 186 116 63 139 94 172 67 0 136 86 89 119 10 130 141 144 100 135 35 158 180 85 133 68 7 42 4 145 58 36 104 80 198 168 60 20 32 184 78 95 74 39 194 175 40 166 30 121 28 149 8 24 182 177 11 155 62 137 76 47 162 31 115 92 25 169 43 27 181 171 57 77 75 179 153 9 82 110 143 12 112 193 125 91 13 156 64 1 191 142 148 69 146 101 96 108 38 118 103 41 106 159
161 157 140 154 138 196 132 99 188 23 56 50 167 55 129 66 53 117 151 173 92 153 9 75 179 181 27 25 169 43 159 103 106 41 171 57 77 82 110 115 3 54 6 44 170 98 84 124 59 199 49 33 187 195 176 2 128 113 174 37 72 46 87 134 34 131 190 126 107 186 116 63 139 94 172 89 119 10 130 141 144 100 135 35 158 180 85 133 68 7 42 4 145 58 36 104 80 198 168 60 20 32 184 78 95 74 39 194 175 40 166 30 28 121 24 182 8 149 0 136 86 67 22 5 93 109 45 160 62 177 11 155 137 76 47 162 31 12 143 112 193 125 91 13 156 64 1 191 142 148 69 146 101 96 108 118 38 189 48 71 114 19 52 16 29 79 21 61 165 197 164 73 51 26 70 97 147 178 122 127 152 83 102 163 111 185 183 150 88 90 65 18 105 192 14 81 123 17 15 120
97 163 102 83 152 127 122 178 52 19 114 71 48 189 103 41 106 159 27 181 171 57 77 75 179 153 9 82 115 110 143 12 31 162 54 170 6 44 56 23 188 99 132 196 195 84 98 187 124 47 76 137 11 155 193 112 125 91 13 156 64 1 191 142 148 69 146 101 96 108 118 38 80 104 36 58 198 168 60 145 4 20 32 184 7 42 78 95 74 85 133 68 180 158 35 135 100 40 194 39 175 166 30 24 182 177 62 160 45 109 8 149 121 28 144 141 130 10 119 89 86 136 0 67 22 5 93 172 94 139 63 116 186 107 126 190 131 34 134 87 46 49 59 199 33 72 37 174 113 128 2 176 138 154 140 157 161 120 15 17 123 81 14 192 105 18 65 90 88 150 183 185 111 70 26 51 117 53 129 55 167 50 66 3 173 151 73 164 197 61 165 92 25 169 43 29 16 79 21 147
16 178 122 127 152 83 102 163 97 147 29 79 21 61 165 197 164 51 26 70 111 185 183 150 88 90 65 18 105 192 14 81 123 161 157 140 154 120 17 15 176 2 128 113 174 37 72 33 49 199 59 124 187 98 84 195 138 196 132 99 188 23 44 56 50 167 55 129 53 66 3 173 151 117 73 92 115 31 162 54 6 170 47 76 137 155 11 177 62 160 109 45 134 46 87 34 131 190 107 186 116 63 139 94 172 126 93 5 22 67 0 136 86 89 119 10 130 141 144 28 149 8 182 24 121 30 166 39 194 175 40 100 135 35 158 180 85 133 68 7 42 95 74 78 184 32 20 4 145 60 168 198 58 36 104 80 38 189 48 71 159 106 41 103 118 108 96 101 146 69 148 142 191 1 64 156 13 91 125 193 112 12 143 110 82 9 153 179 75 77 57 171 181 27 25 169 43 114 19 52
149 8 182 177 11 155 47 76 137 62 160 45 109 22 141 130 10 0 67 136 86 119 89 94 172 5 93 126 107 139 63 116 186 131 190 34 134 87 46 49 59 199 33 124 187 72 37 174 113 128 2 176 138 195 84 98 170 54 6 44 56 23 188 99 132 196 17 15 120 154 140 157 161 123 81 14 192 105 18 65 90 88 150 183 185 111 70 97 163 102 83 152 147 79 21 61 165 197 164 26 51 73 151 117 53 66 129 55 167 50 3 173 92 27 25 169 43 181 171 75 179 153 9 115 31 162 193 112 12 143 110 82 77 57 41 106 103 159 114 19 52 29 16 178 122 127 71 48 189 38 118 108 96 101 146 69 148 142 191 1 64 156 13 91 125 166 40 175 39 194 180 133 85 74 95 78 184 32 20 60 168 198 80 104 36 58 145 4 42 7 68 158 35 135 100 144 28 121 30 24
115 110 143 12 31 162 47 76 137 62 177 11 155 193 112 125 91 13 156 82 75 171 57 77 41 106 103 146 69 148 142 64 1 191 78 184 32 20 101 96 108 118 38 80 104 36 58 198 168 60 145 4 7 68 42 95 74 85 133 180 158 35 135 141 28 121 144 100 40 175 194 39 166 30 24 182 8 149 160 45 109 93 5 22 67 86 136 0 10 130 119 89 172 94 139 63 116 186 107 126 190 131 34 134 87 46 72 33 49 199 59 124 187 174 37 113 128 2 176 138 195 84 98 170 54 6 44 56 23 188 99 132 196 154 140 157 161 120 15 17 123 81 14 192 18 65 90 88 150 183 185 111 26 51 117 53 66 129 55 105 167 50 3 173 151 73 197 164 70 97 163 102 83 152 147 178 122 127 71 48 189 159 114 19 52 16 29 79 21 61 165 92 25 169 43 27 181 179 153 9
26 164 73 151 66 3 6 170 98 84 187 124 59 199 49 33 174 113 195 176 2 128 37 72 46 87 134 34 190 131 186 116 107 126 63 139 94 172 89 119 10 130 141 144 100 135 35 158 180 133 85 42 68 7 4 145 58 36 104 80 198 168 60 20 32 184 78 95 74 39 194 175 40 166 30 24 177 182 8 149 121 28 0 136 86 67 22 5 93 109 45 160 62 11 155 137 76 47 54 162 31 12 143 112 193 125 91 13 156 64 1 191 142 148 69 146 101 96 108 38 118 103 41 106 159 189 48 71 114 43 169 25 27 181 171 57 77 75 179 153 9 82 110 115 173 92 197 165 61 21 79 29 16 19 52 178 122 127 152 83 102 163 97 147 70 111 185 183 150 88 90 65 18 105 192 14 81 123 17 15 120 161 157 140 154 138 196 132 99 188 23 44 56 50 167 55 129 53 117 51
62 160 45 109 93 5 22 67 86 136 0 28 121 149 8 182 24 30 166 40 175 194 39 74 95 78 184 32 20 60 168 198 80 104 36 58 145 4 7 68 42 85 133 180 158 35 135 100 144 141 130 10 119 89 172 94 139 63 126 107 116 186 131 190 34 134 87 46 72 37 174 113 128 2 176 138 195 84 98 170 54 6 44 56 23 188 99 132 196 154 140 157 161 120 15 17 123 81 14 192 18 65 90 88 150 183 185 111 70 97 163 102 83 152 127 122 178 147 197 164 26 51 73 151 117 53 66 129 55 105 167 50 3 173 92 165 61 21 79 29 16 52 19 114 43 169 25 27 179 75 77 57 171 181 41 106 103 159 71 48 189 38 118 108 96 101 146 69 148 142 191 1 64 156 13 91 125 193 112 12 143 110 82 9 153 115 31 162 124 187 33 199 59 49 47 76 137 155 11 177
81 123 161 157 140 154 120 15 17 196 132 99 188 23 56 50 167 105 55 129 66 53 117 151 173 92 153 9 75 179 181 27 25 169 43 159 103 106 41 171 57 77 82 110 115 3 54 6 44 170 98 47 76 137 49 199 59 124 187 84 195 138 176 2 128 113 174 37 72 33 46 87 134 34 131 190 126 107 186 116 63 139 94 172 89 119 10 130 141 144 100 135 35 158 180 85 133 68 7 42 4 145 58 36 104 80 198 168 60 20 32 184 78 95 74 39 194 175 40 166 30 28 121 24 182 8 149 0 136 86 67 22 5 93 109 45 160 62 177 11 155 162 31 12 143 112 193 125 91 13 156 64 1 191 142 148 69 146 101 96 108 118 38 189 48 71 114 19 52 16 29 79 21 61 165 197 73 51 26 164 70 97 147 178 122 127 152 83 102 163 111 185 183 150 88 90 65 18 192 14
151 117 53 66 129 55 167 50 3 173 115 110 82 75 179 9 153 92 21 79 147 97 163 102 83 152 127 122 178 16 29 52 19 114 43 169 25 27 181 171 57 77 103 41 106 159 71 48 189 38 118 108 96 101 146 69 148 142 191 1 64 156 13 91 125 193 112 143 12 31 162 54 47 76 137 155 11 62 160 45 109 93 5 22 67 86 136 0 28 121 149 8 182 177 24 30 166 40 175 194 39 74 95 78 184 32 20 60 168 198 80 104 36 58 145 4 7 68 42 85 133 180 158 35 135 100 144 141 130 10 119 89 172 94 139 63 126 107 116 186 131 190 34 134 87 46 72 37 128 2 176 195 113 174 33 49 199 59 124 187 84 98 170 6 44 56 23 188 99 132 196 138 154 140 157 161 120 15 17 123 81 14 192 105 18 65 90 88 150 183 185 111 70 61 165 197 164 26 51 73
164 26 51 73 197 165 92 153 9 179 75 77 57 171 181 27 25 169 43 159 106 41 103 48 71 189 38 118 108 96 101 146 69 148 142 191 1 64 156 13 91 125 193 112 12 143 110 82 115 173 151 117 53 3 66 129 55 167 50 56 44 23 188 99 132 196 195 84 98 187 124 33 199 59 49 47 170 6 54 31 162 76 137 155 11 62 160 45 109 93 5 22 67 86 136 0 28 121 149 8 182 177 24 30 166 40 175 194 39 74 95 78 184 32 20 60 168 198 80 104 36 58 145 4 7 68 42 85 133 180 158 35 135 100 144 141 130 10 119 89 172 94 139 63 126 107 116 186 131 190 34 134 87 46 72 37 174 113 128 2 176 138 154 140 157 161 120 15 17 123 81 14 192 105 18 65 90 88 150 183 185 111 70 163 102 97 147 83 152 127 122 178 52 19 114 29 16 79 21 61
100 135 144 141 130 10 0 67 136 86 119 89 172 94 139 63 116 186 107 126 93 5 22 109 45 190 131 34 134 87 46 72 37 174 113 128 2 176 195 84 98 187 124 33 199 59 49 47 76 137 160 62 155 11 177 182 24 8 149 28 121 30 166 91 125 193 112 143 110 12 31 162 54 170 6 44 56 23 188 99 132 196 138 154 140 157 161 120 15 17 123 81 14 192 18 65 90 88 150 183 185 111 70 26 51 117 53 66 129 55 105 167 50 3 115 173 151 73 164 197 165 61 21 79 147 97 163 102 83 152 127 122 178 16 29 52 19 114 71 48 189 103 159 43 169 25 92 27 181 106 41 77 57 171 75 179 153 9 82 156 13 64 1 191 78 184 32 20 96 101 148 142 69 146 118 38 108 80 104 36 58 198 168 60 145 4 7 42 133 68 158 35 180 85 95 74 39 194 175 40
7 68 133 85 180 158 35 135 100 40 175 194 39 166 30 121 28 144 141 149 8 24 182 177 11 155 62 160 45 109 93 5 22 67 86 136 0 10 130 119 89 172 94 139 63 126 107 116 186 131 190 34 134 87 46 72 33 49 137 76 47 59 199 124 187 174 37 113 128 2 176 138 195 84 98 170 54 6 44 56 23 188 99 132 196 154 140 157 161 120 15 17 123 81 14 192 18 65 90 88 150 183 185 111 70 26 51 164 197 73 117 53 66 129 55 105 167 50 3 151 173 115 31 162 193 125 91 112 12 143 110 9 153 179 75 171 181 27 43 169 25 92 165 61 21 79 147 97 163 102 83 152 127 122 178 16 29 52 19 114 159 71 48 189 103 106 41 57 77 82 156 13 64 1 191 142 148 69 146 101 118 38 108 96 80 36 58 104 198 168 60 145 4 20 32 184 78 74 95 42
193 112 143 110 82 9 153 179 75 171 57 77 41 106 181 27 43 169 25 92 165 61 21 79 147 97 163 102 83 152 127 122 178 16 29 52 19 114 159 71 48 189 103 146 69 148 142 191 1 64 156 13 91 125 166 40 175 194 39 74 78 184 32 20 101 96 108 118 38 80 104 36 58 198 168 60 145 4 7 68 42 95 85 133 180 158 35 135 100 144 28 121 30 24 149 8 182 177 62 160 45 109 22 141 130 10 0 67 136 86 119 89 94 172 5 93 126 107 139 63 116 186 131 190 34 134 87 46 72 33 49 137 11 155 76 47 59 199 124 187 174 37 113 128 2 176 138 195 84 98 170 54 6 44 56 23 188 99 132 196 154 140 157 161 120 15 17 123 81 14 192 18 65 90 88 150 183 185 111 70 197 164 26 51 73 151 117 53 66 129 55 105 167 50 3 173 115 12 31 162
134 34 190 131 186 116 63 94 172 139 107 126 93 5 22 67 0 136 86 89 119 10 130 141 144 100 135 35 158 180 133 68 7 4 145 60 168 198 58 36 104 80 38 118 108 96 101 148 69 146 103 189 48 71 127 122 178 152 83 102 163 97 147 21 61 165 79 29 16 52 19 114 159 43 169 25 27 181 106 41 77 57 171 75 179 153 9 82 110 143 125 91 13 156 64 1 191 142 20 32 184 42 78 95 85 74 39 194 175 40 166 30 28 121 24 182 8 149 109 45 160 62 177 11 155 193 112 31 12 115 92 173 3 50 167 55 129 66 53 117 151 73 51 26 164 197 70 111 185 183 150 88 90 65 18 105 192 14 81 123 161 157 140 154 120 15 17 196 132 99 188 23 56 44 6 170 54 162 47 76 137 49 59 199 33 124 187 98 84 195 138 176 2 128 113 174 37 72 46 87
63 139 94 172 93 5 22 67 0 136 86 89 119 10 130 141 144 100 135 35 158 180 85 133 68 7 42 4 145 58 36 104 80 198 168 60 20 32 184 78 95 74 39 194 175 40 166 30 121 28 149 8 182 24 125 91 13 156 64 1 191 142 148 69 146 101 96 108 118 38 189 48 71 127 122 178 16 29 52 19 114 159 103 106 41 57 77 82 110 143 12 112 193 162 31 115 9 153 179 75 171 181 43 169 25 27 92 173 3 50 167 55 129 66 53 117 151 73 51 26 164 197 165 61 21 79 147 152 83 102 163 97 70 111 185 183 150 88 90 65 18 105 192 14 81 123 161 157 140 154 120 15 17 196 132 99 188 23 56 44 6 54 170 98 84 195 138 176 2 128 113 37 174 187 124 33 199 59 49 47 76 137 155 11 177 62 160 45 109 190 131 134 46 72 87 34 186 116 107 126
175 40 166 39 78 184 32 20 4 145 60 168 198 58 36 104 80 108 38 118 96 101 146 69 148 142 191 1 64 156 13 91 125 193 155 11 177 62 137 76 47 124 187 98 84 195 138 196 132 188 99 105 55 129 167 50 23 56 44 6 170 54 162 31 12 112 143 110 82 9 153 179 75 171 57 77 103 106 41 181 27 43 169 25 29 16 52 19 114 159 189 48 71 127 122 178 147 152 83 102 163 97 79 21 61 165 92 115 173 3 66 53 117 151 73 51 26 164 197 70 111 185 183 150 88 90 65 18 192 14 81 123 161 157 140 154 120 17 15 176 2 128 113 174 37 72 33 199 59 49 46 87 134 34 190 131 186 116 107 126 63 139 94 172 89 119 86 136 0 67 22 5 93 109 45 160 149 8 182 24 30 121 28 141 10 130 144 100 135 35 158 180 85 133 68 7 42 95 74 194
138 154 140 157 120 15 17 161 123 81 14 192 18 65 90 88 105 55 129 167 50 3 66 53 150 183 185 111 70 197 164 26 51 73 117 151 173 115 110 82 9 153 179 75 171 57 77 41 106 181 27 43 169 25 92 165 61 21 79 147 97 163 102 83 152 127 122 178 16 29 52 19 114 159 71 48 189 103 146 69 148 142 191 1 64 156 13 91 125 175 40 194 39 74 95 78 184 32 20 101 96 108 118 38 80 104 36 58 198 168 60 145 4 7 68 42 85 133 180 158 35 135 100 166 30 121 28 144 141 130 10 119 89 86 136 0 67 172 94 139 63 116 186 107 126 93 5 22 149 8 24 182 160 45 109 190 131 34 134 87 46 33 72 37 174 113 128 2 176 195 84 98 187 124 59 199 49 47 76 137 62 177 11 155 193 112 143 12 31 162 54 170 6 44 56 23 188 99 132 196
114 19 52 122 127 178 16 29 79 25 169 43 159 103 106 41 181 27 179 153 9 75 171 57 77 82 110 115 173 3 50 167 55 129 66 53 117 151 73 51 26 164 197 92 165 61 21 147 152 83 102 163 97 70 111 185 183 150 88 90 65 18 105 192 14 81 123 17 15 120 161 157 140 154 138 176 2 128 113 174 37 72 33 199 59 49 46 87 134 34 190 131 186 116 107 126 63 139 94 172 89 119 10 130 141 144 100 135 35 158 180 133 85 42 68 7 4 145 58 36 104 80 198 168 60 20 32 184 78 95 74 39 194 175 40 166 30 24 177 182 8 149 121 28 0 136 86 67 22 5 93 109 45 160 62 11 155 137 76 47 124 187 98 84 195 196 132 99 188 23 56 44 6 170 54 162 31 12 143 112 193 125 91 13 156 64 1 191 142 148 69 146 101 96 108 118 38 189 48 71
91 125 112 143 12 3 173 115 110 82 9 153 179 75 77 57 171 27 43 169 25 92 165 61 21 79 29 16 52 19 114 159 181 106 41 64 1 191 142 148 69 146 103 189 48 71 127 122 178 147 152 83 102 163 97 70 111 185 183 150 88 90 55 129 53 117 51 26 164 197 73 151 66 50 167 105 18 65 192 14 81 123 161 157 140 154 120 15 17 196 132 99 188 23 56 44 6 54 170 98 84 195 138 176 2 128 113 37 174 187 124 59 199 49 33 72 46 87 134 34 190 131 186 116 107 126 63 139 94 172 89 119 86 136 0 67 22 5 93 109 45 160 62 137 76 47 162 31 193 155 11 177 182 24 8 149 141 10 130 144 28 121 30 166 100 135 35 158 180 133 68 7 4 145 60 168 198 58 36 104 80 38 118 108 96 101 20 32 184 78 95 42 85 74 194 40 175 39 13 156
41 106 103 189 48 71 127 122 178 52 19 16 29 79 147 152 83 102 163 97 21 61 165 197 164 70 111 185 26 51 73 151 117 183 150 88 90 65 18 192 14 81 123 161 157 140 154 120 17 15 138 176 2 128 195 113 37 174 187 33 72 46 87 34 134 49 199 59 124 84 98 196 132 99 188 23 44 56 50 167 105 55 129 53 66 3 173 92 25 169 43 114 159 181 27 179 75 9 153 115 31 162 54 6 170 47 76 137 155 11 62 160 45 109 190 131 186 116 63 139 94 172 126 107 93 5 22 67 0 136 86 89 119 10 130 141 144 28 121 149 8 182 177 24 30 166 40 175 194 39 74 100 135 35 158 180 85 133 68 7 42 95 78 184 32 20 4 145 60 168 198 104 58 36 80 38 118 108 96 101 146 69 148 142 191 1 64 156 13 91 125 193 112 12 143 110 82 77 57 171
5 93 67 0 136 86 89 119 10 130 135 100 35 158 180 85 133 68 7 42 4 145 60 168 198 58 36 104 80 38 118 108 96 101 20 32 184 78 95 74 39 194 175 40 166 125 91 13 156 64 1 191 142 148 69 146 103 189 48 71 127 122 178 16 29 52 19 114 159 106 41 77 57 171 75 179 181 27 43 169 25 79 147 152 83 102 163 97 21 61 165 197 164 51 26 70 111 185 183 150 88 90 65 18 192 14 81 123 161 157 140 154 120 15 17 196 132 99 188 23 44 56 50 167 105 55 129 66 53 117 73 92 153 9 82 110 115 173 151 3 6 170 54 162 31 12 143 112 193 155 11 177 62 137 76 47 49 59 199 33 124 187 98 84 195 138 176 2 128 113 174 37 72 46 87 134 34 186 116 63 139 94 172 126 107 131 190 109 45 160 149 8 182 24 30 121 28 144 141 22
26 164 73 151 66 3 6 170 98 84 187 124 59 199 49 33 174 113 195 176 2 128 37 72 46 87 134 34 190 131 186 116 107 126 63 139 94 172 89 119 10 130 141 144 100 135 35 158 180 133 85 42 68 7 4 145 58 36 104 80 198 168 60 20 32 184 78 95 74 39 194 175 40 166 30 24 177 182 8 149 121 28 0 136 86 67 22 5 93 109 45 160 62 11 155 137 76 47 54 162 31 12 143 112 193 125 91 13 156 64 1 191 142 148 69 146 101 96 108 38 118 103 41 106 159 189 48 71 114 43 169 25 27 181 171 57 77 75 179 153 9 82 110 115 173 92 197 165 61 21 79 29 16 19 52 178 122 127 152 83 102 163 97 147 70 111 185 183 150 88 90 65 18 105 192 14 81 123 17 15 120 161 157 140 154 138 196 132 99 188 23 44 56 50 167 55 129 53 117 51
171 57 77 82 110 143 12 112 193 125 91 13 156 64 1 191 142 148 69 146 101 96 108 118 38 189 48 71 127 122 178 16 29 52 19 114 159 103 106 41 181 43 169 25 27 92 165 61 21 79 147 152 83 102 163 97 70 111 185 183 150 88 90 65 18 192 14 81 123 161 157 140 154 120 15 17 105 55 129 53 117 51 26 164 197 73 151 173 3 66 167 50 56 44 23 188 99 132 196 138 176 2 128 195 98 84 113 37 174 187 124 59 199 49 33 72 46 87 134 34 131 190 109 45 160 22 5 93 126 107 186 116 63 139 94 172 67 0 136 86 89 119 10 130 141 144 100 135 35 158 180 85 133 68 7 42 4 145 58 36 104 80 198 168 60 20 32 184 78 95 74 39 194 175 40 166 30 121 28 149 8 24 182 177 11 155 62 137 76 47 170 6 54 162 31 115 9 153 179 75
108 96 101 146 69 148 142 64 1 191 39 194 175 40 166 125 91 13 156 82 77 57 171 75 179 92 153 9 110 143 12 112 193 155 11 177 62 137 76 47 162 31 115 54 6 170 98 84 124 59 199 49 33 187 195 138 196 132 99 188 23 44 56 50 167 55 129 53 66 3 173 151 117 73 51 26 164 197 165 61 21 79 29 16 52 19 114 43 169 25 27 181 159 106 41 103 118 38 189 48 71 127 122 178 147 152 83 102 163 97 70 111 185 183 150 88 90 65 18 105 192 14 81 123 161 157 140 154 120 17 15 176 2 128 113 174 37 72 46 87 134 34 131 190 109 45 160 149 8 182 24 30 121 28 0 136 86 67 22 5 93 126 107 186 116 63 139 94 172 89 119 10 130 141 144 100 135 35 158 180 85 74 95 78 184 20 32 42 133 68 7 4 145 60 168 198 58 36 104 80
190 131 107 126 172 94 139 63 116 186 34 134 87 46 72 37 174 113 128 2 176 195 84 98 187 124 33 199 59 49 47 76 137 160 62 177 11 155 193 112 143 12 31 162 54 170 6 44 56 23 188 99 132 196 138 154 140 157 161 120 15 17 123 81 14 192 18 65 90 88 150 183 185 111 70 97 163 102 83 152 127 122 178 147 21 61 165 92 151 73 197 164 26 51 117 53 66 129 55 105 167 50 3 173 115 110 82 9 153 179 75 171 57 77 41 106 181 27 43 169 25 79 29 16 52 19 114 159 71 48 189 103 146 69 148 142 191 1 64 156 13 91 125 166 30 24 182 8 149 121 28 100 40 175 194 39 74 78 184 32 20 101 96 108 118 38 80 104 36 58 198 168 60 145 4 7 68 42 95 85 133 180 158 35 135 144 141 130 10 119 89 86 136 0 67 22 5 93 109 45
98 84 195 176 2 128 113 174 37 72 46 87 34 186 116 63 94 172 139 107 126 93 5 22 67 0 136 86 89 119 10 130 141 144 28 149 8 182 24 121 30 166 175 40 100 135 35 158 180 133 85 194 39 74 95 78 42 68 7 184 32 20 4 145 60 168 58 36 104 80 198 96 101 108 38 118 103 146 69 148 142 191 1 64 156 13 91 125 193 112 143 110 82 9 153 179 75 171 57 77 41 106 181 27 43 169 25 29 16 52 19 114 159 189 48 71 127 122 178 147 152 83 102 163 97 79 21 61 165 92 151 117 73 51 26 164 197 70 111 185 183 150 88 90 65 18 192 14 81 123 17 15 120 161 157 140 154 138 196 132 188 99 105 55 129 53 66 167 50 23 56 44 6 170 54 3 173 115 12 31 162 47 76 137 155 11 177 62 160 45 109 190 131 134 49 59 199 33 124 187
99 188 50 167 3 66 129 55 105 18 65 90 88 150 53 183 185 111 70 197 164 26 51 73 117 151 173 115 110 82 9 153 179 75 171 57 77 41 106 181 27 43 169 25 92 165 61 21 79 147 97 163 102 83 152 127 122 178 16 29 52 19 114 159 71 48 189 103 146 69 148 142 191 1 64 156 13 91 125 175 40 194 39 74 95 78 184 32 20 101 96 108 118 38 80 104 36 58 198 168 60 145 4 7 68 42 85 133 180 158 35 135 100 166 30 121 28 144 141 130 10 119 89 86 136 0 67 172 94 139 63 116 186 107 126 93 5 22 149 8 24 182 160 45 109 190 131 34 134 87 46 72 37 174 113 128 2 176 138 195 84 98 187 124 33 199 59 49 47 76 137 62 177 11 155 193 112 143 12 31 162 54 170 6 44 56 23 132 196 154 140 157 161 120 15 17 123 81 14 192
129 55 167 50 3 173 115 110 82 75 179 9 153 92 21 79 147 97 163 102 83 152 127 122 178 16 29 52 19 114 43 169 25 27 181 171 57 77 103 41 106 159 71 48 189 38 118 108 96 101 146 69 148 142 191 1 64 156 13 91 125 193 112 143 12 31 162 47 76 137 155 11 62 160 45 109 93 5 22 67 86 136 0 28 121 149 8 182 177 24 30 166 40 175 194 39 74 95 78 184 32 20 60 168 198 80 104 36 58 145 4 7 68 42 85 133 180 158 35 135 100 144 141 130 10 119 89 172 94 139 63 126 107 116 186 131 190 34 134 87 46 72 37 174 187 33 49 199 59 124 84 98 170 54 6 44 56 23 188 99 132 196 195 113 128 2 176 138 154 140 157 161 120 15 17 123 81 14 192 105 18 65 90 88 150 183 185 111 70 61 165 197 164 26 51 73 151 117 53 66
73 51 26 164 70 111 185 183 150 88 90 65 18 105 192 14 81 123 161 157 140 154 120 17 15 176 2 128 113 37 174 187 124 59 199 49 33 72 46 87 134 34 131 190 109 45 160 22 5 93 126 107 186 116 63 139 94 172 67 0 136 86 89 119 10 130 141 144 100 135 35 158 180 85 133 68 7 42 4 145 58 36 104 80 198 168 60 20 32 184 78 95 74 39 194 175 40 166 30 121 28 149 8 24 182 177 11 155 62 137 76 47 162 31 54 6 170 98 84 195 138 196 132 99 188 23 44 56 50 167 55 129 66 53 117 151 3 173 115 110 143 12 112 193 125 91 82 156 13 64 1 191 142 148 69 146 101 96 108 118 38 189 48 71 127 122 178 147 152 83 102 163 97 61 21 79 29 16 52 19 114 43 169 25 27 181 159 103 106 41 77 57 171 75 179 9 153 92 165 197
150 183 185 111 70 26 164 197 165 61 97 163 102 83 152 147 21 79 29 16 178 127 122 52 19 114 43 169 25 27 181 179 75 9 153 92 115 110 82 77 57 171 41 106 103 159 71 48 189 38 118 108 96 101 146 69 148 142 191 1 64 156 13 91 125 193 112 143 12 31 162 54 6 170 47 76 137 62 155 11 177 182 24 8 149 28 121 30 166 40 175 194 39 74 95 78 184 32 20 60 168 198 80 104 36 58 145 4 42 7 68 133 85 180 158 35 135 100 144 141 130 10 119 89 86 136 0 67 172 94 139 63 116 186 107 126 93 5 22 160 45 109 190 131 34 134 87 46 72 37 174 113 128 2 176 138 195 187 33 49 199 59 124 84 98 132 196 17 15 120 154 140 157 161 123 81 14 192 18 65 90 88 105 99 188 23 44 56 50 167 55 129 66 3 173 151 73 51 117 53
131 190 107 126 86 136 0 67 22 5 93 109 45 160 62 137 76 49 59 199 33 124 187 174 37 113 128 2 176 138 195 84 98 170 54 6 44 56 23 188 99 132 196 154 140 157 161 120 15 17 123 81 14 192 18 65 90 88 150 183 185 111 70 97 163 102 83 152 127 122 178 147 197 164 26 51 73 151 117 53 66 129 55 105 167 50 3 173 92 165 61 21 79 29 16 52 19 114 43 169 25 27 179 75 77 57 171 181 41 106 103 159 71 48 189 38 118 108 96 101 146 69 148 142 191 1 64 156 13 91 125 193 112 12 143 110 82 9 153 115 31 162 47 155 11 177 182 24 8 149 28 121 30 166 40 175 194 39 74 95 78 184 32 20 60 168 198 80 104 36 58 145 4 7 68 42 85 133 180 158 35 135 100 144 141 130 10 119 89 172 94 139 63 116 186 34 87 72 46 134
191 142 148 69 146 103 41 106 159 181 171 57 77 75 9 153 179 27 25 169 43 114 19 52 29 16 178 122 127 71 48 189 38 118 108 101 96 80 36 58 104 198 168 60 145 4 20 32 184 78 95 42 7 68 133 85 74 180 158 35 135 100 144 28 121 149 8 182 24 30 166 40 175 194 39 91 125 193 112 143 12 31 162 47 76 137 155 11 177 62 160 45 109 93 5 22 141 130 10 119 89 86 136 0 67 172 94 139 63 116 186 107 126 190 131 34 134 87 46 72 37 174 113 128 2 176 195 33 49 199 59 124 187 84 98 170 6 54 3 173 151 117 53 66 129 55 167 50 56 44 23 188 99 132 196 138 154 140 157 161 120 15 17 123 81 14 192 105 18 65 90 88 150 183 185 111 70 97 163 102 83 152 147 79 21 61 165 197 164 26 51 73 92 115 110 82 156 13 64 1
3 50 167 55 129 66 53 117 151 173 115 110 143 12 112 193 125 91 13 156 82 9 153 179 75 171 57 77 41 106 189 48 71 127 122 178 16 29 52 19 114 159 181 27 43 169 25 92 165 61 21 79 147 152 83 102 163 97 70 164 197 73 51 26 111 185 183 150 88 90 65 18 105 192 14 81 123 161 157 140 154 120 15 17 196 132 99 188 23 56 44 6 170 98 84 195 138 176 2 128 113 37 174 187 124 59 199 49 33 72 46 87 134 34 131 190 109 45 160 8 149 22 5 93 126 107 186 116 63 139 94 172 67 0 136 86 89 119 10 130 141 135 35 158 180 133 85 74 95 78 42 68 7 184 32 20 4 145 60 168 58 36 104 80 198 96 101 108 38 118 103 146 69 148 142 64 1 191 39 194 175 40 100 144 28 121 30 166 24 182 177 11 155 62 137 76 47 162 31 54
108 96 101 146 69 148 142 64 1 191 39 194 175 40 166 125 91 13 156 82 77 57 171 75 179 92 153 9 110 143 12 112 193 155 11 177 62 137 76 47 162 31 115 54 6 170 98 84 124 59 199 49 33 187 195 138 196 132 99 188 23 44 56 50 167 55 129 53 66 3 173 151 117 73 51 26 164 197 165 61 21 79 29 16 52 19 114 43 169 25 27 181 159 106 41 103 118 38 189 48 71 127 122 178 147 152 83 102 163 97 70 111 185 183 150 88 90 65 18 105 192 14 81 123 161 157 140 154 120 17 15 176 2 128 113 174 37 72 46 87 134 34 131 190 109 45 160 149 8 182 24 30 121 28 0 136 86 67 22 5 93 126 107 186 116 63 139 94 172 89 119 10 130 141 144 100 135 35 158 180 85 74 95 78 184 20 32 42 133 68 7 4 145 60 168 198 58 36 104 80
194 175 40 166 91 125 193 155 11 177 62 137 76 47 49 59 199 33 124 187 98 84 195 176 2 128 113 174 37 72 46 87 134 34 190 131 186 116 107 126 63 139 94 172 89 119 86 136 0 67 22 5 93 109 45 160 149 8 182 24 30 121 28 141 10 130 144 100 135 35 158 180 133 68 7 4 145 60 168 198 58 36 104 80 38 118 108 96 101 148 142 69 146 103 106 41 57 77 82 9 153 179 75 171 181 27 43 169 25 29 16 52 19 114 159 189 48 71 127 122 178 147 152 83 102 163 97 79 21 61 165 92 115 173 3 66 53 117 151 73 51 26 164 197 70 111 185 183 150 88 90 65 18 192 14 81 123 161 157 140 154 120 17 15 138 196 132 188 99 105 55 129 167 50 23 56 44 6 170 54 162 31 12 112 143 110 156 13 64 1 191 20 32 184 78 95 42 85 74 39
64 1 191 142 148 69 146 103 41 106 159 181 171 57 77 75 9 153 179 27 25 169 43 114 19 52 29 16 178 122 127 71 48 189 38 118 108 101 96 80 36 58 104 198 168 60 145 4 20 32 184 78 95 42 7 68 133 85 74 180 158 35 135 100 144 28 121 149 8 182 24 30 166 40 175 194 39 91 125 193 112 143 12 31 162 47 76 137 155 11 177 62 160 45 109 93 5 22 141 130 10 119 89 86 136 0 67 172 94 139 63 116 186 107 126 190 131 34 134 87 46 72 37 174 113 128 2 176 195 33 49 199 59 124 187 84 98 170 6 54 3 173 151 117 53 66 129 55 167 50 56 44 23 188 99 132 196 138 154 140 157 161 120 15 17 123 81 14 192 105 18 65 90 88 150 183 185 111 70 97 163 102 83 152 147 79 21 61 165 197 164 26 51 73 92 115 110 82 156 13
57 77 82 110 143 12 112 193 125 91 13 156 64 1 191 142 148 69 146 101 96 108 118 38 189 48 71 127 122 178 16 29 52 19 114 159 103 106 41 181 43 169 25 27 92 165 61 21 79 147 152 83 102 163 97 70 111 185 183 150 88 90 65 18 192 14 81 123 161 157 140 154 120 15 17 105 55 129 53 117 51 26 164 197 73 151 173 3 66 167 50 56 44 23 188 99 132 196 138 176 2 128 195 98 84 113 37 174 187 124 59 199 49 33 72 46 87 134 34 131 190 109 45 160 22 5 93 126 107 186 116 63 139 94 172 67 0 136 86 89 119 10 130 141 144 100 135 35 158 180 85 133 68 7 42 4 145 58 36 104 80 198 168 60 20 32 184 78 95 74 39 194 175 40 166 30 121 28 149 8 24 182 177 11 155 62 137 76 47 170 6 54 162 31 115 9 153 179 75 171
143 12 31 162 54 170 6 44 56 23 188 99 132 196 138 154 140 157 161 120 15 17 123 81 14 192 18 65 90 88 150 183 185 111 70 197 164 26 51 73 151 117 53 66 129 55 105 167 50 3 173 115 110 82 9 153 179 75 171 57 77 41 106 181 27 43 169 25 92 165 61 21 79 147 97 163 102 83 152 127 122 178 16 29 52 19 114 159 71 48 189 103 146 69 64 1 191 142 148 101 118 38 108 96 80 36 58 104 198 168 60 145 4 20 32 184 7 68 42 78 95 74 85 133 180 158 35 135 100 40 175 194 39 166 30 24 182 8 149 160 45 109 93 5 22 121 28 144 141 130 10 0 67 136 86 119 89 172 94 139 63 116 186 107 126 190 131 34 134 87 46 72 37 174 113 128 2 176 195 84 98 187 124 33 199 59 49 47 76 137 62 177 11 155 193 112 125 91 13 156
180 158 35 135 100 40 175 194 39 166 30 121 28 144 141 149 8 24 182 177 11 155 62 160 45 109 93 5 22 67 86 136 0 10 130 119 89 172 94 139 63 126 107 116 186 131 190 34 134 87 46 72 33 49 137 76 47 59 199 124 187 174 37 113 128 2 176 138 195 84 98 170 54 6 44 56 23 188 99 132 196 154 140 157 161 120 15 17 123 81 14 192 18 65 90 88 150 183 185 111 70 26 51 164 197 73 117 53 66 129 55 105 167 50 3 151 173 115 31 162 193 125 91 112 12 143 110 9 153 179 75 171 181 27 43 169 25 92 165 61 21 79 147 97 163 102 83 152 127 122 178 16 29 52 19 114 159 71 48 189 103 106 41 57 77 82 156 13 64 1 191 142 148 69 146 101 118 38 108 96 80 36 58 104 198 168 60 145 4 20 32 184 7 68 133 42 78 95 74 85
192 14 81 123 17 15 120 161 157 140 154 138 196 132 99 188 23 56 44 6 170 54 3 115 110 143 12 31 162 47 76 137 49 199 59 124 187 98 84 195 176 2 128 113 174 37 72 33 46 87 134 34 131 190 126 107 186 116 63 139 94 172 89 119 10 130 141 144 100 135 35 158 180 85 133 68 7 42 4 145 60 168 198 58 36 104 80 38 118 108 96 101 20 32 184 78 95 74 39 194 175 40 166 30 28 121 24 182 8 149 0 136 86 67 22 5 93 109 45 160 62 177 11 155 193 112 125 91 13 156 64 1 191 142 148 69 146 103 189 48 71 127 122 178 147 152 83 102 163 97 61 165 21 79 29 16 52 19 114 159 106 41 77 57 171 75 82 9 153 179 181 27 43 169 25 92 173 151 117 73 51 26 164 197 70 111 185 183 150 88 90 65 18 105 55 129 53 66 50 167
145 4 20 32 184 78 95 42 7 68 133 85 180 158 35 135 100 40 175 194 39 74 191 1 64 142 148 101 69 146 118 103 106 41 77 57 171 75 179 153 9 82 115 110 156 13 91 125 193 112 143 12 31 162 47 76 137 155 11 177 62 8 149 182 24 166 30 121 28 144 141 130 10 0 67 136 86 119 89 172 94 139 63 116 186 131 190 107 126 93 5 22 109 160 45 34 134 87 46 72 33 49 199 59 124 187 174 37 113 128 2 176 138 195 84 98 170 54 6 44 56 23 188 99 132 196 154 140 157 161 120 15 17 123 81 14 192 18 65 90 88 150 183 185 111 26 51 117 53 66 129 55 105 167 50 3 173 151 73 197 164 70 97 163 102 83 152 147 79 21 61 165 92 25 169 27 181 43 29 16 178 127 122 52 19 114 159 71 48 189 38 108 96 198 80 104 36 58 168 60
137 76 155 11 177 62 160 45 109 93 5 22 149 8 182 24 121 28 30 166 40 175 194 39 74 95 78 184 32 20 60 168 198 80 104 36 58 145 4 7 68 42 85 133 180 158 35 135 100 144 141 130 10 119 89 86 136 0 67 172 94 139 63 116 186 107 126 190 131 34 134 87 46 72 37 174 113 128 2 176 138 195 84 98 170 54 6 44 56 23 188 99 132 196 154 140 157 161 120 15 17 123 81 14 192 18 65 90 88 150 183 185 111 70 97 163 102 83 152 127 122 178 147 197 164 26 51 73 151 117 53 66 129 55 105 167 50 3 173 92 165 61 21 79 29 16 52 19 114 43 169 25 27 179 75 77 57 171 181 41 106 103 159 71 48 189 38 118 108 96 101 146 69 148 142 191 1 64 156 13 91 125 193 112 12 143 110 82 9 153 115 31 162 47 124 187 33 199 59 49
105 18 65 90 88 150 183 185 111 70 26 164 197 165 61 21 79 147 97 163 102 83 152 127 122 178 16 29 52 19 114 71 48 189 38 118 108 96 101 146 69 148 142 191 1 64 156 13 91 125 193 112 12 143 110 82 77 57 103 41 106 159 43 169 25 27 181 171 75 179 9 153 92 115 31 162 54 6 170 98 84 187 124 33 199 59 49 47 76 137 155 11 62 160 45 109 93 5 22 67 86 136 0 28 121 149 8 182 177 24 30 166 40 175 194 39 74 95 78 184 32 20 60 168 198 80 104 36 58 145 4 7 68 42 85 133 180 158 35 135 100 144 141 130 10 119 89 172 94 139 63 126 107 116 186 131 190 34 134 87 46 72 37 174 113 128 2 176 195 138 196 132 17 15 120 154 140 157 161 123 81 14 192 99 188 23 44 56 50 167 66 3 173 151 73 51 117 53 129 55
109 93 5 22 67 0 136 86 89 119 10 130 141 144 100 135 35 158 180 85 133 68 7 42 4 145 58 36 104 80 198 168 60 20 32 184 78 95 74 39 194 175 40 166 30 121 28 149 8 182 24 125 91 13 156 64 1 191 142 148 69 146 101 96 108 118 38 189 48 71 127 122 178 16 29 52 19 114 159 103 106 41 57 77 82 110 143 12 112 193 162 31 115 9 153 179 75 171 181 43 169 25 27 92 173 3 50 167 55 129 66 53 117 151 73 51 26 164 197 165 61 21 79 147 152 83 102 163 97 70 111 185 183 150 88 90 65 18 105 192 14 81 123 161 157 140 154 120 15 17 196 132 99 188 23 56 44 6 54 170 98 84 195 138 176 2 128 113 37 174 187 124 33 199 59 49 47 76 137 155 11 177 62 160 45 134 46 72 87 34 190 131 186 116 63 139 94 172 126 107
164 26 51 73 197 165 92 153 9 179 75 77 57 171 181 27 25 169 43 159 106 41 103 48 71 189 38 118 108 96 101 146 69 148 142 191 1 64 156 13 91 125 193 112 12 143 110 82 115 173 151 117 53 3 66 129 55 167 50 56 44 23 188 99 132 196 195 84 98 187 124 33 199 59 49 47 170 6 54 31 162 76 137 155 11 62 160 45 109 93 5 22 67 86 136 0 28 121 149 8 182 177 24 30 166 40 175 194 39 74 95 78 184 32 20 60 168 198 80 104 36 58 145 4 7 68 42 85 133 180 158 35 135 100 144 141 130 10 119 89 172 94 139 63 126 107 116 186 131 190 34 134 87 46 72 37 174 113 128 2 176 138 154 140 157 161 120 15 17 123 81 14 192 105 18 65 90 88 150 183 185 111 70 163 102 97 147 83 152 127 122 178 52 19 114 29 16 79 21 61
152 83 102 163 97 70 111 185 183 150 88 90 65 18 105 192 14 81 123 161 157 140 154 120 15 17 196 132 99 188 23 44 56 50 167 55 129 53 66 3 54 6 170 98 84 195 138 176 2 128 113 174 37 72 33 187 124 59 199 49 46 87 134 34 131 190 126 107 186 116 63 139 94 172 89 119 10 130 141 144 100 135 35 158 180 85 133 68 7 42 4 145 58 36 104 80 198 168 60 20 32 184 78 95 74 39 194 175 40 166 30 28 121 24 182 8 149 0 136 86 67 22 5 93 109 45 160 62 177 11 155 137 76 47 162 31 12 143 112 193 125 91 13 156 64 1 191 142 148 69 146 101 96 108 118 38 189 48 71 159 103 106 41 171 57 77 82 110 115 173 151 117 73 51 26 164 197 61 165 92 153 9 75 179 181 27 25 169 43 114 19 52 16 29 79 21 147 178 122 127
144 135 35 158 180 133 68 7 4 145 60 168 198 58 36 104 80 108 38 118 103 106 41 181 27 43 169 25 29 16 52 19 114 159 189 48 71 127 122 178 147 152 83 102 163 97 79 21 61 165 92 153 9 179 75 171 57 77 82 115 173 3 50 167 55 129 66 53 117 151 73 51 26 164 197 70 111 185 183 150 88 90 65 18 105 192 14 81 123 161 157 140 154 120 15 17 196 132 99 188 23 56 44 6 54 31 162 170 98 84 195 138 176 2 128 113 37 174 187 124 47 49 59 199 33 72 46 87 134 34 186 116 63 139 94 172 126 107 131 190 45 137 76 155 11 62 177 182 24 8 149 160 109 93 5 22 67 0 136 86 89 119 10 130 141 28 121 30 166 91 125 193 112 12 143 110 156 13 64 1 191 69 146 96 101 148 142 20 32 184 78 95 42 85 74 39 194 175 40 100
179 153 9 75 171 57 77 41 106 103 146 69 148 101 96 108 118 38 80 104 36 58 198 168 60 145 4 7 68 133 180 158 35 135 100 144 121 28 141 130 10 0 67 136 86 119 89 172 94 139 63 116 186 107 126 93 5 22 160 45 109 190 131 34 134 87 46 72 33 49 137 76 155 11 62 177 182 8 149 24 30 166 40 175 194 39 74 85 95 78 42 184 32 20 142 191 1 64 13 156 82 115 110 143 91 125 193 112 12 31 162 47 59 199 124 187 174 37 113 128 2 176 138 195 84 98 170 54 6 44 56 23 188 99 132 196 154 140 157 161 120 15 17 123 81 14 192 18 65 90 88 150 183 185 111 26 51 117 53 66 129 55 105 167 50 3 173 151 73 197 164 70 97 163 102 83 152 147 178 122 127 71 48 189 159 114 19 52 16 29 79 21 61 165 92 25 169 43 27 181
40 175 166 39 194 74 85 133 180 35 158 68 7 42 95 78 184 32 20 4 145 60 168 198 58 36 104 80 108 118 38 189 48 71 127 122 178 147 152 83 102 163 97 79 21 61 165 92 153 9 179 75 171 57 77 41 106 181 27 43 169 25 29 16 52 19 114 159 103 146 69 101 96 148 142 191 1 64 156 13 91 125 193 155 11 177 62 137 76 47 124 187 98 84 195 138 196 132 188 99 105 55 129 167 50 23 56 44 6 170 54 162 31 12 112 143 110 82 115 173 3 66 53 117 151 73 51 26 164 197 70 111 185 183 150 88 90 65 18 192 14 81 123 161 157 140 154 120 17 15 176 2 128 113 174 37 72 33 199 59 49 46 87 134 34 190 131 186 116 107 126 63 139 94 172 89 119 10 130 141 0 136 86 67 22 5 93 109 45 160 149 8 182 24 30 121 28 144 135 100
10 130 135 100 35 158 180 85 133 68 7 4 145 60 168 198 58 36 104 80 38 118 108 96 101 148 69 146 103 189 48 71 127 122 178 16 29 52 19 114 159 106 41 77 57 171 75 179 181 27 43 169 25 79 21 147 152 83 102 163 97 70 111 185 183 150 88 90 55 129 66 53 117 151 73 51 26 164 197 61 165 92 153 9 82 156 13 64 1 191 142 20 32 184 42 78 95 74 39 194 175 40 166 91 125 143 110 115 173 3 50 167 105 18 65 192 14 81 123 161 157 140 154 120 15 17 196 132 99 188 23 56 44 6 170 54 162 31 12 112 193 155 11 177 62 137 76 47 49 59 199 33 124 187 98 84 195 138 176 2 128 113 174 37 72 46 87 134 34 131 190 126 107 186 116 63 139 94 172 89 119 86 136 0 67 22 5 93 109 45 160 149 8 182 24 30 121 28 144 141
116 186 34 134 87 46 72 37 174 113 128 2 176 195 84 98 187 124 33 199 59 49 47 76 137 62 177 11 155 193 112 143 12 31 162 54 170 6 44 56 23 188 99 132 196 138 154 140 157 161 120 15 17 123 81 14 192 18 65 90 88 150 183 185 111 70 197 164 26 51 73 117 53 66 129 55 105 167 50 3 151 173 115 110 82 9 153 179 75 171 57 77 41 106 181 27 43 169 25 92 165 61 97 163 102 83 152 127 122 178 147 21 79 29 16 52 19 114 159 71 48 189 103 146 69 148 142 191 1 64 156 13 91 125 166 40 175 194 39 74 95 78 184 32 20 101 96 108 118 38 80 104 36 58 198 168 60 145 4 7 68 42 85 133 180 158 35 135 100 144 28 121 30 24 182 8 149 141 130 10 119 89 172 94 139 63 107 126 86 136 0 67 22 5 93 109 160 45 190 131
115 110 143 12 31 162 47 76 137 62 177 11 155 193 112 125 91 13 156 82 75 171 57 77 41 106 103 146 69 148 142 64 1 191 78 184 32 20 101 96 108 118 38 80 104 36 58 198 168 60 145 4 7 68 42 95 74 85 133 180 158 35 135 141 28 121 144 100 40 175 194 39 166 30 24 182 8 149 160 45 109 93 5 22 67 86 136 0 10 130 119 89 172 94 139 63 116 186 107 126 190 131 34 134 87 46 72 33 49 199 59 124 187 174 37 113 128 2 176 138 195 84 98 170 54 6 44 56 23 188 99 132 196 154 140 157 161 120 15 17 123 81 14 192 18 65 90 88 150 183 185 111 26 51 117 53 66 129 55 105 167 50 3 173 151 73 197 164 70 97 163 102 83 152 147 178 122 127 71 48 189 159 114 19 52 16 29 79 21 61 165 92 25 169 43 27 181 179 153 9
161 157 140 154 138 196 132 99 188 23 56 50 167 55 129 66 53 117 151 173 92 153 9 75 179 181 27 25 169 43 159 103 106 41 171 57 77 82 110 115 3 54 6 44 170 98 84 124 59 199 49 33 187 195 176 2 128 113 174 37 72 46 87 134 34 131 190 126 107 186 116 63 139 94 172 89 119 10 130 141 144 100 135 35 158 180 85 133 68 7 42 4 145 58 36 104 80 198 168 60 20 32 184 78 95 74 39 194 175 40 166 30 28 121 24 182 8 149 0 136 86 67 22 5 93 109 45 160 62 177 11 155 137 76 47 162 31 12 143 112 193 125 91 13 156 64 1 191 142 148 69 146 101 96 108 118 38 189 48 71 114 19 52 16 29 79 21 61 165 197 164 73 51 26 70 97 147 178 122 127 152 83 102 163 111 185 183 150 88 90 65 18 105 192 14 81 123 17 15 120
156 13 64 1 191 39 194 175 40 166 91 125 193 112 143 12 31 162 155 11 177 62 137 76 47 124 187 98 84 195 138 176 2 128 113 174 37 72 33 199 59 49 46 87 134 34 190 131 186 116 107 126 63 139 94 172 89 119 86 136 0 67 22 5 93 109 45 160 149 8 182 24 30 121 28 141 10 130 144 100 135 35 158 180 133 68 7 42 85 74 95 78 184 32 20 4 145 60 168 198 58 36 104 80 38 118 108 96 101 148 142 69 146 103 189 48 71 127 122 178 16 29 52 19 114 159 43 169 25 92 165 61 21 79 147 152 83 102 163 97 70 111 185 183 150 88 90 65 18 192 14 81 123 161 157 140 154 120 15 17 196 132 99 188 23 56 44 6 170 54 3 66 50 167 105 55 129 53 117 51 26 164 197 73 151 173 115 110 82 9 153 179 27 181 106 41 77 57 171 75
96 108 38 118 101 148 142 69 146 103 106 41 181 27 43 169 25 29 16 52 19 114 159 189 48 71 127 122 178 147 152 83 102 163 97 79 21 61 165 92 173 3 50 167 55 129 66 53 117 151 73 51 26 164 197 70 111 185 183 150 88 90 65 18 105 192 14 81 123 161 157 140 154 120 15 17 196 132 99 188 23 56 44 6 170 54 115 31 162 47 76 137 49 59 199 33 124 187 98 84 195 138 176 2 128 113 174 37 72 46 87 134 34 131 190 109 45 160 62 155 11 177 182 24 8 149 22 5 93 126 107 186 116 63 139 94 172 67 0 136 86 89 119 10 130 141 144 28 121 30 166 91 125 193 112 12 143 110 9 153 179 75 171 57 77 82 156 13 64 1 191 74 39 194 175 40 100 135 35 158 180 85 133 68 7 42 95 78 184 32 20 4 145 60 168 58 36 104 80 198
184 20 32 42 68 7 4 145 60 168 198 58 36 104 80 108 96 101 148 69 146 118 38 103 189 48 71 159 114 19 52 178 122 127 152 83 102 163 97 147 16 29 79 21 61 165 92 25 169 43 27 181 106 41 77 57 171 75 179 153 9 82 156 13 110 115 173 3 50 167 55 129 66 53 117 151 73 51 26 164 197 70 111 185 183 150 88 90 65 18 105 192 14 81 123 161 157 140 154 120 15 17 196 132 99 188 23 56 44 6 170 54 162 31 12 143 112 193 125 91 24 182 8 149 109 45 160 62 177 11 155 137 76 47 49 59 199 33 124 187 98 84 195 138 176 2 128 113 174 37 72 46 87 134 34 190 131 186 116 63 94 172 139 107 126 93 5 22 67 0 136 86 89 119 10 130 141 144 28 121 30 166 39 1 64 191 142 194 175 40 100 135 35 158 180 133 85 74 95 78
112 125 91 143 12 31 162 54 170 6 44 56 23 188 99 132 196 138 176 154 140 157 161 120 15 17 123 81 14 192 18 65 90 88 150 183 185 111 70 97 163 102 83 152 147 79 21 61 165 197 164 26 51 73 151 117 53 66 129 55 105 167 50 3 173 115 110 82 9 153 92 179 75 77 57 171 181 27 25 169 43 114 19 52 29 16 178 122 127 71 48 189 159 106 41 103 146 69 148 142 191 1 64 156 13 39 175 40 194 74 85 42 95 78 184 32 20 101 96 108 118 38 80 104 36 58 198 168 60 145 4 7 68 133 180 158 35 135 100 166 30 121 28 144 130 10 141 149 8 24 182 160 45 109 93 5 22 67 0 136 86 119 89 172 94 139 63 126 107 116 186 131 190 34 134 87 46 72 37 174 113 128 2 195 84 98 187 124 33 199 59 49 47 76 137 62 177 11 155 193
18 65 90 88 150 183 185 111 70 97 163 102 83 152 147 127 122 178 16 29 52 19 114 71 48 189 38 118 108 96 101 146 69 148 142 191 1 64 156 13 91 125 193 112 143 12 31 162 54 170 6 3 173 92 153 9 115 110 82 75 179 27 181 171 57 77 103 41 106 159 43 169 25 79 21 61 165 197 164 26 51 73 151 117 53 66 129 55 167 50 56 44 23 188 99 132 196 195 84 98 187 124 33 199 59 49 47 76 137 155 11 62 160 45 109 93 5 22 67 86 136 0 28 121 149 8 182 177 24 30 166 40 175 194 39 74 95 78 184 32 20 60 168 198 80 104 36 58 145 4 7 68 42 85 133 180 158 35 135 100 144 141 130 10 119 89 172 94 139 63 126 107 116 186 131 190 34 134 87 46 72 37 174 113 128 2 176 138 154 140 157 161 120 15 17 123 81 14 192 105
119 10 141 28 121 149 8 109 93 5 22 67 0 136 86 89 172 94 139 63 126 107 116 186 131 190 34 87 72 46 134 45 160 62 137 76 49 59 199 33 124 187 174 37 113 128 2 176 138 195 84 98 170 54 6 44 56 23 188 99 132 196 154 140 157 161 120 15 17 123 81 14 192 18 65 90 88 150 183 185 111 70 97 163 102 83 152 127 122 178 147 197 164 26 51 73 151 117 53 66 129 55 105 167 50 3 173 92 165 61 21 79 29 16 52 19 114 43 169 25 27 179 75 77 57 171 181 41 106 103 159 71 48 189 38 118 108 96 101 146 69 148 142 191 1 64 156 13 91 125 193 112 12 143 110 82 9 153 115 31 162 47 155 11 177 182 24 30 166 40 175 194 39 74 95 78 184 32 20 60 168 198 80 104 36 58 145 4 7 68 42 85 133 180 158 35 135 100 144 130
121 28 144 100 135 35 158 180 85 133 68 7 42 4 145 58 36 104 80 198 168 60 20 32 184 78 95 74 39 194 175 40 166 125 91 13 156 64 1 191 142 148 69 146 101 96 108 118 38 189 48 71 127 122 178 16 29 52 19 114 159 103 106 41 57 77 82 110 143 12 112 193 162 31 115 9 153 179 75 171 181 43 169 25 27 92 173 3 50 167 55 129 66 53 117 151 73 51 26 164 197 165 61 21 79 147 152 83 102 163 97 70 111 185 183 150 88 90 65 18 105 192 14 81 123 161 157 140 154 120 15 17 196 132 99 188 23 56 44 6 54 170 98 84 195 138 176 2 128 113 174 37 72 187 124 33 199 59 49 46 87 134 34 186 116 63 139 107 126 172 94 89 119 130 141 10 0 136 86 67 22 5 93 109 190 131 45 137 76 47 155 11 177 62 160 149 8 182 24 30
172 89 86 136 0 67 22 5 93 109 45 160 149 8 182 24 30 121 28 144 141 10 119 130 135 100 35 158 180 85 133 68 7 4 145 60 168 198 58 36 104 80 38 118 108 96 101 148 69 146 103 106 41 57 77 156 13 64 1 191 142 20 32 184 42 78 95 74 39 194 175 40 166 91 125 193 112 12 143 110 82 9 153 179 75 171 181 27 43 169 25 29 16 52 19 114 159 189 48 71 127 122 178 147 152 83 102 163 97 79 21 61 165 92 151 117 73 51 26 164 197 70 111 185 183 150 88 90 65 18 192 14 81 123 161 157 140 154 120 15 17 196 132 188 99 105 55 129 53 66 167 50 23 56 44 6 170 54 3 173 115 31 162 155 11 177 62 137 76 47 49 59 199 33 124 187 98 84 195 138 176 2 128 113 174 37 72 46 87 134 34 190 131 186 116 107 126 63 139 94
73 51 26 164 70 111 185 183 150 88 90 65 18 105 192 14 81 123 161 157 140 154 120 17 15 176 2 128 113 37 174 187 124 59 199 49 33 72 46 87 134 34 131 190 109 45 160 22 5 93 126 107 186 116 63 139 94 172 67 0 136 86 89 119 10 130 141 144 100 135 35 158 180 85 133 68 7 42 4 145 58 36 104 80 198 168 60 20 32 184 78 95 74 39 194 175 40 166 30 121 28 149 8 24 182 177 11 155 62 137 76 47 162 31 54 6 170 98 84 195 138 196 132 99 188 23 44 56 50 167 55 129 66 53 117 151 3 173 115 110 143 12 112 193 125 91 82 156 13 64 1 191 142 148 69 146 101 96 108 118 38 189 48 71 127 122 178 147 152 83 102 163 97 61 21 79 29 16 52 19 114 43 169 25 27 181 159 103 106 41 77 57 171 75 179 9 153 92 165 197
113 174 33 49 199 59 124 187 98 84 195 128 2 176 138 154 140 157 120 15 17 161 123 81 14 192 99 196 132 188 23 56 44 6 170 54 3 66 50 167 129 55 105 18 65 90 88 150 53 183 185 111 102 163 97 70 197 164 26 51 73 117 151 173 115 110 82 9 153 179 75 171 57 77 41 106 181 27 43 169 25 92 165 61 21 79 29 16 147 83 152 127 122 178 52 19 114 159 71 48 189 103 146 69 148 101 96 108 118 38 80 104 36 58 198 168 60 145 4 20 32 184 42 7 68 133 85 180 158 35 135 100 144 141 130 10 119 89 172 94 139 63 116 186 107 126 93 5 22 67 86 136 0 149 8 182 24 121 28 30 166 40 175 194 39 74 95 78 142 191 1 64 156 13 91 125 193 112 143 12 31 162 47 76 137 155 11 177 62 160 45 109 190 131 34 134 87 46 72 37
75 179 9 153 92 165 61 21 79 147 152 83 102 163 97 70 111 185 183 150 88 90 65 18 192 14 81 123 161 157 140 154 120 15 17 105 55 129 53 117 51 26 164 197 73 151 173 3 66 167 50 56 44 23 188 99 132 196 138 176 2 128 195 98 84 113 37 174 187 124 59 199 49 33 72 46 87 134 34 131 190 109 45 160 22 5 93 126 107 186 116 63 139 94 172 67 0 136 86 89 119 10 130 141 144 100 135 35 158 180 85 133 68 7 42 4 145 58 36 104 80 198 168 60 20 32 184 78 95 74 39 194 175 40 166 30 121 28 149 8 24 182 177 11 155 62 137 76 47 170 6 54 162 31 115 82 110 143 12 112 193 125 91 13 156 64 1 191 142 148 69 146 101 96 108 118 38 189 48 71 127 122 178 16 29 52 19 114 43 169 25 27 181 159 103 106 41 77 57 171
197 165 61 97 163 102 83 152 127 122 178 147 21 79 29 16 52 19 114 71 48 189 38 118 108 96 101 146 69 148 142 64 1 191 74 95 78 184 32 20 60 168 198 80 104 36 58 145 4 42 7 68 133 85 180 158 35 135 100 40 194 39 175 166 30 144 141 130 10 119 89 94 172 86 136 0 67 126 107 139 63 116 186 131 190 34 87 46 134 45 160 109 93 5 22 149 8 28 121 24 182 177 11 155 62 137 76 47 162 31 12 143 112 193 125 91 13 156 110 115 82 77 57 103 41 106 159 43 169 25 27 181 171 75 179 9 153 92 73 117 151 173 3 54 6 170 98 84 187 124 59 199 49 33 72 37 174 113 128 2 176 195 138 196 132 154 140 157 161 120 15 17 123 81 14 192 99 188 23 44 56 50 167 66 53 129 55 105 18 65 90 88 150 183 185 111 70 26 51 164
28 121 30 24 182 8 149 160 45 109 93 5 22 141 130 10 119 89 86 136 0 67 172 94 139 63 116 186 107 126 190 131 34 134 87 46 72 37 174 113 128 2 176 195 84 98 187 124 33 199 59 49 47 76 137 62 177 11 155 162 31 54 170 6 44 56 23 188 99 132 196 138 154 140 157 161 120 15 17 123 81 14 192 18 65 90 88 105 55 129 167 50 3 66 53 150 183 185 111 70 197 164 26 51 73 117 151 173 115 110 143 12 112 193 125 91 166 40 175 194 39 74 78 184 32 20 96 101 146 69 148 142 191 1 64 13 156 82 9 153 179 75 171 57 77 41 106 181 27 43 169 25 92 165 61 21 79 147 97 163 102 83 152 127 122 178 16 29 52 19 114 159 71 48 189 103 118 38 108 80 104 36 58 198 168 60 145 4 7 68 42 95 85 133 180 158 35 135 100 144
90 88 150 183 185 111 70 164 26 51 73 151 117 53 129 55 66 3 173 115 12 143 110 82 77 57 103 41 106 159 43 169 25 27 181 171 75 179 9 153 92 197 165 61 21 79 147 97 163 102 83 152 127 122 178 16 29 52 19 114 71 48 189 38 118 108 96 101 146 69 148 142 191 1 64 156 13 91 125 193 112 31 162 54 170 6 44 56 50 167 23 188 99 132 196 195 84 98 187 124 33 199 59 49 47 76 137 155 11 62 160 45 109 93 5 22 67 86 136 0 28 121 149 8 182 177 24 30 166 40 175 194 39 74 95 78 184 32 20 60 168 198 80 104 36 58 145 4 7 68 42 85 133 180 158 35 135 100 144 141 130 10 119 89 172 94 139 63 126 107 116 186 131 190 34 134 87 46 72 37 174 113 128 2 176 138 154 140 157 161 120 15 17 123 81 14 192 105 18 65
112 125 91 143 12 31 162 54 170 6 44 56 23 188 99 132 196 138 176 154 140 157 161 120 15 17 123 81 14 192 18 65 90 88 150 183 185 111 70 97 163 102 83 152 147 79 21 61 165 197 164 26 51 73 151 117 53 66 129 55 105 167 50 3 173 115 110 82 9 153 92 179 75 77 57 171 181 27 25 169 43 114 19 52 29 16 178 122 127 71 48 189 159 106 41 103 146 69 148 142 191 1 64 156 13 39 175 40 194 74 85 42 95 78 184 32 20 101 96 108 118 38 80 104 36 58 198 168 60 145 4 7 68 133 180 158 35 135 100 166 30 121 28 144 130 10 141 149 8 24 182 160 45 109 93 5 22 67 0 136 86 119 89 172 94 139 63 126 107 116 186 131 190 34 134 87 46 72 37 174 113 128 2 195 84 98 187 124 33 199 59 49 47 76 137 62 177 11 155 193
9 82 110 115 173 3 50 167 55 129 66 53 117 151 73 51 26 164 197 70 111 185 183 150 88 90 65 18 105 192 14 81 123 161 157 140 154 120 15 17 196 132 99 188 23 56 44 6 170 54 162 31 12 143 112 193 125 91 175 40 166 30 24 182 8 149 121 28 22 5 93 109 45 160 62 177 11 155 137 76 47 49 59 199 33 124 187 98 84 195 138 176 2 128 113 174 37 72 46 87 134 34 190 131 186 116 63 139 107 126 94 172 67 0 136 86 89 119 10 130 141 144 100 135 35 158 68 7 42 4 145 60 168 198 58 36 104 80 38 118 108 96 101 20 32 184 78 95 74 85 133 180 194 39 13 156 64 1 191 142 148 69 146 103 189 48 71 127 122 178 147 152 83 102 163 97 79 21 61 165 92 153 179 27 43 169 25 29 16 52 19 114 159 181 106 41 77 57 171 75
116 186 34 134 87 46 72 37 174 113 128 2 176 195 84 98 187 124 33 199 59 49 47 76 137 62 177 11 155 193 112 143 12 31 162 54 170 6 44 56 23 188 99 132 196 138 154 140 157 161 120 15 17 123 81 14 192 18 65 90 88 150 183 185 111 70 197 164 26 51 73 117 53 66 129 55 105 167 50 3 151 173 115 110 82 9 153 179 75 171 57 77 41 106 181 27 43 169 25 92 165 61 97 163 102 83 152 127 122 178 147 21 79 29 16 52 19 114 159 71 48 189 103 146 69 148 142 191 1 64 156 13 91 125 166 40 175 194 39 74 95 78 184 32 20 101 96 108 118 38 80 104 36 58 198 168 60 145 4 7 68 42 85 133 180 158 35 135 100 144 28 121 30 24 182 8 149 141 130 10 119 89 172 94 139 63 107 126 86 136 0 67 22 5 93 109 160 45 190 131
64 1 191 142 148 69 146 103 41 106 159 181 171 57 77 75 9 153 179 27 25 169 43 114 19 52 29 16 178 122 127 71 48 189 38 118 108 101 96 80 36 58 104 198 168 60 145 4 20 32 184 78 95 42 7 68 133 85 74 180 158 35 135 100 144 28 121 149 8 182 24 30 166 40 175 194 39 91 125 193 112 143 12 31 162 47 76 137 155 11 177 62 160 45 109 93 5 22 141 130 10 119 89 86 136 0 67 172 94 139 63 116 186 107 126 190 131 34 134 87 46 72 37 174 113 128 2 176 195 33 49 199 59 124 187 84 98 170 6 54 3 173 151 117 53 66 129 55 167 50 56 44 23 188 99 132 196 138 154 140 157 161 120 15 17 123 81 14 192 105 18 65 90 88 150 183 185 111 70 97 163 102 83 152 147 79 21 61 165 197 164 26 51 73 92 115 110 82 156 13
3 50 167 55 129 66 53 117 151 173 115 110 143 12 112 193 125 91 13 156 82 9 153 179 75 171 57 77 41 106 189 48 71 127 122 178 16 29 52 19 114 159 181 27 43 169 25 92 165 61 21 79 147 152 83 102 163 97 70 164 197 73 51 26 111 185 183 150 88 90 65 18 105 192 14 81 123 161 157 140 154 120 15 17 196 132 99 188 23 56 44 6 170 98 84 195 138 176 2 128 113 37 174 187 124 59 199 49 33 72 46 87 134 34 131 190 109 45 160 8 149 22 5 93 126 107 186 116 63 139 94 172 67 0 136 86 89 119 10 130 141 135 35 158 180 133 85 74 95 78 42 68 7 184 32 20 4 145 60 168 58 36 104 80 198 96 101 108 38 118 103 146 69 148 142 64 1 191 39 194 175 40 100 144 28 121 30 166 24 182 177 11 155 62 137 76 47 162 31 54
136 86 172 94 89 119 10 130 135 100 166 40 175 194 39 74 95 78 42 85 133 180 35 158 68 7 184 32 20 4 145 60 168 58 36 104 80 198 96 101 108 38 118 103 146 69 148 142 191 1 64 156 13 91 125 143 110 82 9 153 179 75 171 57 77 41 106 181 27 43 169 25 29 16 52 19 114 159 189 48 71 127 122 178 147 152 83 102 163 97 79 21 61 165 92 151 117 73 51 26 164 197 70 111 185 183 150 88 90 65 18 192 14 81 123 161 157 140 154 120 15 17 196 132 188 99 105 55 129 53 66 167 50 23 56 44 6 170 54 3 173 115 12 31 162 112 193 155 11 177 62 137 76 47 49 59 199 33 124 187 98 84 195 138 176 2 128 113 174 37 72 46 87 134 34 190 131 186 116 63 139 107 126 93 5 22 109 45 160 149 8 182 24 30 121 28 144 141 0 67
194 175 40 166 91 125 193 155 11 177 62 137 76 47 49 59 199 33 124 187 98 84 195 176 2 128 113 174 37 72 46 87 134 34 190 131 186 116 107 126 63 139 94 172 89 119 86 136 0 67 22 5 93 109 45 160 149 8 182 24 30 121 28 141 10 130 144 100 135 35 158 180 133 68 7 4 145 60 168 198 58 36 104 80 38 118 108 96 101 148 142 69 146 103 106 41 57 77 82 9 153 179 75 171 181 27 43 169 25 29 16 52 19 114 159 189 48 71 127 122 178 147 152 83 102 163 97 79 21 61 165 92 115 173 3 66 53 117 151 73 51 26 164 197 70 111 185 183 150 88 90 65 18 192 14 81 123 161 157 140 154 120 17 15 138 196 132 188 99 105 55 129 167 50 23 56 44 6 170 54 162 31 12 112 143 110 156 13 64 1 191 20 32 184 78 95 42 85 74 39
56 23 188 99 132 196 138 154 140 157 161 120 15 17 123 81 14 192 18 65 90 88 105 55 129 66 53 150 183 185 111 163 102 83 152 127 122 178 147 97 70 26 51 117 151 73 164 197 165 61 21 79 29 16 52 19 114 71 48 189 38 118 108 96 101 146 69 148 142 191 1 64 156 13 91 125 193 112 143 12 31 162 47 76 137 155 11 177 62 160 45 109 93 5 22 149 8 182 24 121 28 30 166 40 175 194 39 74 95 78 184 32 20 60 168 198 80 104 36 58 145 4 7 68 42 85 133 180 158 35 135 100 144 141 130 10 119 89 86 136 0 67 172 94 139 63 116 186 107 126 190 131 34 134 87 46 49 199 59 124 187 33 72 37 174 113 128 2 176 195 84 98 170 44 6 54 115 110 82 77 57 103 41 106 159 43 169 25 27 181 171 75 179 9 153 92 173 3 167 50
119 10 141 28 121 149 8 109 93 5 22 67 0 136 86 89 172 94 139 63 126 107 116 186 131 190 34 87 72 46 134 45 160 62 137 76 49 59 199 33 124 187 174 37 113 128 2 176 138 195 84 98 170 54 6 44 56 23 188 99 132 196 154 140 157 161 120 15 17 123 81 14 192 18 65 90 88 150 183 185 111 70 97 163 102 83 152 127 122 178 147 197 164 26 51 73 151 117 53 66 129 55 105 167 50 3 173 92 165 61 21 79 29 16 52 19 114 43 169 25 27 179 75 77 57 171 181 41 106 103 159 71 48 189 38 118 108 96 101 146 69 148 142 191 1 64 156 13 91 125 193 112 12 143 110 82 9 153 115 31 162 47 155 11 177 182 24 30 166 40 175 194 39 74 95 78 184 32 20 60 168 198 80 104 36 58 145 4 7 68 42 85 133 180 158 35 135 100 144 130
122 127 178 16 29 79 147 152 83 102 163 97 21 61 165 197 164 70 111 185 26 51 73 117 151 173 3 66 53 183 150 88 90 65 18 192 14 81 123 161 157 140 154 120 15 17 105 55 129 167 50 56 44 23 188 99 132 196 138 176 2 128 195 98 84 113 37 174 187 124 59 199 49 33 72 46 87 134 34 131 190 109 45 160 22 5 93 126 107 186 116 63 139 94 172 67 0 136 86 89 119 10 130 141 144 100 135 35 158 180 85 133 68 7 42 4 145 58 36 104 80 198 168 60 20 32 184 78 95 74 39 194 175 40 166 30 121 28 149 8 24 182 177 11 155 62 137 76 47 170 6 54 162 31 115 92 25 169 43 159 103 106 41 181 27 171 57 77 75 179 153 9 82 110 143 12 112 193 125 91 13 156 64 1 191 142 148 69 146 101 96 108 118 38 189 48 71 114 19 52
122 127 178 16 29 79 147 152 83 102 163 97 21 61 165 197 164 70 111 185 26 51 73 117 151 173 3 66 53 183 150 88 90 65 18 192 14 81 123 161 157 140 154 120 15 17 105 55 129 167 50 56 44 23 188 99 132 196 138 176 2 128 195 98 84 113 37 174 187 124 59 199 49 33 72 46 87 134 34 131 190 109 45 160 22 5 93 126 107 186 116 63 139 94 172 67 0 136 86 89 119 10 130 141 144 100 135 35 158 180 85 133 68 7 42 4 145 58 36 104 80 198 168 60 20 32 184 78 95 74 39 194 175 40 166 30 121 28 149 8 24 182 177 11 155 62 137 76 47 170 6 54 162 31 115 92 25 169 43 159 103 106 41 181 27 171 57 77 75 179 153 9 82 110 143 12 112 193 125 91 13 156 64 1 191 142 148 69 146 101 96 108 118 38 189 48 71 114 19 52
199 49 33 72 46 87 134 34 131 190 109 45 160 22 5 93 126 107 186 116 63 139 94 172 67 0 136 86 89 119 10 130 141 144 100 135 35 158 180 85 133 68 7 42 4 145 58 36 104 80 198 168 60 20 32 184 78 95 74 39 194 175 40 166 30 121 28 149 8 24 182 177 11 155 62 137 76 47 162 31 12 143 112 193 125 91 13 156 64 1 191 142 148 69 146 101 96 108 118 38 189 48 71 127 122 178 16 29 52 19 114 159 103 106 41 57 77 82 110 115 9 153 179 75 171 181 43 169 25 27 92 173 3 50 167 55 129 66 53 117 151 73 51 26 164 197 165 61 21 79 147 152 83 102 163 97 70 111 185 183 150 88 90 65 18 105 192 14 81 123 161 157 140 154 120 15 17 196 132 99 188 23 56 44 6 54 170 98 84 195 138 176 2 128 113 37 174 187 124 59
125 91 166 30 24 149 8 182 177 11 155 193 162 47 124 187 33 199 59 49 76 137 62 160 45 109 93 5 22 67 86 136 0 10 130 119 89 172 94 139 63 116 186 107 126 190 131 34 134 87 46 72 37 174 113 128 2 176 138 195 84 98 170 54 6 44 56 23 188 99 132 196 154 140 157 161 120 15 17 123 81 14 192 18 65 90 88 150 183 185 111 26 51 117 53 66 129 55 105 167 50 3 31 115 173 151 73 197 164 70 97 163 102 83 152 147 79 21 61 165 92 25 169 43 27 181 41 106 159 114 19 52 29 16 178 122 127 71 48 189 103 146 69 148 101 96 108 118 38 80 104 36 58 198 168 60 145 4 7 68 42 95 85 133 180 158 35 135 141 28 121 144 100 40 175 194 39 74 78 184 32 20 142 191 1 64 13 156 77 57 171 75 179 153 9 82 110 143 12 112
97 163 102 83 152 127 122 178 52 19 114 71 48 189 103 41 106 159 27 181 171 57 77 75 179 153 9 82 115 110 143 12 31 162 54 170 6 44 56 23 188 99 132 196 195 84 98 187 124 47 76 137 11 155 193 112 125 91 13 156 64 1 191 142 148 69 146 101 96 108 118 38 80 104 36 58 198 168 60 145 4 20 32 184 7 42 78 95 74 85 133 68 180 158 35 135 100 40 194 39 175 166 30 24 182 177 62 160 45 109 8 149 121 28 144 141 130 10 119 89 86 136 0 67 22 5 93 172 94 139 63 116 186 107 126 190 131 34 134 87 46 49 59 199 33 72 37 174 113 128 2 176 138 154 140 157 161 120 15 17 123 81 14 192 105 18 65 90 88 150 183 185 111 70 26 51 117 53 129 55 167 50 66 3 173 151 73 164 197 61 165 92 25 169 43 29 16 79 21 147
43 169 25 92 165 61 197 164 26 51 73 151 117 53 66 129 55 167 50 3 173 115 110 82 9 153 75 179 27 181 171 57 77 41 106 103 159 71 48 189 38 118 108 96 101 146 69 148 142 191 1 64 156 13 91 125 193 112 143 12 31 162 54 170 6 44 56 23 188 99 132 196 195 84 98 187 124 33 199 59 49 47 76 137 155 11 62 160 45 109 93 5 22 67 86 136 0 28 121 149 8 182 177 24 30 166 40 175 194 39 74 95 78 184 32 20 60 168 198 80 104 36 58 145 4 7 68 42 85 133 180 158 35 135 100 144 141 130 10 119 89 172 94 139 63 126 107 116 186 131 190 34 134 87 46 72 37 174 113 128 2 176 138 154 140 157 161 120 15 17 123 81 14 192 105 18 65 90 88 150 183 185 111 70 97 163 102 83 152 147 21 79 16 178 127 122 52 19 114 29
152 83 102 163 97 70 111 185 183 150 88 90 65 18 105 192 14 81 123 161 157 140 154 120 15 17 196 132 99 188 23 44 56 50 167 55 129 53 66 3 54 6 170 98 84 195 138 176 2 128 113 174 37 72 33 187 124 59 199 49 46 87 134 34 131 190 126 107 186 116 63 139 94 172 89 119 10 130 141 144 100 135 35 158 180 85 133 68 7 42 4 145 58 36 104 80 198 168 60 20 32 184 78 95 74 39 194 175 40 166 30 28 121 24 182 8 149 0 136 86 67 22 5 93 109 45 160 62 177 11 155 137 76 47 162 31 12 143 112 193 125 91 13 156 64 1 191 142 148 69 146 101 96 108 118 38 189 48 71 159 103 106 41 171 57 77 82 110 115 173 151 117 73 51 26 164 197 61 165 92 153 9 75 179 181 27 25 169 43 114 19 52 16 29 79 21 147 178 122 127
183 150 88 90 65 18 105 192 14 81 123 161 157 140 154 120 15 17 196 132 99 188 23 56 44 6 170 98 84 195 138 176 2 128 113 37 174 187 124 59 199 49 33 72 46 87 134 34 131 190 109 45 160 22 5 93 126 107 186 116 63 139 94 172 67 0 136 86 89 119 10 130 141 144 100 135 35 158 180 85 133 68 7 42 4 145 58 36 104 80 198 168 60 20 32 184 78 95 74 39 194 175 40 166 30 121 28 149 8 24 182 177 11 155 62 137 76 47 54 162 31 12 143 112 193 125 91 13 156 64 1 191 142 148 69 146 101 96 108 118 38 189 48 71 114 19 52 122 127 178 16 29 79 21 147 152 83 102 163 97 61 165 197 92 153 9 75 179 181 27 25 169 43 159 103 106 41 171 57 77 82 110 115 173 3 66 50 167 55 129 53 117 151 73 51 26 164 70 111 185
169 25 92 165 61 197 164 26 51 73 151 117 53 66 129 55 167 50 3 173 115 31 162 54 170 6 44 56 23 188 99 132 196 195 84 98 187 124 33 199 59 49 47 76 137 155 11 62 160 45 109 93 5 22 67 86 136 0 28 121 149 8 182 177 24 30 166 40 175 194 39 74 95 78 184 32 20 60 168 198 80 104 36 58 145 4 7 68 42 85 133 180 158 35 135 100 144 141 130 10 119 89 172 94 139 63 126 107 116 186 131 190 34 134 87 46 72 37 174 113 128 2 176 138 154 140 157 161 120 15 17 123 81 14 192 105 18 65 90 88 150 183 185 111 70 97 163 102 83 152 147 178 127 122 52 19 71 48 189 38 118 108 96 101 146 69 148 142 191 1 64 156 13 91 125 193 112 12 143 110 82 9 153 179 75 77 57 171 181 27 43 106 41 103 159 114 29 16 79 21
0 141 144 28 121 30 24 182 8 149 160 45 109 22 5 93 126 107 139 63 116 186 131 190 34 134 87 46 72 37 174 113 128 2 176 138 195 84 98 187 124 33 199 59 49 47 76 137 62 177 11 155 193 112 12 31 162 54 170 6 3 151 173 115 110 143 125 91 166 100 40 175 194 39 74 95 78 42 184 32 20 142 191 1 64 13 156 82 9 153 179 75 171 57 77 41 106 181 27 43 169 25 92 73 117 53 66 129 55 105 167 50 56 44 23 188 99 132 196 17 15 120 154 140 157 161 123 81 14 192 18 65 90 88 150 183 185 111 102 163 97 70 26 51 164 197 165 61 21 79 147 83 152 127 122 178 16 29 52 19 114 159 71 48 189 103 146 69 148 101 96 108 118 38 80 104 36 58 198 168 60 145 4 7 68 133 85 180 158 35 135 130 10 119 89 94 172 86 136 67
47 54 170 6 44 56 23 188 99 132 196 138 154 140 157 161 120 15 17 123 81 14 192 18 65 90 88 150 183 185 111 26 51 117 53 66 129 55 105 167 50 3 173 115 31 162 193 112 12 143 110 82 9 153 179 75 171 57 77 41 106 181 27 43 169 25 79 147 21 61 165 92 151 73 197 164 70 97 163 102 83 152 127 122 178 16 29 52 19 114 159 71 48 189 103 146 69 148 142 191 1 64 156 13 91 125 39 194 74 78 184 32 20 101 96 108 118 38 80 104 36 58 198 168 60 145 4 7 68 42 95 85 133 180 158 35 135 100 40 175 166 30 121 28 144 141 130 10 119 89 86 136 0 67 22 5 93 172 94 139 63 116 186 107 126 131 190 109 45 160 149 8 24 182 177 62 11 155 76 137 134 34 87 46 33 72 37 174 113 128 2 176 195 84 98 187 124 59 199 49
1 64 146 69 101 96 108 118 38 189 48 71 127 122 178 16 29 52 19 114 159 103 106 41 181 171 57 77 75 9 153 179 27 43 169 25 92 165 61 21 79 147 152 83 102 163 97 70 111 185 183 150 88 90 65 18 105 192 14 81 123 161 157 140 154 120 15 17 196 132 99 188 23 44 56 50 167 55 129 53 117 51 26 164 197 73 151 173 3 66 54 6 170 98 84 195 138 176 2 128 113 37 174 187 124 59 199 49 33 72 46 87 134 34 131 190 109 93 5 22 67 0 136 86 126 107 186 116 63 139 94 172 89 119 10 130 141 149 8 24 182 177 11 155 62 160 45 137 76 47 162 31 115 82 110 143 12 112 193 125 91 156 13 39 194 175 40 166 30 121 28 144 100 135 35 158 180 74 85 133 68 7 42 95 78 184 32 20 4 145 60 168 58 36 104 80 198 148 142 191
7 68 133 85 180 158 35 135 100 40 175 194 39 166 30 121 28 144 141 149 8 24 182 177 11 155 62 160 45 109 93 5 22 67 86 136 0 10 130 119 89 172 94 139 63 126 107 116 186 131 190 34 134 87 46 72 33 49 137 76 47 59 199 124 187 174 37 113 128 2 176 138 195 84 98 170 54 6 44 56 23 188 99 132 196 154 140 157 161 120 15 17 123 81 14 192 18 65 90 88 150 183 185 111 70 26 51 164 197 73 117 53 66 129 55 105 167 50 3 151 173 115 31 162 193 125 91 112 12 143 110 9 153 179 75 171 181 27 43 169 25 92 165 61 21 79 147 97 163 102 83 152 127 122 178 16 29 52 19 114 159 71 48 189 103 106 41 57 77 82 156 13 64 1 191 142 148 69 146 101 118 38 108 96 80 36 58 104 198 168 60 145 4 20 32 184 78 74 95 42
86 136 0 67 22 5 93 109 45 160 149 8 182 24 30 121 28 141 10 130 144 100 135 35 158 180 85 133 68 7 42 4 145 60 168 198 58 36 104 80 38 118 108 96 101 20 32 184 78 95 74 39 194 175 40 166 125 91 13 156 64 1 191 142 148 69 146 103 189 48 71 159 114 19 52 29 16 178 122 127 152 83 147 79 21 61 165 197 164 51 26 70 97 163 102 111 185 183 150 88 90 65 18 192 14 81 123 161 157 140 154 120 15 17 196 132 99 188 23 44 56 50 167 105 55 129 66 53 117 73 92 25 169 43 27 181 106 41 77 57 171 75 179 153 9 82 110 143 12 112 193 155 11 177 62 137 76 47 162 31 115 173 151 3 54 6 170 59 199 49 33 124 187 98 84 195 138 176 2 128 113 174 37 72 46 87 134 34 190 131 186 116 107 126 63 139 94 172 89 119
135 100 40 175 194 39 74 78 95 85 180 35 158 133 68 7 42 184 32 20 4 145 60 168 198 58 36 104 80 108 38 118 96 101 146 69 148 142 191 1 64 13 156 82 110 115 173 3 50 167 55 129 66 53 117 151 73 51 26 164 197 61 165 92 153 9 179 75 171 57 77 41 106 181 27 43 169 25 21 79 29 16 52 19 114 159 103 189 48 71 127 122 178 147 152 83 102 163 97 70 111 185 183 150 88 90 65 18 105 192 14 81 123 161 157 140 154 120 15 17 196 132 99 188 23 56 44 6 170 54 162 31 12 143 112 193 125 91 166 30 28 121 24 182 8 149 109 45 160 62 177 11 155 137 76 47 49 59 199 33 124 187 98 84 195 138 176 2 128 113 174 37 72 46 87 134 34 190 131 186 116 63 94 172 139 107 126 93 5 22 67 0 136 86 89 119 10 130 141 144
190 131 107 126 172 94 139 63 116 186 34 134 87 46 72 37 174 113 128 2 176 195 84 98 187 124 33 199 59 49 47 76 137 160 62 177 11 155 193 112 143 12 31 162 54 170 6 44 56 23 188 99 132 196 138 154 140 157 161 120 15 17 123 81 14 192 18 65 90 88 150 183 185 111 70 97 163 102 83 152 127 122 178 147 21 61 165 92 151 73 197 164 26 51 117 53 66 129 55 105 167 50 3 173 115 110 82 9 153 179 75 171 57 77 41 106 181 27 43 169 25 79 29 16 52 19 114 159 71 48 189 103 146 69 148 142 191 1 64 156 13 91 125 166 30 24 182 8 149 121 28 100 40 175 194 39 74 78 184 32 20 101 96 108 118 38 80 104 36 58 198 168 60 145 4 7 68 42 95 85 133 180 158 35 135 144 141 130 10 119 89 86 136 0 67 22 5 93 109 45
132 196 138 154 140 157 161 120 15 17 123 81 14 192 18 65 90 88 105 55 129 66 53 150 183 185 111 163 102 83 152 127 122 178 147 97 70 26 51 117 151 73 164 197 165 61 21 79 29 16 52 19 114 71 48 189 38 118 108 96 101 146 69 148 142 191 1 64 156 13 91 125 193 112 12 143 110 82 77 57 103 41 106 159 43 169 25 27 181 171 75 179 9 153 92 173 3 115 31 162 155 11 177 62 160 45 109 93 5 22 149 8 182 24 121 28 30 166 40 175 194 39 74 95 78 184 32 20 60 168 198 80 104 36 58 145 4 7 68 42 85 133 180 158 35 135 100 144 141 130 10 119 89 86 136 0 67 172 94 139 63 116 186 107 126 190 131 34 134 87 46 137 76 47 49 199 59 124 187 33 72 37 174 113 128 2 176 195 84 98 170 54 6 44 56 50 167 23 188 99
78 95 42 184 32 20 60 145 4 7 68 133 85 180 158 35 135 100 40 175 194 39 74 191 1 64 13 156 77 57 171 75 179 153 9 82 110 115 31 162 12 143 112 193 125 91 166 30 121 28 144 141 149 8 24 182 177 11 155 62 160 45 109 93 5 22 67 86 136 0 10 130 119 89 172 94 139 63 126 107 116 186 131 190 34 134 87 46 72 33 49 137 76 47 59 199 124 187 174 37 113 128 2 176 138 195 84 98 170 54 6 44 56 23 188 99 132 196 154 140 157 161 120 15 17 123 81 14 192 18 65 90 88 150 183 185 111 26 51 117 53 66 129 55 105 167 50 3 173 151 73 197 164 70 97 163 102 83 152 147 79 21 61 165 92 25 169 43 27 181 41 106 103 159 114 29 16 178 127 122 52 19 71 48 189 38 118 108 80 104 36 58 168 198 96 101 146 69 148 142
5 93 67 0 136 86 89 119 10 130 135 100 35 158 180 85 133 68 7 42 4 145 60 168 198 58 36 104 80 38 118 108 96 101 20 32 184 78 95 74 39 194 175 40 166 125 91 13 156 64 1 191 142 148 69 146 103 189 48 71 127 122 178 16 29 52 19 114 159 106 41 77 57 171 75 179 181 27 43 169 25 79 147 152 83 102 163 97 21 61 165 197 164 51 26 70 111 185 183 150 88 90 65 18 192 14 81 123 161 157 140 154 120 15 17 196 132 99 188 23 44 56 50 167 105 55 129 66 53 117 73 92 153 9 82 110 115 173 151 3 6 170 54 162 31 12 143 112 193 155 11 177 62 137 76 47 49 59 199 33 124 187 98 84 195 138 176 2 128 113 174 37 72 46 87 134 34 186 116 63 139 94 172 126 107 131 190 109 45 160 149 8 182 24 30 121 28 144 141 22
158 180 85 133 68 7 42 184 32 20 4 145 60 168 198 58 36 104 80 108 118 38 189 48 71 127 122 178 147 152 83 102 163 97 79 21 61 165 92 153 9 179 75 171 57 77 41 106 181 27 43 169 25 29 16 52 19 114 159 103 146 69 101 96 148 142 64 1 191 78 95 74 39 194 175 40 166 91 125 193 155 11 177 62 137 76 47 124 187 98 84 195 138 196 132 188 99 105 55 129 167 50 23 56 44 6 170 54 162 31 12 112 143 110 13 156 82 115 173 3 66 53 117 151 73 51 26 164 197 70 111 185 183 150 88 90 65 18 192 14 81 123 161 157 140 154 120 17 15 176 2 128 113 174 37 72 33 199 59 49 46 87 134 34 190 131 186 116 107 126 63 139 94 172 89 119 86 136 0 67 22 5 93 109 45 160 149 8 182 24 30 121 28 141 10 130 144 100 135 35
115 110 143 12 31 162 47 76 137 62 177 11 155 193 112 125 91 13 156 82 75 171 57 77 41 106 103 146 69 148 142 64 1 191 78 184 32 20 101 96 108 118 38 80 104 36 58 198 168 60 145 4 7 68 42 95 74 85 133 180 158 35 135 141 28 121 144 100 40 175 194 39 166 30 24 182 8 149 160 45 109 93 5 22 67 86 136 0 10 130 119 89 172 94 139 63 116 186 107 126 190 131 34 134 87 46 72 33 49 199 59 124 187 174 37 113 128 2 176 138 195 84 98 170 54 6 44 56 23 188 99 132 196 154 140 157 161 120 15 17 123 81 14 192 18 65 90 88 150 183 185 111 26 51 117 53 66 129 55 105 167 50 3 173 151 73 197 164 70 97 163 102 83 152 147 178 122 127 71 48 189 159 114 19 52 16 29 79 21 61 165 92 25 169 43 27 181 179 153 9
96 108 38 118 101 148 142 69 146 103 106 41 181 27 43 169 25 29 16 52 19 114 159 189 48 71 127 122 178 147 152 83 102 163 97 79 21 61 165 92 173 3 50 167 55 129 66 53 117 151 73 51 26 164 197 70 111 185 183 150 88 90 65 18 105 192 14 81 123 161 157 140 154 120 15 17 196 132 99 188 23 56 44 6 170 54 115 31 162 47 76 137 49 59 199 33 124 187 98 84 195 138 176 2 128 113 174 37 72 46 87 134 34 131 190 109 45 160 62 155 11 177 182 24 8 149 22 5 93 126 107 186 116 63 139 94 172 67 0 136 86 89 119 10 130 141 144 28 121 30 166 91 125 193 112 12 143 110 9 153 179 75 171 57 77 82 156 13 64 1 191 74 39 194 175 40 100 135 35 158 180 85 133 68 7 42 95 78 184 32 20 4 145 60 168 58 36 104 80 198
129 55 167 50 3 173 115 110 82 75 179 9 153 92 21 79 147 97 163 102 83 152 127 122 178 16 29 52 19 114 43 169 25 27 181 171 57 77 103 41 106 159 71 48 189 38 118 108 96 101 146 69 148 142 191 1 64 156 13 91 125 193 112 143 12 31 162 47 76 137 155 11 62 160 45 109 93 5 22 67 86 136 0 28 121 149 8 182 177 24 30 166 40 175 194 39 74 95 78 184 32 20 60 168 198 80 104 36 58 145 4 7 68 42 85 133 180 158 35 135 100 144 141 130 10 119 89 172 94 139 63 126 107 116 186 131 190 34 134 87 46 72 37 174 187 33 49 199 59 124 84 98 170 54 6 44 56 23 188 99 132 196 195 113 128 2 176 138 154 140 157 161 120 15 17 123 81 14 192 105 18 65 90 88 150 183 185 111 70 61 165 197 164 26 51 73 151 117 53 66
106 41 103 189 48 71 127 122 178 16 29 52 19 114 43 169 25 92 173 3 115 31 162 54 6 170 98 84 124 59 199 49 33 187 195 138 196 132 99 188 23 44 56 50 167 55 129 66 53 117 151 73 51 26 164 197 165 61 21 79 147 152 83 102 163 97 70 111 185 183 150 88 90 65 18 105 192 14 81 123 161 157 140 154 120 17 15 176 2 128 113 174 37 72 46 87 34 134 47 76 137 155 11 62 160 45 109 190 131 186 116 63 139 94 172 126 107 93 5 22 67 0 136 86 89 119 10 130 141 144 28 121 149 8 182 177 24 30 166 40 175 194 39 74 100 135 35 158 180 85 133 68 7 42 95 78 184 32 20 4 145 60 168 198 104 58 36 80 38 118 108 96 101 146 69 148 142 191 1 64 156 13 91 125 193 112 12 143 110 82 77 57 171 75 9 153 179 27 181 159
39 194 74 85 42 95 78 184 32 20 142 148 101 96 108 118 38 80 104 36 58 198 168 60 145 4 7 68 133 180 158 35 135 100 40 175 166 30 24 182 8 149 160 45 109 93 5 22 121 28 144 141 130 10 0 67 136 86 119 89 172 94 139 63 116 186 107 126 190 131 34 134 87 46 72 37 174 113 128 2 176 195 84 98 187 124 33 199 59 49 47 76 137 62 177 11 155 162 54 6 170 132 196 138 154 140 157 161 120 15 17 123 81 14 192 99 188 23 44 56 50 167 105 18 65 90 88 150 183 53 129 55 66 3 173 151 117 73 197 164 26 51 185 111 70 97 163 102 83 152 147 79 21 61 165 92 25 169 43 27 181 41 106 159 114 29 16 178 127 122 52 19 71 48 189 103 146 69 77 57 171 75 179 153 9 115 31 193 125 91 112 12 143 110 82 156 13 64 1 191
148 142 64 1 191 39 194 175 40 166 30 24 182 8 149 121 28 144 100 135 35 158 180 74 85 133 68 7 42 95 78 184 32 20 4 145 60 168 58 36 104 80 198 96 101 108 118 38 189 48 71 127 122 178 16 29 52 19 114 43 169 25 27 92 173 3 54 6 170 98 84 195 196 132 99 188 23 44 56 50 167 55 129 66 53 117 151 73 51 26 164 197 165 61 21 79 147 152 83 102 163 97 70 111 185 183 150 88 90 65 18 105 192 14 81 123 17 15 120 161 157 140 154 138 176 2 128 113 37 174 187 124 59 199 49 33 72 46 87 134 34 131 190 126 107 186 116 63 139 94 172 67 0 136 86 89 119 10 130 141 22 5 93 109 45 160 62 177 11 155 137 76 47 162 31 12 143 112 193 125 91 13 156 110 115 82 9 153 179 75 77 57 171 181 159 106 41 103 146 69
185 183 150 88 90 65 18 105 192 14 81 123 161 157 140 154 120 15 17 196 132 99 188 23 56 44 6 170 98 84 195 138 176 2 128 113 37 174 187 124 59 199 49 33 72 46 87 134 34 131 190 109 45 160 22 5 93 126 107 186 116 63 139 94 172 67 0 136 86 89 119 10 130 141 144 100 135 35 158 180 85 133 68 7 42 4 145 58 36 104 80 198 168 60 20 32 184 78 95 74 39 194 175 40 166 30 121 28 149 8 24 182 177 11 155 62 137 76 47 54 162 31 12 143 112 193 125 91 13 156 64 1 191 142 148 69 146 101 96 108 118 38 189 48 71 114 19 52 122 127 178 16 29 79 21 147 152 83 102 163 97 61 165 197 92 153 9 75 179 181 27 25 169 43 159 103 106 41 171 57 77 82 110 115 173 3 66 50 167 55 129 53 117 151 73 51 26 164 70 111
71 48 189 38 118 108 96 101 146 69 148 142 64 1 191 39 166 40 175 194 74 95 78 184 32 20 60 168 198 80 104 36 58 145 4 7 68 42 85 133 180 158 35 135 100 144 28 121 30 24 182 8 149 160 45 109 93 5 22 141 130 10 119 89 86 136 0 67 172 94 139 63 116 186 107 126 190 131 34 134 87 46 72 37 174 113 128 2 176 195 84 98 187 124 33 199 59 49 47 76 137 62 177 11 155 193 125 91 13 156 82 77 57 171 75 9 153 179 27 181 41 106 103 159 43 169 25 92 115 110 143 112 12 31 162 54 170 6 44 56 23 188 99 132 196 138 154 140 157 161 120 15 17 123 81 14 192 105 18 65 90 88 150 183 185 111 51 117 53 129 55 167 50 66 3 173 151 73 197 164 26 70 163 102 83 152 147 97 61 165 21 79 29 16 178 127 122 52 19 114
90 88 150 183 185 111 70 164 26 51 73 151 117 53 129 55 66 3 173 115 12 143 110 82 77 57 103 41 106 159 43 169 25 27 181 171 75 179 9 153 92 197 165 61 21 79 147 97 163 102 83 152 127 122 178 16 29 52 19 114 71 48 189 38 118 108 96 101 146 69 148 142 191 1 64 156 13 91 125 193 112 31 162 54 170 6 44 56 50 167 23 188 99 132 196 195 84 98 187 124 33 199 59 49 47 76 137 155 11 62 160 45 109 93 5 22 67 86 136 0 28 121 149 8 182 177 24 30 166 40 175 194 39 74 95 78 184 32 20 60 168 198 80 104 36 58 145 4 7 68 42 85 133 180 158 35 135 100 144 141 130 10 119 89 172 94 139 63 126 107 116 186 131 190 34 134 87 46 72 37 174 113 128 2 176 138 154 140 157 161 120 15 17 123 81 14 192 105 18 65
147 79 21 61 165 197 164 26 51 73 151 117 53 129 55 167 50 66 3 173 115 31 162 155 11 177 182 24 8 149 28 121 30 166 91 125 193 112 12 143 110 82 77 57 171 41 106 181 27 179 75 9 153 92 25 169 43 159 71 48 189 103 146 69 148 142 191 1 64 156 13 39 194 74 78 184 32 20 101 96 108 118 38 80 104 36 58 198 168 60 145 4 7 68 42 95 85 133 180 158 35 175 40 100 135 144 141 130 10 0 67 136 86 119 89 172 94 139 63 126 22 5 93 107 116 186 34 87 46 134 131 190 109 45 160 62 137 76 47 54 170 6 44 56 23 188 99 132 196 195 84 98 187 124 59 199 49 33 72 37 174 113 128 2 176 138 154 140 157 161 120 15 17 123 81 14 192 105 18 65 90 88 150 183 185 111 70 97 163 102 83 152 127 122 178 52 19 114 29 16
84 98 187 124 59 199 49 33 72 37 174 113 128 2 176 154 140 157 161 120 15 17 123 81 14 192 18 65 90 88 150 183 185 111 70 97 163 102 83 152 147 79 21 61 165 197 164 26 51 73 117 151 92 153 179 171 57 77 75 9 82 110 143 112 193 125 91 13 156 64 1 191 142 148 69 146 103 106 41 181 27 43 169 25 29 16 178 127 122 52 19 114 159 71 48 189 38 118 108 101 96 80 36 58 104 198 168 60 145 4 20 32 184 78 95 42 7 68 133 85 180 158 35 135 100 74 39 194 175 40 166 30 24 182 8 149 121 28 144 141 130 10 119 89 86 136 0 67 22 5 93 107 126 172 94 139 63 116 186 34 87 46 134 131 190 109 45 160 62 177 11 155 137 76 47 162 31 12 115 173 3 54 170 6 66 53 129 55 105 167 50 56 44 23 188 99 132 196 138 195
44 56 50 167 55 129 53 66 3 54 6 170 47 76 137 46 87 134 34 131 190 126 107 186 116 63 139 94 172 89 119 10 130 141 144 100 135 35 158 180 85 133 68 7 42 4 145 58 36 104 80 198 168 60 20 32 184 78 95 74 39 194 175 40 166 30 28 121 24 182 8 149 0 136 86 67 22 5 93 109 45 160 62 177 11 155 162 31 12 143 112 193 125 91 13 156 64 1 191 142 148 69 146 101 96 108 118 38 189 48 71 159 103 106 41 171 57 77 82 110 115 173 92 153 9 75 179 181 27 25 169 43 114 19 52 16 29 79 21 61 165 197 73 151 117 51 26 164 70 97 147 178 122 127 152 83 102 163 111 185 183 150 88 90 65 18 105 192 14 81 123 161 157 140 154 120 17 15 176 2 128 113 174 37 72 33 49 199 59 124 187 98 84 195 138 196 132 99 188 23
13 156 82 9 153 179 75 171 57 77 41 106 181 27 43 169 25 92 165 61 21 79 97 163 102 83 152 147 178 127 122 16 29 52 19 114 159 71 48 189 103 146 69 148 142 64 1 191 78 184 32 20 101 96 108 118 38 80 104 36 58 198 168 60 145 4 7 68 42 95 74 85 133 180 158 35 135 100 40 175 194 39 166 30 24 182 8 149 160 45 109 93 5 22 121 28 144 141 130 10 0 67 136 86 119 89 172 94 139 63 116 186 107 126 190 131 34 134 87 46 72 37 174 113 128 2 176 195 84 98 187 124 33 199 59 49 47 76 137 62 177 11 155 162 31 54 6 170 132 196 138 154 140 157 161 120 15 17 123 81 14 192 99 188 23 44 56 50 167 66 53 129 55 105 18 65 90 88 150 183 185 111 70 197 164 26 51 73 117 151 3 173 115 110 143 12 112 193 125 91
171 57 77 82 110 143 12 112 193 125 91 13 156 64 1 191 142 148 69 146 101 96 108 118 38 189 48 71 127 122 178 16 29 52 19 114 159 103 106 41 181 43 169 25 27 92 165 61 21 79 147 152 83 102 163 97 70 111 185 183 150 88 90 65 18 192 14 81 123 161 157 140 154 120 15 17 105 55 129 53 117 51 26 164 197 73 151 173 3 66 167 50 56 44 23 188 99 132 196 138 176 2 128 195 98 84 113 37 174 187 124 59 199 49 33 72 46 87 134 34 131 190 109 45 160 22 5 93 126 107 186 116 63 139 94 172 67 0 136 86 89 119 10 130 141 144 100 135 35 158 180 85 133 68 7 42 4 145 58 36 104 80 198 168 60 20 32 184 78 95 74 39 194 175 40 166 30 121 28 149 8 24 182 177 11 155 62 137 76 47 170 6 54 162 31 115 9 153 179 75
55 129 66 53 117 151 73 51 26 164 197 61 165 92 153 9 82 110 115 173 3 44 56 23 188 99 132 196 138 176 2 128 195 113 174 37 72 46 87 134 34 131 190 109 45 160 22 5 93 126 107 186 116 63 139 94 172 67 0 136 86 89 119 10 130 141 144 100 135 35 158 180 85 133 68 7 42 4 145 58 36 104 80 198 168 60 20 32 184 78 95 74 39 194 175 40 166 30 121 28 149 8 24 182 177 11 155 62 137 76 47 49 59 199 33 124 187 84 98 170 6 54 162 31 12 143 112 193 125 91 13 156 64 1 191 142 148 69 146 101 96 108 118 38 189 48 71 159 106 41 103 77 57 171 75 179 181 27 25 169 43 114 19 52 122 127 178 16 29 79 21 147 152 83 102 163 97 70 111 185 183 150 88 90 65 18 192 14 81 161 157 140 154 15 17 120 123 105 50 167
60 145 4 20 32 184 78 95 42 7 68 133 85 180 158 35 135 100 144 141 130 10 119 89 94 172 86 136 0 67 22 5 93 126 107 139 63 116 186 131 190 109 160 45 34 134 87 46 72 37 174 113 128 2 176 195 84 98 187 124 33 199 59 49 47 76 137 155 11 62 177 182 24 8 149 28 121 30 166 40 175 194 39 74 191 1 64 142 148 69 146 103 41 106 159 181 171 57 77 75 179 153 9 82 156 13 91 125 193 112 12 143 110 115 31 162 54 170 6 44 56 23 188 99 132 196 138 154 140 157 161 120 15 17 123 81 14 192 105 18 65 90 88 150 183 185 111 70 97 163 102 83 152 147 79 21 61 165 197 164 26 51 117 53 129 55 167 50 66 3 173 151 73 92 27 43 169 25 29 16 178 127 122 52 19 114 71 48 189 38 118 108 101 96 80 104 36 58 198 168
49 33 72 46 87 134 34 131 190 109 45 160 22 5 93 126 107 186 116 63 139 94 172 67 0 136 86 89 119 10 130 141 144 100 135 35 158 180 85 133 68 7 42 4 145 58 36 104 80 198 168 60 20 32 184 78 95 74 39 194 175 40 166 30 121 28 149 8 24 182 177 11 155 62 137 76 47 162 31 12 143 112 193 125 91 13 156 64 1 191 142 148 69 146 101 96 108 118 38 189 48 71 127 122 178 16 29 52 19 114 159 103 106 41 57 77 82 110 115 9 153 179 75 171 181 43 169 25 27 92 173 3 50 167 55 129 66 53 117 151 73 51 26 164 197 165 61 21 79 147 152 83 102 163 97 70 111 185 183 150 88 90 65 18 105 192 14 81 123 161 157 140 154 120 15 17 196 132 99 188 23 56 44 6 54 170 98 84 195 138 176 2 128 113 37 174 187 124 59 199
75 179 9 153 92 165 61 21 79 147 152 83 102 163 97 70 111 185 183 150 88 90 65 18 192 14 81 123 161 157 140 154 120 15 17 105 55 129 53 117 51 26 164 197 73 151 173 3 66 167 50 56 44 23 188 99 132 196 138 176 2 128 195 98 84 113 37 174 187 124 59 199 49 33 72 46 87 134 34 131 190 109 45 160 22 5 93 126 107 186 116 63 139 94 172 67 0 136 86 89 119 10 130 141 144 100 135 35 158 180 85 133 68 7 42 4 145 58 36 104 80 198 168 60 20 32 184 78 95 74 39 194 175 40 166 30 121 28 149 8 24 182 177 11 155 62 137 76 47 170 6 54 162 31 115 82 110 143 12 112 193 125 91 13 156 64 1 191 142 148 69 146 101 96 108 118 38 189 48 71 127 122 178 16 29 52 19 114 43 169 25 27 181 159 103 106 41 77 57 171
14 81 123 17 15 120 161 157 140 154 138 196 132 188 23 56 44 6 170 54 3 66 50 167 55 129 53 117 151 173 115 92 165 61 21 79 29 16 52 19 114 159 43 169 25 27 181 106 41 77 57 171 75 179 153 9 82 110 143 12 31 162 47 76 137 49 199 59 124 187 98 84 195 176 2 128 113 174 37 72 33 46 87 134 34 131 190 126 107 186 116 63 139 94 172 89 119 10 130 141 144 100 135 35 158 180 85 133 68 7 42 4 145 60 168 198 58 36 104 80 38 118 108 96 101 20 32 184 78 95 74 39 194 175 40 166 30 28 121 24 182 8 149 0 136 86 67 22 5 93 109 45 160 62 177 11 155 193 112 125 91 13 156 64 1 191 142 148 69 146 103 189 48 71 127 122 178 152 83 147 97 102 163 70 164 197 73 51 26 111 185 183 150 88 90 65 18 105 99 192
169 25 92 165 61 197 164 26 51 73 151 117 53 66 129 55 167 50 3 173 115 31 162 54 170 6 44 56 23 188 99 132 196 195 84 98 187 124 33 199 59 49 47 76 137 155 11 62 160 45 109 93 5 22 67 86 136 0 28 121 149 8 182 177 24 30 166 40 175 194 39 74 95 78 184 32 20 60 168 198 80 104 36 58 145 4 7 68 42 85 133 180 158 35 135 100 144 141 130 10 119 89 172 94 139 63 126 107 116 186 131 190 34 134 87 46 72 37 174 113 128 2 176 138 154 140 157 161 120 15 17 123 81 14 192 105 18 65 90 88 150 183 185 111 70 97 163 102 83 152 147 178 127 122 52 19 71 48 189 38 118 108 96 101 146 69 148 142 191 1 64 156 13 91 125 193 112 12 143 110 82 9 153 179 75 77 57 171 181 27 43 106 41 103 159 114 29 16 79 21
171 57 77 82 110 143 12 112 193 125 91 13 156 64 1 191 142 148 69 146 101 96 108 118 38 189 48 71 127 122 178 16 29 52 19 114 159 103 106 41 181 43 169 25 27 92 165 61 21 79 147 152 83 102 163 97 70 111 185 183 150 88 90 65 18 192 14 81 123 161 157 140 154 120 15 17 105 55 129 53 117 51 26 164 197 73 151 173 3 66 167 50 56 44 23 188 99 132 196 138 176 2 128 195 98 84 113 37 174 187 124 59 199 49 33 72 46 87 134 34 131 190 109 45 160 22 5 93 126 107 186 116 63 139 94 172 67 0 136 86 89 119 10 130 141 144 100 135 35 158 180 85 133 68 7 42 4 145 58 36 104 80 198 168 60 20 32 184 78 95 74 39 194 175 40 166 30 121 28 149 8 24 182 177 11 155 62 137 76 47 170 6 54 162 31 115 9 153 179 75
68 133 85 180 158 35 135 100 74 39 194 175 40 166 30 121 28 144 141 149 8 24 182 177 11 155 62 160 45 109 93 5 22 67 86 136 0 10 130 119 89 172 94 139 63 126 107 116 186 131 190 34 134 87 46 72 33 49 137 76 47 59 199 124 187 174 37 113 128 2 176 138 195 84 98 170 54 6 44 56 23 188 99 132 196 154 140 157 161 120 15 17 123 81 14 192 18 65 90 88 150 183 185 111 70 26 51 164 197 73 117 53 66 129 55 105 167 50 3 151 173 115 31 162 193 125 91 112 12 143 110 9 153 179 75 171 181 27 43 169 25 92 165 61 21 79 147 97 163 102 83 152 127 122 178 16 29 52 19 114 159 71 48 189 103 106 41 57 77 82 156 13 64 1 191 95 78 184 32 20 96 101 148 142 69 146 118 38 108 80 104 36 58 198 168 60 145 4 42 7
162 31 115 173 3 50 167 55 129 66 53 117 151 73 51 26 164 197 70 97 147 178 122 127 152 83 102 163 111 185 183 150 88 90 65 18 105 192 14 81 123 161 157 140 154 120 15 17 196 132 99 188 23 56 44 6 170 54 47 76 137 49 59 199 33 124 187 98 84 195 138 176 2 128 113 174 37 72 46 87 134 34 131 190 126 107 186 116 63 139 94 172 89 119 10 130 141 144 100 135 35 158 180 85 133 68 7 42 4 145 60 168 198 58 36 104 80 38 118 108 96 101 20 32 184 78 95 74 39 194 175 40 166 30 28 121 24 182 8 149 0 136 86 67 22 5 93 109 45 160 62 177 11 155 193 112 125 91 13 156 64 1 191 142 148 69 146 103 189 48 71 159 114 19 52 16 29 79 21 61 165 92 25 169 43 27 181 106 41 77 57 171 75 179 153 9 82 110 143 12
185 183 150 88 90 65 18 105 192 14 81 123 161 157 140 154 120 15 17 196 132 99 188 23 56 44 6 170 98 84 195 138 176 2 128 113 37 174 187 124 59 199 49 33 72 46 87 134 34 131 190 109 45 160 22 5 93 126 107 186 116 63 139 94 172 67 0 136 86 89 119 10 130 141 144 100 135 35 158 180 85 133 68 7 42 4 145 58 36 104 80 198 168 60 20 32 184 78 95 74 39 194 175 40 166 30 121 28 149 8 24 182 177 11 155 62 137 76 47 54 162 31 12 143 112 193 125 91 13 156 64 1 191 142 148 69 146 101 96 108 118 38 189 48 71 114 19 52 122 127 178 16 29 79 21 147 152 83 102 163 97 61 165 197 92 153 9 75 179 181 27 25 169 43 159 103 106 41 171 57 77 82 110 115 173 3 66 50 167 55 129 53 117 151 73 51 26 164 70 111
127 122 178 52 19 114 29 16 79 147 152 83 102 163 97 21 61 165 197 164 70 111 185 26 51 73 117 151 173 3 66 53 183 150 88 90 65 18 192 14 81 123 161 157 140 154 120 15 17 105 55 129 167 50 56 44 23 188 99 132 196 138 176 2 128 195 98 84 113 37 174 187 124 59 199 49 33 72 46 87 134 34 131 190 109 45 160 22 5 93 126 107 186 116 63 139 94 172 67 0 136 86 89 119 10 130 141 144 100 135 35 158 180 85 133 68 7 42 4 145 58 36 104 80 198 168 60 20 32 184 78 95 74 39 194 175 40 166 30 121 28 149 8 24 182 177 11 155 62 137 76 47 170 6 54 162 31 115 92 25 169 43 159 103 106 41 181 27 171 57 77 75 179 153 9 82 110 143 12 112 193 125 91 13 156 64 1 191 142 148 69 146 101 96 108 118 38 189 48 71
45 160 62 137 76 49 59 199 33 124 187 174 37 113 128 2 176 138 195 84 98 170 54 6 44 56 23 188 99 132 196 154 140 157 161 120 15 17 123 81 14 192 18 65 90 88 150 183 185 111 70 97 163 102 83 152 127 122 178 147 197 164 26 51 73 151 117 53 66 129 55 105 167 50 3 173 92 165 61 21 79 29 16 52 19 114 43 169 25 27 179 75 77 57 171 181 41 106 103 159 71 48 189 38 118 108 96 101 146 69 148 142 191 1 64 156 13 91 125 193 112 12 143 110 82 9 153 115 31 162 47 155 11 177 182 24 8 149 28 121 30 166 40 175 194 39 74 95 78 184 32 20 60 168 198 80 104 36 58 145 4 7 68 42 85 133 180 158 35 135 100 144 141 130 10 119 89 94 172 86 136 0 67 22 5 93 109 126 107 139 63 116 186 34 87 72 46 134 131 190
107 126 172 94 139 63 116 186 131 190 34 87 72 46 134 45 109 160 62 137 76 49 59 199 33 124 187 174 37 113 128 2 176 138 195 84 98 170 54 6 44 56 23 188 99 132 196 154 140 157 161 120 15 17 123 81 14 192 18 65 90 88 150 183 185 111 70 97 163 102 83 152 127 122 178 147 197 164 26 51 73 151 117 53 66 129 55 105 167 50 3 173 92 165 61 21 79 29 16 52 19 114 43 169 25 27 179 75 77 57 171 181 41 106 103 159 71 48 189 38 118 108 96 101 146 69 148 142 191 1 64 156 13 91 125 193 112 12 143 110 82 9 153 115 31 162 47 155 11 177 166 40 175 194 39 74 95 78 184 32 20 60 168 198 80 104 36 58 145 4 7 68 42 85 133 180 158 35 135 100 30 24 182 8 149 121 28 144 141 130 10 119 89 86 136 0 67 22 5 93
122 127 178 16 29 79 147 152 83 102 163 97 21 61 165 197 164 70 111 185 26 51 73 117 151 173 3 66 53 183 150 88 90 65 18 192 14 81 123 161 157 140 154 120 15 17 105 55 129 167 50 56 44 23 188 99 132 196 138 176 2 128 195 98 84 113 37 174 187 124 59 199 49 33 72 46 87 134 34 131 190 109 45 160 22 5 93 126 107 186 116 63 139 94 172 67 0 136 86 89 119 10 130 141 144 100 135 35 158 180 85 133 68 7 42 4 145 58 36 104 80 198 168 60 20 32 184 78 95 74 39 194 175 40 166 30 121 28 149 8 24 182 177 11 155 62 137 76 47 170 6 54 162 31 115 92 25 169 43 159 103 106 41 181 27 171 57 77 75 179 153 9 82 110 143 12 112 193 125 91 13 156 64 1 191 142 148 69 146 101 96 108 118 38 189 48 71 114 19 52
146 69 148 142 191 1 64 13 156 82 9 153 179 75 171 57 77 103 189 48 71 127 122 178 16 29 52 19 114 159 106 41 181 27 43 169 25 92 173 3 50 167 55 129 66 53 117 151 73 51 26 164 197 165 61 21 79 147 152 83 102 163 97 70 111 185 183 150 88 90 65 18 105 192 14 81 123 161 157 140 154 120 15 17 196 132 99 188 23 56 44 6 170 54 162 31 115 110 143 12 112 193 125 91 24 182 8 149 109 45 160 62 177 11 155 137 76 47 49 59 199 33 124 187 98 84 195 138 176 2 128 113 174 37 72 46 87 134 34 190 131 186 116 63 94 172 139 107 126 93 5 22 67 0 136 86 89 119 10 130 141 144 28 121 30 166 39 74 194 175 40 100 135 35 158 180 85 133 68 7 42 95 78 184 32 20 4 145 60 168 198 104 58 36 80 108 38 118 96 101
8 149 109 45 160 62 177 11 155 137 76 162 31 12 143 112 193 125 91 13 156 64 1 191 142 148 69 146 101 96 108 118 38 189 48 71 127 122 178 16 29 52 19 114 159 103 106 41 57 77 82 110 115 9 153 179 75 171 181 43 169 25 27 92 173 3 50 167 55 129 66 53 117 151 73 51 26 164 197 165 61 21 79 147 152 83 102 163 97 70 111 185 183 150 88 90 65 18 105 192 14 81 123 161 157 140 154 120 15 17 196 132 99 188 23 56 44 6 54 170 98 84 195 138 176 2 128 113 37 174 187 124 47 49 59 199 33 72 46 87 134 34 190 131 186 116 63 94 172 139 107 126 93 5 22 67 0 136 86 89 119 10 130 141 28 144 135 35 158 68 7 42 4 145 58 36 104 80 198 168 60 20 32 184 78 95 74 85 133 180 194 39 175 40 100 166 30 121 24 182
198 168 60 145 4 20 32 184 78 95 42 7 68 133 85 180 158 35 135 100 144 141 130 10 119 89 94 172 86 136 0 67 22 5 93 126 107 139 63 116 186 131 190 109 160 45 34 134 87 46 72 37 174 113 128 2 176 195 84 98 187 124 33 199 59 49 137 76 155 11 62 177 182 24 8 149 28 121 30 166 40 175 194 39 74 191 1 64 142 148 69 146 103 41 106 159 181 171 57 77 75 179 153 9 82 156 13 91 125 193 112 12 143 110 115 31 162 47 54 170 6 44 56 23 188 99 132 196 138 154 140 157 161 120 15 17 123 81 14 192 105 18 65 90 88 150 183 185 111 70 97 163 102 83 152 147 79 21 61 165 197 164 26 51 117 53 129 55 167 50 66 3 173 151 73 92 27 43 169 25 29 16 178 127 122 52 19 114 71 48 189 38 118 101 96 108 80 104 36 58
18 65 90 88 150 183 185 111 70 97 163 102 83 152 147 127 122 178 16 29 52 19 114 71 48 189 38 118 108 96 101 146 69 148 142 191 1 64 156 13 91 125 193 112 143 12 31 162 54 170 6 3 173 92 153 9 115 110 82 75 179 27 181 171 57 77 103 41 106 159 43 169 25 79 21 61 165 197 164 26 51 73 151 117 53 66 129 55 167 50 56 44 23 188 99 132 196 195 84 98 187 124 33 199 59 49 47 76 137 155 11 62 160 45 109 93 5 22 67 86 136 0 28 121 149 8 182 177 24 30 166 40 175 194 39 74 95 78 184 32 20 60 168 198 80 104 36 58 145 4 7 68 42 85 133 180 158 35 135 100 144 141 130 10 119 89 172 94 139 63 126 107 116 186 131 190 34 134 87 46 72 37 174 113 128 2 176 138 154 140 157 161 120 15 17 123 81 14 192 105
149 8 182 177 11 155 47 76 137 62 160 45 109 22 141 130 10 0 67 136 86 119 89 94 172 5 93 126 107 139 63 116 186 131 190 34 134 87 46 49 59 199 33 124 187 72 37 174 113 128 2 176 138 195 84 98 170 54 6 44 56 23 188 99 132 196 17 15 120 154 140 157 161 123 81 14 192 105 18 65 90 88 150 183 185 111 70 97 163 102 83 152 147 79 21 61 165 197 164 26 51 73 151 117 53 66 129 55 167 50 3 173 92 27 25 169 43 181 171 75 179 153 9 115 31 162 193 112 12 143 110 82 77 57 41 106 103 159 114 19 52 29 16 178 122 127 71 48 189 38 118 108 96 101 146 69 148 142 191 1 64 156 13 91 125 166 40 175 39 194 180 133 85 74 95 78 184 32 20 60 168 198 80 104 36 58 145 4 42 7 68 158 35 135 100 144 28 121 30 24
90 88 150 183 185 111 70 164 26 51 73 151 117 53 129 55 66 3 173 115 12 143 110 82 77 57 103 41 106 159 43 169 25 27 181 171 75 179 9 153 92 197 165 61 21 79 147 97 163 102 83 152 127 122 178 16 29 52 19 114 71 48 189 38 118 108 96 101 146 69 148 142 191 1 64 156 13 91 125 193 112 31 162 54 170 6 44 56 50 167 23 188 99 132 196 195 84 98 187 124 33 199 59 49 47 76 137 155 11 62 160 45 109 93 5 22 67 86 136 0 28 121 149 8 182 177 24 30 166 40 175 194 39 74 95 78 184 32 20 60 168 198 80 104 36 58 145 4 7 68 42 85 133 180 158 35 135 100 144 141 130 10 119 89 172 94 139 63 126 107 116 186 131 190 34 134 87 46 72 37 174 113 128 2 176 138 154 140 157 161 120 15 17 123 81 14 192 105 18 65
124 187 98 84 195 176 2 128 113 174 37 72 46 87 134 34 190 131 186 116 63 94 172 139 107 126 93 5 22 67 0 136 86 89 119 10 130 141 144 28 121 30 166 175 40 100 135 35 158 180 85 133 68 7 4 145 58 36 104 80 198 168 60 20 32 184 42 78 95 74 194 39 13 156 91 125 193 112 143 110 82 9 153 179 75 171 57 77 41 106 181 27 43 169 25 29 16 52 19 114 159 103 146 69 64 1 191 142 148 101 96 108 118 38 189 48 71 127 122 178 147 152 83 102 163 97 79 21 61 165 92 151 117 73 51 26 164 197 70 111 185 183 150 88 90 65 18 192 14 81 123 17 15 120 161 157 140 154 138 196 132 188 99 105 55 129 53 66 167 50 23 56 44 6 170 54 3 173 115 12 31 162 155 11 177 182 24 8 149 109 45 160 62 137 76 47 49 59 199 33
118 38 108 80 36 58 104 198 168 60 145 4 20 32 184 78 95 42 7 68 133 85 74 180 158 35 135 100 144 28 121 149 141 130 10 119 89 94 172 86 136 0 67 22 5 93 109 160 45 190 131 107 126 139 63 116 186 34 134 87 46 72 37 174 113 128 2 176 195 84 98 187 124 33 199 59 49 47 76 137 62 155 11 177 182 8 24 30 166 40 175 194 39 191 1 64 156 13 91 125 193 112 143 12 31 162 54 170 6 44 56 23 188 99 132 196 138 154 140 157 161 120 15 17 123 81 14 192 18 65 90 88 150 183 185 111 70 97 163 102 83 152 147 79 21 61 165 197 164 26 51 73 151 117 53 66 129 55 105 167 50 3 173 115 110 82 77 57 171 75 179 9 153 92 25 169 43 114 19 52 29 16 178 122 127 71 48 189 159 27 181 41 106 103 146 69 142 148 101 96
93 5 22 67 0 136 86 89 119 10 130 141 28 121 30 24 182 8 149 160 137 76 62 177 11 155 193 112 12 143 110 82 9 153 179 75 171 57 77 41 106 181 27 43 169 25 92 165 61 21 79 29 16 52 19 114 159 103 146 69 148 142 191 1 64 156 13 91 125 166 175 39 78 95 74 194 40 100 144 135 35 158 180 85 133 68 7 42 184 32 20 4 145 60 168 198 58 36 104 80 96 101 108 118 38 189 48 71 127 122 178 147 152 83 102 163 97 70 111 185 183 150 88 90 65 18 192 14 81 123 161 157 140 154 120 15 17 196 132 188 99 105 167 50 23 56 44 6 170 54 3 66 55 129 53 117 51 26 164 197 73 151 173 115 31 162 47 49 59 199 33 124 187 98 84 195 138 176 2 128 113 174 37 72 46 87 134 34 186 116 63 139 94 172 126 107 131 190 45 109
86 136 0 67 22 5 93 109 45 160 149 8 182 24 30 121 28 141 10 130 144 100 135 35 158 180 85 133 68 7 42 4 145 60 168 198 58 36 104 80 38 118 108 96 101 20 32 184 78 95 74 39 194 175 40 166 125 91 13 156 64 1 191 142 148 69 146 103 189 48 71 159 114 19 52 29 16 178 122 127 152 83 147 79 21 61 165 197 164 51 26 70 97 163 102 111 185 183 150 88 90 65 18 192 14 81 123 161 157 140 154 120 15 17 196 132 99 188 23 44 56 50 167 105 55 129 66 53 117 73 92 25 169 43 27 181 106 41 77 57 171 75 179 153 9 82 110 143 12 112 193 155 11 177 62 137 76 47 162 31 115 173 151 3 54 6 170 59 199 49 33 124 187 98 84 195 138 176 2 128 113 174 37 72 46 87 134 34 190 131 186 116 107 126 63 139 94 172 89 119
96 108 38 118 101 148 142 69 146 103 106 41 181 27 43 169 25 29 16 52 19 114 159 189 48 71 127 122 178 147 152 83 102 163 97 79 21 61 165 92 173 3 50 167 55 129 66 53 117 151 73 51 26 164 197 70 111 185 183 150 88 90 65 18 105 192 14 81 123 161 157 140 154 120 15 17 196 132 99 188 23 56 44 6 170 54 115 31 162 47 76 137 49 59 199 33 124 187 98 84 195 138 176 2 128 113 174 37 72 46 87 134 34 131 190 109 45 160 62 155 11 177 182 24 8 149 22 5 93 126 107 186 116 63 139 94 172 67 0 136 86 89 119 10 130 141 144 28 121 30 166 91 125 193 112 12 143 110 9 153 179 75 171 57 77 82 156 13 64 1 191 74 39 194 175 40 100 135 35 158 180 85 133 68 7 42 95 78 184 32 20 4 145 60 168 58 36 104 80 198
166 40 175 194 39 74 78 184 32 20 60 168 198 80 104 36 58 145 4 7 68 42 95 85 133 180 158 35 135 100 30 121 28 144 141 149 8 109 93 5 22 67 86 136 0 10 130 119 89 172 94 139 63 126 107 116 186 131 190 34 87 72 46 134 45 160 62 137 76 49 59 199 33 124 187 174 37 113 128 2 176 138 195 84 98 170 54 6 44 56 23 188 99 132 196 154 140 157 161 120 15 17 123 81 14 192 18 65 90 88 150 183 185 111 70 97 163 102 83 152 127 122 178 147 197 164 26 51 73 151 117 53 66 129 55 105 167 50 3 173 92 165 61 21 79 29 16 52 19 114 43 169 25 27 179 75 77 57 171 181 41 106 103 159 71 48 189 38 118 108 96 101 146 69 148 142 191 1 64 156 13 91 125 193 112 12 143 110 82 9 153 115 31 162 47 155 11 177 182 24
8 149 109 45 160 62 177 11 155 137 76 162 31 12 143 112 193 125 91 13 156 64 1 191 142 148 69 146 101 96 108 118 38 189 48 71 127 122 178 16 29 52 19 114 159 103 106 41 57 77 82 110 115 9 153 179 75 171 181 43 169 25 27 92 173 3 50 167 55 129 66 53 117 151 73 51 26 164 197 165 61 21 79 147 152 83 102 163 97 70 111 185 183 150 88 90 65 18 105 192 14 81 123 161 157 140 154 120 15 17 196 132 99 188 23 56 44 6 54 170 98 84 195 138 176 2 128 113 37 174 187 124 47 49 59 199 33 72 46 87 134 34 190 131 186 116 63 94 172 139 107 126 93 5 22 67 0 136 86 89 119 10 130 141 28 144 135 35 158 68 7 42 4 145 58 36 104 80 198 168 60 20 32 184 78 95 74 85 133 180 194 39 175 40 100 166 30 121 24 182
97 163 102 83 152 127 122 178 52 19 114 71 48 189 103 41 106 159 27 181 171 57 77 75 179 153 9 82 115 110 143 12 31 162 54 170 6 44 56 23 188 99 132 196 195 84 98 187 124 47 76 137 11 155 193 112 125 91 13 156 64 1 191 142 148 69 146 101 96 108 118 38 80 104 36 58 198 168 60 145 4 20 32 184 7 42 78 95 74 85 133 68 180 158 35 135 100 40 194 39 175 166 30 24 182 177 62 160 45 109 8 149 121 28 144 141 130 10 119 89 86 136 0 67 22 5 93 172 94 139 63 116 186 107 126 190 131 34 134 87 46 49 59 199 33 72 37 174 113 128 2 176 138 154 140 157 161 120 15 17 123 81 14 192 105 18 65 90 88 150 183 185 111 70 26 51 117 53 129 55 167 50 66 3 173 151 73 164 197 61 165 92 25 169 43 29 16 79 21 147
50 167 55 129 66 53 117 151 73 51 26 164 197 165 61 21 79 147 152 83 102 163 97 70 111 185 183 150 88 90 65 18 105 192 14 81 123 161 157 140 154 120 15 17 196 132 99 188 23 56 44 6 170 54 162 31 115 110 82 9 153 179 75 77 57 171 181 27 43 159 106 41 103 146 69 101 148 142 78 95 74 194 39 191 1 64 13 156 143 12 112 193 125 91 24 182 8 149 109 45 160 62 177 11 155 137 76 47 124 187 98 84 195 138 176 2 128 113 174 37 72 33 199 59 49 46 87 134 34 190 131 186 116 63 94 172 139 107 126 93 5 22 67 0 136 86 89 119 10 130 141 144 28 121 30 166 175 40 100 135 35 158 180 85 133 68 7 42 184 32 20 4 145 60 168 198 58 36 104 80 96 108 118 38 189 48 71 114 19 52 122 127 178 16 29 169 25 92 173 3
167 55 129 53 117 151 73 51 26 164 197 165 61 21 79 147 152 83 102 163 97 70 111 185 183 150 88 90 65 18 105 192 14 81 123 17 15 120 161 157 140 154 176 138 196 132 99 188 23 50 56 44 6 54 170 98 84 195 2 128 113 37 174 187 124 59 199 49 33 72 46 87 134 34 131 190 109 45 160 22 5 93 126 107 186 116 63 139 94 172 67 0 136 86 89 119 10 130 141 144 100 135 35 158 180 85 133 68 7 42 4 145 58 36 104 80 198 168 60 20 32 184 78 95 74 39 194 175 40 166 30 121 28 149 8 24 182 177 11 155 62 137 76 47 162 31 12 143 112 193 125 91 13 156 64 1 191 142 148 69 146 101 96 108 118 38 189 48 71 127 122 178 16 29 52 19 114 159 103 41 106 43 169 25 27 181 171 57 77 75 179 153 9 82 110 115 92 173 3 66
189 48 71 114 19 52 122 127 178 16 29 79 147 152 83 102 163 97 70 111 185 183 150 88 90 65 18 105 192 14 81 123 161 157 140 154 120 15 17 196 132 99 188 23 44 56 50 167 55 129 66 53 117 151 73 51 26 164 197 61 21 165 173 3 6 170 54 49 59 199 33 124 187 98 84 195 138 176 2 128 113 174 37 72 46 87 134 34 131 190 109 45 160 22 5 93 126 107 186 116 63 139 94 172 67 0 136 86 89 119 10 130 141 144 100 135 35 158 180 85 133 68 7 42 4 145 58 36 104 80 198 168 60 20 32 184 78 95 74 39 194 175 40 166 30 121 28 149 8 24 182 177 11 155 62 137 76 47 162 31 115 92 25 169 43 27 181 171 57 77 75 179 153 9 82 110 143 12 112 193 125 91 13 156 64 1 191 142 148 69 146 101 96 108 38 118 103 41 106 159
132 196 138 154 140 157 161 120 15 17 123 81 14 192 18 65 90 88 105 55 129 66 53 150 183 185 111 163 102 83 152 127 122 178 147 97 70 26 51 117 151 73 164 197 165 61 21 79 29 16 52 19 114 71 48 189 38 118 108 96 101 146 69 148 142 191 1 64 156 13 91 125 193 112 12 143 110 82 77 57 103 41 106 159 43 169 25 27 181 171 75 179 9 153 92 173 3 115 31 162 155 11 177 62 160 45 109 93 5 22 149 8 182 24 121 28 30 166 40 175 194 39 74 95 78 184 32 20 60 168 198 80 104 36 58 145 4 7 68 42 85 133 180 158 35 135 100 144 141 130 10 119 89 86 136 0 67 172 94 139 63 116 186 107 126 190 131 34 134 87 46 137 76 47 49 199 59 124 187 33 72 37 174 113 128 2 176 195 84 98 170 54 6 44 56 50 167 23 188 99
96 108 38 118 101 148 142 69 146 103 106 41 181 27 43 169 25 29 16 52 19 114 159 189 48 71 127 122 178 147 152 83 102 163 97 79 21 61 165 92 173 3 50 167 55 129 66 53 117 151 73 51 26 164 197 70 111 185 183 150 88 90 65 18 105 192 14 81 123 161 157 140 154 120 15 17 196 132 99 188 23 56 44 6 170 54 115 31 162 47 76 137 49 59 199 33 124 187 98 84 195 138 176 2 128 113 174 37 72 46 87 134 34 131 190 109 45 160 62 155 11 177 182 24 8 149 22 5 93 126 107 186 116 63 139 94 172 67 0 136 86 89 119 10 130 141 144 28 121 30 166 91 125 193 112 12 143 110 9 153 179 75 171 57 77 82 156 13 64 1 191 74 39 194 175 40 100 135 35 158 180 85 133 68 7 42 95 78 184 32 20 4 145 60 168 58 36 104 80 198
4 20 32 184 78 95 42 7 68 133 85 180 158 35 135 100 40 175 194 39 74 191 1 64 142 148 69 146 118 103 106 41 77 57 171 75 179 153 9 82 115 110 156 13 91 125 193 112 143 12 31 162 47 76 137 155 11 177 62 8 149 182 24 166 30 121 28 144 141 130 10 0 67 136 86 119 89 172 94 139 63 116 186 131 190 107 126 93 5 22 109 160 45 34 134 87 46 72 33 49 199 59 124 187 174 37 113 128 2 176 138 195 84 98 170 54 6 44 56 23 188 99 132 196 154 140 157 161 120 15 17 123 81 14 192 18 65 90 88 150 183 185 111 26 51 117 53 66 129 55 105 167 50 3 173 151 73 197 164 70 97 163 102 83 152 147 79 21 61 165 92 25 169 27 181 43 29 16 178 127 122 52 19 114 159 71 48 189 38 108 101 96 80 104 36 58 198 168 60 145
190 131 107 126 172 94 139 63 116 186 34 134 87 46 72 37 174 113 128 2 176 195 84 98 187 124 33 199 59 49 47 76 137 160 62 177 11 155 193 112 143 12 31 162 54 170 6 44 56 23 188 99 132 196 138 154 140 157 161 120 15 17 123 81 14 192 18 65 90 88 150 183 185 111 70 97 163 102 83 152 127 122 178 147 21 61 165 92 151 73 197 164 26 51 117 53 66 129 55 105 167 50 3 173 115 110 82 9 153 179 75 171 57 77 41 106 181 27 43 169 25 79 29 16 52 19 114 159 71 48 189 103 146 69 148 142 191 1 64 156 13 91 125 166 30 24 182 8 149 121 28 100 40 175 194 39 74 78 184 32 20 101 96 108 118 38 80 104 36 58 198 168 60 145 4 7 68 42 95 85 133 180 158 35 135 144 141 130 10 119 89 86 136 0 67 22 5 93 109 45
189 48 71 114 19 52 122 127 178 16 29 79 147 152 83 102 163 97 70 111 185 183 150 88 90 65 18 105 192 14 81 123 161 157 140 154 120 15 17 196 132 99 188 23 44 56 50 167 55 129 66 53 117 151 73 51 26 164 197 61 21 165 173 3 6 170 54 49 59 199 33 124 187 98 84 195 138 176 2 128 113 174 37 72 46 87 134 34 131 190 109 45 160 22 5 93 126 107 186 116 63 139 94 172 67 0 136 86 89 119 10 130 141 144 100 135 35 158 180 85 133 68 7 42 4 145 58 36 104 80 198 168 60 20 32 184 78 95 74 39 194 175 40 166 30 121 28 149 8 24 182 177 11 155 62 137 76 47 162 31 115 92 25 169 43 27 181 171 57 77 75 179 153 9 82 110 143 12 112 193 125 91 13 156 64 1 191 142 148 69 146 101 96 108 38 118 103 41 106 159
52 19 114 43 169 25 27 181 179 153 9 75 171 57 77 82 110 115 12 31 162 54 6 170 47 76 137 155 11 62 177 182 24 121 28 8 149 22 5 93 109 160 45 134 46 87 34 190 131 186 116 63 139 107 126 94 172 67 0 136 86 89 119 10 130 141 144 100 135 35 158 180 85 133 68 7 42 4 145 58 36 104 80 198 168 60 20 32 184 78 95 74 39 194 175 40 166 30 193 112 143 125 91 13 156 64 1 191 142 148 69 146 101 96 108 38 118 103 41 106 159 189 48 71 127 122 178 147 152 83 102 163 97 70 111 185 183 150 88 90 65 18 105 192 14 81 123 161 157 140 154 120 17 15 176 2 128 113 174 37 72 33 49 199 59 124 187 98 84 195 138 196 132 99 188 23 44 56 50 167 55 129 53 66 3 173 92 151 117 73 51 26 164 197 165 61 21 79 29 16
132 196 138 154 140 157 161 120 15 17 123 81 14 192 18 65 90 88 105 55 129 66 53 150 183 185 111 163 102 83 152 127 122 178 147 97 70 26 51 117 151 73 164 197 165 61 21 79 29 16 52 19 114 71 48 189 38 118 108 96 101 146 69 148 142 191 1 64 156 13 91 125 193 112 12 143 110 82 77 57 103 41 106 159 43 169 25 27 181 171 75 179 9 153 92 173 3 115 31 162 155 11 177 62 160 45 109 93 5 22 149 8 182 24 121 28 30 166 40 175 194 39 74 95 78 184 32 20 60 168 198 80 104 36 58 145 4 7 68 42 85 133 180 158 35 135 100 144 141 130 10 119 89 86 136 0 67 172 94 139 63 116 186 107 126 190 131 34 134 87 46 137 76 47 49 199 59 124 187 33 72 37 174 113 128 2 176 195 84 98 170 54 6 44 56 50 167 23 188 99
3 50 167 55 129 66 53 117 151 173 115 110 143 12 112 193 125 91 13 156 82 9 153 179 75 171 57 77 41 106 189 48 71 127 122 178 16 29 52 19 114 159 181 27 43 169 25 92 165 61 21 79 147 152 83 102 163 97 70 164 197 73 51 26 111 185 183 150 88 90 65 18 105 192 14 81 123 161 157 140 154 120 15 17 196 132 99 188 23 56 44 6 170 98 84 195 138 176 2 128 113 37 174 187 124 59 199 49 33 72 46 87 134 34 131 190 109 45 160 8 149 22 5 93 126 107 186 116 63 139 94 172 67 0 136 86 89 119 10 130 141 135 35 158 180 133 85 74 95 78 42 68 7 184 32 20 4 145 60 168 58 36 104 80 198 96 101 108 38 118 103 146 69 148 142 64 1 191 39 194 175 40 100 144 28 121 30 166 24 182 177 11 155 62 137 76 47 162 31 54
62 160 45 109 93 5 22 67 86 136 0 28 121 149 8 182 24 30 166 40 175 194 39 74 95 78 184 32 20 60 168 198 80 104 36 58 145 4 7 68 42 85 133 180 158 35 135 100 144 141 130 10 119 89 172 94 139 63 126 107 116 186 131 190 34 134 87 46 72 37 174 113 128 2 176 138 195 84 98 170 54 6 44 56 23 188 99 132 196 154 140 157 161 120 15 17 123 81 14 192 18 65 90 88 150 183 185 111 70 97 163 102 83 152 127 122 178 147 197 164 26 51 73 151 117 53 66 129 55 105 167 50 3 173 92 165 61 21 79 29 16 52 19 114 43 169 25 27 179 75 77 57 171 181 41 106 103 159 71 48 189 38 118 108 96 101 146 69 148 142 191 1 64 156 13 91 125 193 112 12 143 110 82 9 153 115 31 162 124 187 33 199 59 49 47 76 137 155 11 177
74 95 78 42 184 32 20 60 145 4 7 68 158 35 180 133 85 194 175 40 100 135 144 141 130 10 119 89 94 172 86 136 0 67 126 107 139 63 116 186 131 190 34 134 87 46 72 37 174 113 128 2 176 138 195 84 98 170 54 6 44 56 23 188 99 132 196 154 140 157 161 120 15 17 123 81 14 192 18 65 90 88 150 183 185 111 70 197 164 26 51 73 151 117 53 66 129 55 105 167 50 3 173 115 31 162 124 187 33 199 59 49 47 76 137 155 11 177 62 160 45 109 93 5 22 149 8 182 24 121 28 30 166 91 125 193 112 12 143 110 82 9 153 179 75 171 57 77 41 106 181 27 43 169 25 92 165 61 21 79 147 97 163 102 83 152 127 122 178 16 29 52 19 114 159 71 48 189 103 146 69 118 38 108 80 104 36 58 168 198 96 101 148 142 191 1 64 156 13 39
188 99 192 14 81 123 161 157 140 154 120 15 17 196 132 23 56 44 6 170 54 3 173 115 110 143 12 31 162 47 76 137 49 59 199 33 124 187 98 84 195 138 176 2 128 113 174 37 72 46 87 134 34 131 190 126 107 186 116 63 139 94 172 89 119 10 130 141 144 100 135 35 158 180 85 133 68 7 42 4 145 60 168 198 58 36 104 80 38 118 108 96 101 20 32 184 78 95 74 39 194 175 40 166 30 28 121 24 182 8 149 0 136 86 67 22 5 93 109 45 160 62 177 11 155 193 112 125 91 13 156 64 1 191 142 148 69 146 103 189 48 71 127 122 178 152 83 102 163 97 147 61 165 21 79 29 16 52 19 114 159 106 41 77 57 171 75 82 9 153 179 181 27 43 169 25 92 151 117 73 51 26 164 197 70 111 185 183 150 88 90 65 18 105 55 129 53 66 167 50
104 58 36 80 38 189 48 71 127 122 178 16 29 52 19 114 43 169 25 27 92 173 3 50 167 55 129 66 53 117 151 73 51 26 164 197 165 61 21 79 147 152 83 102 163 97 70 111 185 183 150 88 90 65 18 105 192 14 81 123 161 157 140 154 120 15 17 196 132 99 188 23 56 44 6 170 54 49 59 199 33 124 187 98 84 195 138 176 2 128 113 174 37 72 46 87 134 34 131 190 45 160 109 107 186 116 63 139 94 172 126 93 5 22 67 0 136 86 89 119 10 130 141 144 166 30 121 28 149 8 24 182 177 11 155 62 137 76 47 162 31 12 143 112 193 125 91 13 156 110 115 82 9 153 179 75 77 57 171 181 159 106 41 103 118 108 96 101 146 69 148 142 64 1 191 74 39 194 175 40 100 135 35 158 180 85 133 68 7 42 95 78 184 32 20 4 145 60 168 198
107 126 172 94 139 63 116 186 131 190 34 87 72 46 134 45 109 160 62 137 76 49 59 199 33 124 187 174 37 113 128 2 176 138 195 84 98 170 54 6 44 56 23 188 99 132 196 154 140 157 161 120 15 17 123 81 14 192 18 65 90 88 150 183 185 111 70 97 163 102 83 152 127 122 178 147 197 164 26 51 73 151 117 53 66 129 55 105 167 50 3 173 92 165 61 21 79 29 16 52 19 114 43 169 25 27 179 75 77 57 171 181 41 106 103 159 71 48 189 38 118 108 96 101 146 69 148 142 191 1 64 156 13 91 125 193 112 12 143 110 82 9 153 115 31 162 47 155 11 177 166 40 175 194 39 74 95 78 184 32 20 60 168 198 80 104 36 58 145 4 7 68 42 85 133 180 158 35 135 100 30 24 182 8 149 121 28 144 141 130 10 119 89 86 136 0 67 22 5 93
142 148 101 96 108 80 36 58 104 198 168 60 145 4 20 32 184 78 95 42 7 68 133 85 74 180 158 35 135 100 144 28 121 149 8 182 24 30 166 40 175 194 39 191 1 64 156 13 91 125 193 112 143 12 31 162 47 76 137 155 11 177 62 160 45 109 93 5 22 141 130 10 119 89 86 136 0 67 172 94 139 63 116 186 107 126 190 131 34 134 87 46 72 37 174 113 128 2 176 195 33 49 199 59 124 187 84 98 170 6 54 3 151 73 197 164 26 51 117 53 66 129 55 167 50 56 44 23 188 99 132 196 138 154 140 157 161 120 15 17 123 81 14 192 105 18 65 90 88 150 183 185 111 70 97 163 102 83 152 147 178 127 122 52 19 16 29 79 21 61 165 92 173 115 110 82 9 153 179 75 77 57 171 181 27 25 169 43 114 71 48 189 38 118 159 106 41 103 146 69
77 57 171 75 179 9 153 92 165 61 21 79 147 152 83 102 163 97 70 111 185 183 150 88 90 65 18 192 14 81 123 161 157 140 154 120 15 17 105 55 129 53 117 51 26 164 197 73 151 173 3 66 167 50 56 44 23 188 99 132 196 138 176 2 128 195 98 84 113 37 174 187 124 59 199 49 33 72 46 87 134 34 131 190 109 45 160 22 5 93 126 107 186 116 63 139 94 172 67 0 136 86 89 119 10 130 141 144 100 135 35 158 180 85 133 68 7 42 4 145 58 36 104 80 198 168 60 20 32 184 78 95 74 39 194 175 40 166 30 121 28 149 8 24 182 177 11 155 62 137 76 47 170 6 54 162 31 115 82 110 143 12 112 193 125 91 13 156 64 1 191 142 148 69 146 101 96 108 118 38 189 48 71 127 122 178 16 29 52 19 114 43 169 25 27 181 159 106 41 103
44 56 50 167 55 129 53 66 3 54 6 170 47 76 137 46 87 134 34 131 190 126 107 186 116 63 139 94 172 89 119 10 130 141 144 100 135 35 158 180 85 133 68 7 42 4 145 58 36 104 80 198 168 60 20 32 184 78 95 74 39 194 175 40 166 30 28 121 24 182 8 149 0 136 86 67 22 5 93 109 45 160 62 177 11 155 162 31 12 143 112 193 125 91 13 156 64 1 191 142 148 69 146 101 96 108 118 38 189 48 71 159 103 106 41 171 57 77 82 110 115 173 92 153 9 75 179 181 27 25 169 43 114 19 52 16 29 79 21 61 165 197 73 151 117 51 26 164 70 97 147 178 122 127 152 83 102 163 111 185 183 150 88 90 65 18 105 192 14 81 123 161 157 140 154 120 17 15 176 2 128 113 174 37 72 33 49 199 59 124 187 98 84 195 138 196 132 99 188 23
59 124 187 174 37 113 128 2 176 138 195 84 98 170 54 6 44 56 23 188 99 132 196 154 140 157 161 120 15 17 123 81 14 192 18 65 90 88 150 183 185 111 70 97 163 102 83 152 127 122 178 147 197 164 26 51 73 151 117 53 66 129 55 105 167 50 3 173 92 165 61 21 79 29 16 52 19 114 43 169 25 27 179 75 77 57 171 181 41 106 103 159 71 48 189 38 118 108 96 101 146 69 148 142 191 1 64 156 13 91 125 193 112 12 143 110 82 9 153 115 31 162 47 76 137 155 11 62 160 45 109 93 5 22 67 86 136 0 28 121 149 8 182 177 24 30 166 40 175 194 39 74 95 78 184 32 20 60 168 198 80 104 36 58 145 4 7 68 42 85 133 180 158 35 135 100 144 141 130 10 119 89 172 94 139 63 126 107 116 186 131 190 34 134 87 46 72 33 49 199
179 153 9 75 171 57 77 41 106 103 146 69 148 101 96 108 118 38 80 104 36 58 198 168 60 145 4 7 68 133 180 158 35 135 100 144 121 28 141 130 10 0 67 136 86 119 89 172 94 139 63 116 186 107 126 93 5 22 160 45 109 190 131 34 134 87 46 72 33 49 137 76 155 11 62 177 182 8 149 24 30 166 40 175 194 39 74 85 95 78 42 184 32 20 142 191 1 64 13 156 82 115 110 143 91 125 193 112 12 31 162 47 59 199 124 187 174 37 113 128 2 176 138 195 84 98 170 54 6 44 56 23 188 99 132 196 154 140 157 161 120 15 17 123 81 14 192 18 65 90 88 150 183 185 111 26 51 117 53 66 129 55 105 167 50 3 173 151 73 197 164 70 97 163 102 83 152 147 178 122 127 71 48 189 159 114 19 52 16 29 79 21 61 165 92 25 169 43 27 181
142 148 101 96 108 80 36 58 104 198 168 60 145 4 20 32 184 78 95 42 7 68 133 85 74 180 158 35 135 100 144 28 121 149 8 182 24 30 166 40 175 194 39 191 1 64 156 13 91 125 193 112 143 12 31 162 47 76 137 155 11 177 62 160 45 109 93 5 22 141 130 10 119 89 86 136 0 67 172 94 139 63 116 186 107 126 190 131 34 134 87 46 72 37 174 113 128 2 176 195 33 49 199 59 124 187 84 98 170 6 54 3 151 73 197 164 26 51 117 53 66 129 55 167 50 56 44 23 188 99 132 196 138 154 140 157 161 120 15 17 123 81 14 192 105 18 65 90 88 150 183 185 111 70 97 163 102 83 152 147 178 127 122 52 19 16 29 79 21 61 165 92 173 115 110 82 9 153 179 75 77 57 171 181 27 25 169 43 114 71 48 189 38 118 159 106 41 103 146 69
155 11 177 62 160 45 109 190 131 34 87 46 134 137 76 47 54 6 170 98 84 187 124 59 199 49 33 72 37 174 113 128 2 176 195 138 196 132 154 140 157 161 120 15 17 123 81 14 192 99 188 23 44 56 50 167 66 53 129 55 105 18 65 90 88 150 183 185 111 102 152 83 163 97 147 127 122 178 16 29 52 19 114 159 71 48 189 103 106 41 181 27 43 169 25 79 21 61 165 197 164 70 26 51 73 117 151 92 153 9 179 75 171 57 77 82 110 143 156 13 64 1 191 39 175 40 194 74 95 78 184 32 20 96 101 148 142 69 146 118 38 108 80 104 36 58 198 168 60 145 4 7 68 42 85 133 180 158 35 100 135 130 119 89 172 94 139 63 116 186 107 126 93 5 22 67 86 136 0 10 141 144 28 149 8 182 24 121 30 166 91 125 193 112 12 115 173 3 31 162
157 140 154 138 196 132 98 84 124 59 199 49 33 187 195 176 2 128 113 174 37 72 46 87 134 34 131 190 126 107 186 116 63 139 94 172 89 119 10 130 141 144 100 135 35 158 180 85 133 68 7 42 4 145 58 36 104 80 198 168 60 20 32 184 78 95 74 39 194 175 40 166 30 28 121 24 182 8 149 0 136 86 67 22 5 93 109 45 160 62 177 11 155 137 76 47 162 31 12 143 112 193 125 91 13 156 64 1 191 142 148 69 146 101 96 108 118 38 189 48 71 127 122 178 16 29 52 19 114 43 169 25 27 159 103 106 41 181 171 57 77 75 179 153 9 82 110 115 92 173 3 66 53 117 151 73 51 26 164 197 165 61 21 79 147 152 83 102 163 97 70 111 185 183 150 88 90 65 18 105 55 129 167 50 54 170 6 44 56 23 188 99 192 14 81 123 17 15 120 161
63 139 94 172 93 5 22 67 0 136 86 89 119 10 130 141 144 100 135 35 158 180 85 133 68 7 42 4 145 58 36 104 80 198 168 60 20 32 184 78 95 74 39 194 175 40 166 30 121 28 149 8 182 24 125 91 13 156 64 1 191 142 148 69 146 101 96 108 118 38 189 48 71 127 122 178 16 29 52 19 114 159 103 106 41 57 77 82 110 143 12 112 193 162 31 115 9 153 179 75 171 181 43 169 25 27 92 173 3 50 167 55 129 66 53 117 151 73 51 26 164 197 165 61 21 79 147 152 83 102 163 97 70 111 185 183 150 88 90 65 18 105 192 14 81 123 161 157 140 154 120 15 17 196 132 99 188 23 56 44 6 54 170 98 84 195 138 176 2 128 113 37 174 187 124 33 199 59 49 47 76 137 155 11 177 62 160 45 109 190 131 134 46 72 87 34 186 116 107 126
47 54 170 6 44 56 23 188 99 132 196 138 154 140 157 161 120 15 17 123 81 14 192 18 65 90 88 150 183 185 111 26 51 117 53 66 129 55 105 167 50 3 173 115 31 162 193 112 12 143 110 82 9 153 179 75 171 57 77 41 106 181 27 43 169 25 79 147 21 61 165 92 151 73 197 164 70 97 163 102 83 152 127 122 178 16 29 52 19 114 159 71 48 189 103 146 69 148 142 191 1 64 156 13 91 125 39 194 74 78 184 32 20 101 96 108 118 38 80 104 36 58 198 168 60 145 4 7 68 42 95 85 133 180 158 35 135 100 40 175 166 30 121 28 144 141 130 10 119 89 86 136 0 67 22 5 93 172 94 139 63 116 186 107 126 131 190 109 45 160 149 8 24 182 177 62 11 155 76 137 134 34 87 46 33 72 37 174 113 128 2 176 195 84 98 187 124 59 199 49
18 65 90 88 150 183 185 111 70 97 163 102 83 152 147 127 122 178 16 29 52 19 114 71 48 189 38 118 108 96 101 146 69 148 142 191 1 64 156 13 91 125 193 112 143 12 31 162 54 170 6 3 173 92 153 9 115 110 82 75 179 27 181 171 57 77 103 41 106 159 43 169 25 79 21 61 165 197 164 26 51 73 151 117 53 66 129 55 167 50 56 44 23 188 99 132 196 195 84 98 187 124 33 199 59 49 47 76 137 155 11 62 160 45 109 93 5 22 67 86 136 0 28 121 149 8 182 177 24 30 166 40 175 194 39 74 95 78 184 32 20 60 168 198 80 104 36 58 145 4 7 68 42 85 133 180 158 35 135 100 144 141 130 10 119 89 172 94 139 63 126 107 116 186 131 190 34 134 87 46 72 37 174 113 128 2 176 138 154 140 157 161 120 15 17 123 81 14 192 105
119 10 141 28 121 149 8 109 93 5 22 67 0 136 86 89 172 94 139 63 126 107 116 186 131 190 34 87 72 46 134 45 160 62 137 76 49 59 199 33 124 187 174 37 113 128 2 176 138 195 84 98 170 54 6 44 56 23 188 99 132 196 154 140 157 161 120 15 17 123 81 14 192 18 65 90 88 150 183 185 111 70 97 163 102 83 152 127 122 178 147 197 164 26 51 73 151 117 53 66 129 55 105 167 50 3 173 92 165 61 21 79 29 16 52 19 114 43 169 25 27 179 75 77 57 171 181 41 106 103 159 71 48 189 38 118 108 96 101 146 69 148 142 191 1 64 156 13 91 125 193 112 12 143 110 82 9 153 115 31 162 47 155 11 177 182 24 30 166 40 175 194 39 74 95 78 184 32 20 60 168 198 80 104 36 58 145 4 7 68 42 85 133 180 158 35 135 100 144 130
149 8 182 177 11 155 47 76 137 62 160 45 109 22 141 130 10 0 67 136 86 119 89 94 172 5 93 126 107 139 63 116 186 131 190 34 134 87 46 49 59 199 33 124 187 72 37 174 113 128 2 176 138 195 84 98 170 54 6 44 56 23 188 99 132 196 17 15 120 154 140 157 161 123 81 14 192 105 18 65 90 88 150 183 185 111 70 97 163 102 83 152 147 79 21 61 165 197 164 26 51 73 151 117 53 66 129 55 167 50 3 173 92 27 25 169 43 181 171 75 179 153 9 115 31 162 193 112 12 143 110 82 77 57 41 106 103 159 114 19 52 29 16 178 122 127 71 48 189 38 118 108 96 101 146 69 148 142 191 1 64 156 13 91 125 166 40 175 39 194 180 133 85 74 95 78 184 32 20 60 168 198 80 104 36 58 145 4 42 7 68 158 35 135 100 144 28 121 30 24
53 66 129 55 167 50 56 44 23 188 99 132 196 138 154 140 157 161 120 15 17 123 81 14 192 105 18 65 90 88 150 183 185 111 70 26 164 197 165 61 21 79 147 97 163 102 83 152 127 122 178 16 29 52 19 114 71 48 189 38 108 101 96 80 36 58 104 198 168 60 145 4 20 32 184 7 68 42 78 95 74 85 133 180 158 35 135 141 149 8 160 45 109 93 5 22 67 86 136 0 10 130 119 89 172 94 139 63 116 186 107 126 190 131 34 134 87 46 49 199 59 124 187 33 72 37 174 113 128 2 176 195 84 98 170 6 54 31 162 47 76 137 155 11 62 177 182 24 166 30 121 28 144 100 40 175 194 39 1 64 191 142 148 69 146 118 103 159 43 169 25 92 27 181 106 41 77 57 171 75 179 153 9 82 156 13 91 125 193 112 12 143 110 115 173 3 151 73 51 117
134 34 190 131 186 116 63 94 172 139 107 126 93 5 22 67 0 136 86 89 119 10 130 141 144 100 135 35 158 180 133 68 7 4 145 60 168 198 58 36 104 80 38 118 108 96 101 148 69 146 103 189 48 71 127 122 178 152 83 102 163 97 147 21 61 165 79 29 16 52 19 114 159 43 169 25 27 181 106 41 77 57 171 75 179 153 9 82 110 143 125 91 13 156 64 1 191 142 20 32 184 42 78 95 85 74 39 194 175 40 166 30 28 121 24 182 8 149 109 45 160 62 177 11 155 193 112 31 12 115 92 173 3 50 167 55 129 66 53 117 151 73 51 26 164 197 70 111 185 183 150 88 90 65 18 105 192 14 81 123 161 157 140 154 120 15 17 196 132 99 188 23 56 44 6 170 54 162 47 76 137 49 59 199 33 124 187 98 84 195 138 176 2 128 113 174 37 72 46 87
73 51 26 164 70 111 185 183 150 88 90 65 18 105 192 14 81 123 161 157 140 154 120 17 15 176 2 128 113 37 174 187 124 59 199 49 33 72 46 87 134 34 131 190 109 45 160 22 5 93 126 107 186 116 63 139 94 172 67 0 136 86 89 119 10 130 141 144 100 135 35 158 180 85 133 68 7 42 4 145 58 36 104 80 198 168 60 20 32 184 78 95 74 39 194 175 40 166 30 121 28 149 8 24 182 177 11 155 62 137 76 47 162 31 54 6 170 98 84 195 138 196 132 99 188 23 44 56 50 167 55 129 66 53 117 151 3 173 115 110 143 12 112 193 125 91 82 156 13 64 1 191 142 148 69 146 101 96 108 118 38 189 48 71 127 122 178 147 152 83 102 163 97 61 21 79 29 16 52 19 114 43 169 25 27 181 159 103 106 41 77 57 171 75 179 9 153 92 165 197
27 169 25 92 173 115 31 162 54 6 170 98 84 195 176 2 128 113 174 37 72 46 87 34 134 49 59 199 33 187 124 47 76 137 155 11 62 160 45 109 190 131 186 116 63 139 94 172 126 107 93 5 22 67 0 136 86 89 119 10 130 141 144 28 121 149 8 182 177 24 30 166 39 194 175 40 100 135 35 158 180 133 68 7 42 85 74 95 78 184 32 20 4 145 60 168 198 58 36 104 80 108 118 38 189 48 71 127 122 178 147 152 83 102 163 97 70 111 185 183 150 88 90 65 18 105 192 14 81 123 17 15 120 161 157 140 154 138 196 132 99 188 23 44 56 50 167 55 129 53 66 3 151 117 73 51 26 164 197 165 61 21 79 29 16 52 19 114 43 159 106 41 103 146 69 101 96 148 142 191 1 64 156 13 91 125 193 112 12 143 110 82 9 153 75 77 57 171 181 179
114 19 52 122 127 178 16 29 79 25 169 43 159 103 106 41 181 27 179 153 9 75 171 57 77 82 110 115 173 3 50 167 55 129 66 53 117 151 73 51 26 164 197 92 165 61 21 147 152 83 102 163 97 70 111 185 183 150 88 90 65 18 105 192 14 81 123 17 15 120 161 157 140 154 138 176 2 128 113 174 37 72 33 199 59 49 46 87 134 34 190 131 186 116 107 126 63 139 94 172 89 119 10 130 141 144 100 135 35 158 180 133 85 42 68 7 4 145 58 36 104 80 198 168 60 20 32 184 78 95 74 39 194 175 40 166 30 24 177 182 8 149 121 28 0 136 86 67 22 5 93 109 45 160 62 11 155 137 76 47 124 187 98 84 195 196 132 99 188 23 56 44 6 170 54 162 31 12 143 112 193 125 91 13 156 64 1 191 142 148 69 146 101 96 108 118 38 189 48 71
9 82 110 115 173 3 50 167 55 129 66 53 117 151 73 51 26 164 197 70 111 185 183 150 88 90 65 18 105 192 14 81 123 161 157 140 154 120 15 17 196 132 99 188 23 56 44 6 170 54 162 31 12 143 112 193 125 91 175 40 166 30 24 182 8 149 121 28 22 5 93 109 45 160 62 177 11 155 137 76 47 49 59 199 33 124 187 98 84 195 138 176 2 128 113 174 37 72 46 87 134 34 190 131 186 116 63 139 107 126 94 172 67 0 136 86 89 119 10 130 141 144 100 135 35 158 68 7 42 4 145 60 168 198 58 36 104 80 38 118 108 96 101 20 32 184 78 95 74 85 133 180 194 39 13 156 64 1 191 142 148 69 146 103 189 48 71 127 122 178 147 152 83 102 163 97 79 21 61 165 92 153 179 27 43 169 25 29 16 52 19 114 159 181 106 41 77 57 171 75
76 137 62 177 11 155 193 112 12 143 110 82 9 153 179 75 171 57 77 41 106 181 27 43 169 25 92 165 61 21 79 147 97 163 102 83 152 127 122 178 16 29 52 19 114 159 71 48 189 103 146 69 148 142 191 1 64 156 13 91 125 166 40 175 194 39 74 78 184 32 20 101 96 108 118 38 80 104 36 58 198 168 60 145 4 7 68 42 95 85 133 180 158 35 135 100 144 28 121 30 24 182 8 149 160 45 109 22 141 130 10 0 67 136 86 119 89 94 172 5 93 126 107 139 63 116 186 131 190 34 134 87 46 72 37 174 113 128 2 176 195 84 98 187 124 33 199 59 49 47 54 170 6 44 56 23 188 99 132 196 138 154 140 157 161 120 15 17 123 81 14 192 18 65 90 88 150 183 185 111 70 197 164 26 51 73 151 117 53 66 129 55 105 167 50 3 173 115 31 162
93 5 22 67 0 136 86 89 119 10 130 141 28 121 30 24 182 8 149 160 137 76 62 177 11 155 193 112 12 143 110 82 9 153 179 75 171 57 77 41 106 181 27 43 169 25 92 165 61 21 79 29 16 52 19 114 159 103 146 69 148 142 191 1 64 156 13 91 125 166 175 39 78 95 74 194 40 100 144 135 35 158 180 85 133 68 7 42 184 32 20 4 145 60 168 198 58 36 104 80 96 101 108 118 38 189 48 71 127 122 178 147 152 83 102 163 97 70 111 185 183 150 88 90 65 18 192 14 81 123 161 157 140 154 120 15 17 196 132 188 99 105 167 50 23 56 44 6 170 54 3 66 55 129 53 117 51 26 164 197 73 151 173 115 31 162 47 49 59 199 33 124 187 98 84 195 138 176 2 128 113 174 37 72 46 87 134 34 186 116 63 139 94 172 126 107 131 190 45 109
183 150 88 90 65 18 105 192 14 81 123 161 157 140 154 120 15 17 196 132 99 188 23 56 44 6 170 98 84 195 138 176 2 128 113 37 174 187 124 59 199 49 33 72 46 87 134 34 131 190 109 45 160 22 5 93 126 107 186 116 63 139 94 172 67 0 136 86 89 119 10 130 141 144 100 135 35 158 180 85 133 68 7 42 4 145 58 36 104 80 198 168 60 20 32 184 78 95 74 39 194 175 40 166 30 121 28 149 8 24 182 177 11 155 62 137 76 47 54 162 31 12 143 112 193 125 91 13 156 64 1 191 142 148 69 146 101 96 108 118 38 189 48 71 114 19 52 122 127 178 16 29 79 21 147 152 83 102 163 97 61 165 197 92 153 9 75 179 181 27 25 169 43 159 103 106 41 171 57 77 82 110 115 173 3 66 50 167 55 129 53 117 151 73 51 26 164 70 111 185
166 40 175 194 39 74 78 184 32 20 60 168 198 80 104 36 58 145 4 7 68 42 95 85 133 180 158 35 135 100 30 121 28 144 141 149 8 109 93 5 22 67 86 136 0 10 130 119 89 172 94 139 63 126 107 116 186 131 190 34 87 72 46 134 45 160 62 137 76 49 59 199 33 124 187 174 37 113 128 2 176 138 195 84 98 170 54 6 44 56 23 188 99 132 196 154 140 157 161 120 15 17 123 81 14 192 18 65 90 88 150 183 185 111 70 97 163 102 83 152 127 122 178 147 197 164 26 51 73 151 117 53 66 129 55 105 167 50 3 173 92 165 61 21 79 29 16 52 19 114 43 169 25 27 179 75 77 57 171 181 41 106 103 159 71 48 189 38 118 108 96 101 146 69 148 142 191 1 64 156 13 91 125 193 112 12 143 110 82 9 153 115 31 162 47 155 11 177 182 24
169 25 92 165 61 197 164 26 51 73 151 117 53 66 129 55 167 50 3 173 115 31 162 54 170 6 44 56 23 188 99 132 196 195 84 98 187 124 33 199 59 49 47 76 137 155 11 62 160 45 109 93 5 22 67 86 136 0 28 121 149 8 182 177 24 30 166 40 175 194 39 74 95 78 184 32 20 60 168 198 80 104 36 58 145 4 7 68 42 85 133 180 158 35 135 100 144 141 130 10 119 89 172 94 139 63 126 107 116 186 131 190 34 134 87 46 72 37 174 113 128 2 176 138 154 140 157 161 120 15 17 123 81 14 192 105 18 65 90 88 150 183 185 111 70 97 163 102 83 152 147 178 127 122 52 19 71 48 189 38 118 108 96 101 146 69 148 142 191 1 64 156 13 91 125 193 112 12 143 110 82 9 153 179 75 77 57 171 181 27 43 106 41 103 159 114 29 16 79 21
144 135 35 158 180 133 68 7 4 145 60 168 198 58 36 104 80 108 38 118 103 106 41 181 27 43 169 25 29 16 52 19 114 159 189 48 71 127 122 178 147 152 83 102 163 97 79 21 61 165 92 153 9 179 75 171 57 77 82 115 173 3 50 167 55 129 66 53 117 151 73 51 26 164 197 70 111 185 183 150 88 90 65 18 105 192 14 81 123 161 157 140 154 120 15 17 196 132 99 188 23 56 44 6 54 31 162 170 98 84 195 138 176 2 128 113 37 174 187 124 47 49 59 199 33 72 46 87 134 34 186 116 63 139 94 172 126 107 131 190 45 137 76 155 11 62 177 182 24 8 149 160 109 93 5 22 67 0 136 86 89 119 10 130 141 28 121 30 166 91 125 193 112 12 143 110 156 13 64 1 191 69 146 96 101 148 142 20 32 184 78 95 42 85 74 39 194 175 40 100
77 57 171 75 179 9 153 92 165 61 21 79 147 152 83 102 163 97 70 111 185 183 150 88 90 65 18 192 14 81 123 161 157 140 154 120 15 17 105 55 129 53 117 51 26 164 197 73 151 173 3 66 167 50 56 44 23 188 99 132 196 138 176 2 128 195 98 84 113 37 174 187 124 59 199 49 33 72 46 87 134 34 131 190 109 45 160 22 5 93 126 107 186 116 63 139 94 172 67 0 136 86 89 119 10 130 141 144 100 135 35 158 180 85 133 68 7 42 4 145 58 36 104 80 198 168 60 20 32 184 78 95 74 39 194 175 40 166 30 121 28 149 8 24 182 177 11 155 62 137 76 47 170 6 54 162 31 115 82 110 143 12 112 193 125 91 13 156 64 1 191 142 148 69 146 101 96 108 118 38 189 48 71 127 122 178 16 29 52 19 114 43 169 25 27 181 159 106 41 103
105 18 65 90 88 150 183 185 111 70 26 164 197 165 61 21 79 147 97 163 102 83 152 127 122 178 16 29 52 19 114 71 48 189 38 118 108 96 101 146 69 148 142 191 1 64 156 13 91 125 193 112 12 143 110 82 77 57 103 41 106 159 43 169 25 27 181 171 75 179 9 153 92 115 31 162 54 6 170 98 84 187 124 33 199 59 49 47 76 137 155 11 62 160 45 109 93 5 22 67 86 136 0 28 121 149 8 182 177 24 30 166 40 175 194 39 74 95 78 184 32 20 60 168 198 80 104 36 58 145 4 7 68 42 85 133 180 158 35 135 100 144 141 130 10 119 89 172 94 139 63 126 107 116 186 131 190 34 134 87 46 72 37 174 113 128 2 176 195 138 196 132 17 15 120 154 140 157 161 123 81 14 192 99 188 23 44 56 50 167 66 3 173 151 73 51 117 53 129 55
132 196 138 154 140 157 161 120 15 17 123 81 14 192 18 65 90 88 105 55 129 66 53 150 183 185 111 163 102 83 152 127 122 178 147 97 70 26 51 117 151 73 164 197 165 61 21 79 29 16 52 19 114 71 48 189 38 118 108 96 101 146 69 148 142 191 1 64 156 13 91 125 193 112 12 143 110 82 77 57 103 41 106 159 43 169 25 27 181 171 75 179 9 153 92 173 3 115 31 162 155 11 177 62 160 45 109 93 5 22 149 8 182 24 121 28 30 166 40 175 194 39 74 95 78 184 32 20 60 168 198 80 104 36 58 145 4 7 68 42 85 133 180 158 35 135 100 144 141 130 10 119 89 86 136 0 67 172 94 139 63 116 186 107 126 190 131 34 134 87 46 137 76 47 49 199 59 124 187 33 72 37 174 113 128 2 176 195 84 98 170 54 6 44 56 50 167 23 188 99
148 142 64 1 191 39 194 175 40 166 30 24 182 8 149 121 28 144 100 135 35 158 180 74 85 133 68 7 42 95 78 184 32 20 4 145 60 168 58 36 104 80 198 96 101 108 118 38 189 48 71 127 122 178 16 29 52 19 114 43 169 25 27 92 173 3 54 6 170 98 84 195 196 132 99 188 23 44 56 50 167 55 129 66 53 117 151 73 51 26 164 197 165 61 21 79 147 152 83 102 163 97 70 111 185 183 150 88 90 65 18 105 192 14 81 123 17 15 120 161 157 140 154 138 176 2 128 113 37 174 187 124 59 199 49 33 72 46 87 134 34 131 190 126 107 186 116 63 139 94 172 67 0 136 86 89 119 10 130 141 22 5 93 109 45 160 62 177 11 155 137 76 47 162 31 12 143 112 193 125 91 13 156 110 115 82 9 153 179 75 77 57 171 181 159 106 41 103 146 69
8 149 109 45 160 62 177 11 155 137 76 162 31 12 143 112 193 125 91 13 156 64 1 191 142 148 69 146 101 96 108 118 38 189 48 71 127 122 178 16 29 52 19 114 159 103 106 41 57 77 82 110 115 9 153 179 75 171 181 43 169 25 27 92 173 3 50 167 55 129 66 53 117 151 73 51 26 164 197 165 61 21 79 147 152 83 102 163 97 70 111 185 183 150 88 90 65 18 105 192 14 81 123 161 157 140 154 120 15 17 196 132 99 188 23 56 44 6 54 170 98 84 195 138 176 2 128 113 37 174 187 124 47 49 59 199 33 72 46 87 134 34 190 131 186 116 63 94 172 139 107 126 93 5 22 67 0 136 86 89 119 10 130 141 28 144 135 35 158 68 7 42 4 145 58 36 104 80 198 168 60 20 32 184 78 95 74 85 133 180 194 39 175 40 100 166 30 121 24 182
122 127 178 16 29 79 147 152 83 102 163 97 21 61 165 197 164 70 111 185 26 51 73 117 151 173 3 66 53 183 150 88 90 65 18 192 14 81 123 161 157 140 154 120 15 17 105 55 129 167 50 56 44 23 188 99 132 196 138 176 2 128 195 98 84 113 37 174 187 124 59 199 49 33 72 46 87 134 34 131 190 109 45 160 22 5 93 126 107 186 116 63 139 94 172 67 0 136 86 89 119 10 130 141 144 100 135 35 158 180 85 133 68 7 42 4 145 58 36 104 80 198 168 60 20 32 184 78 95 74 39 194 175 40 166 30 121 28 149 8 24 182 177 11 155 62 137 76 47 170 6 54 162 31 115 92 25 169 43 159 103 106 41 181 27 171 57 77 75 179 153 9 82 110 143 12 112 193 125 91 13 156 64 1 191 142 148 69 146 101 96 108 118 38 189 48 71 114 19 52
164 26 51 73 197 165 92 153 9 179 75 77 57 171 181 27 25 169 43 159 106 41 103 48 71 189 38 118 108 96 101 146 69 148 142 191 1 64 156 13 91 125 193 112 12 143 110 82 115 173 151 117 53 3 66 129 55 167 50 56 44 23 188 99 132 196 195 84 98 187 124 33 199 59 49 47 170 6 54 31 162 76 137 155 11 62 160 45 109 93 5 22 67 86 136 0 28 121 149 8 182 177 24 30 166 40 175 194 39 74 95 78 184 32 20 60 168 198 80 104 36 58 145 4 7 68 42 85 133 180 158 35 135 100 144 141 130 10 119 89 172 94 139 63 126 107 116 186 131 190 34 134 87 46 72 37 174 113 128 2 176 138 154 140 157 161 120 15 17 123 81 14 192 105 18 65 90 88 150 183 185 111 70 163 102 97 147 83 152 127 122 178 52 19 114 29 16 79 21 61
157 140 154 138 196 132 98 84 124 59 199 49 33 187 195 176 2 128 113 174 37 72 46 87 134 34 131 190 126 107 186 116 63 139 94 172 89 119 10 130 141 144 100 135 35 158 180 85 133 68 7 42 4 145 58 36 104 80 198 168 60 20 32 184 78 95 74 39 194 175 40 166 30 28 121 24 182 8 149 0 136 86 67 22 5 93 109 45 160 62 177 11 155 137 76 47 162 31 12 143 112 193 125 91 13 156 64 1 191 142 148 69 146 101 96 108 118 38 189 48 71 127 122 178 16 29 52 19 114 43 169 25 27 159 103 106 41 181 171 57 77 75 179 153 9 82 110 115 92 173 3 66 53 117 151 73 51 26 164 197 165 61 21 79 147 152 83 102 163 97 70 111 185 183 150 88 90 65 18 105 55 129 167 50 54 170 6 44 56 23 188 99 192 14 81 123 17 15 120 161
59 124 187 174 37 113 128 2 176 138 195 84 98 170 54 6 44 56 23 188 99 132 196 154 140 157 161 120 15 17 123 81 14 192 18 65 90 88 150 183 185 111 70 97 163 102 83 152 127 122 178 147 197 164 26 51 73 151 117 53 66 129 55 105 167 50 3 173 92 165 61 21 79 29 16 52 19 114 43 169 25 27 179 75 77 57 171 181 41 106 103 159 71 48 189 38 118 108 96 101 146 69 148 142 191 1 64 156 13 91 125 193 112 12 143 110 82 9 153 115 31 162 47 76 137 155 11 62 160 45 109 93 5 22 67 86 136 0 28 121 149 8 182 177 24 30 166 40 175 194 39 74 95 78 184 32 20 60 168 198 80 104 36 58 145 4 7 68 42 85 133 180 158 35 135 100 144 141 130 10 119 89 172 94 139 63 126 107 116 186 131 190 34 134 87 46 72 33 49 199
55 129 66 53 117 151 73 51 26 164 197 61 165 92 153 9 82 110 115 173 3 44 56 23 188 99 132 196 138 176 2 128 195 113 174 37 72 46 87 134 34 131 190 109 45 160 22 5 93 126 107 186 116 63 139 94 172 67 0 136 86 89 119 10 130 141 144 100 135 35 158 180 85 133 68 7 42 4 145 58 36 104 80 198 168 60 20 32 184 78 95 74 39 194 175 40 166 30 121 28 149 8 24 182 177 11 155 62 137 76 47 49 59 199 33 124 187 84 98 170 6 54 162 31 12 143 112 193 125 91 13 156 64 1 191 142 148 69 146 101 96 108 118 38 189 48 71 159 106 41 103 77 57 171 75 179 181 27 25 169 43 114 19 52 122 127 178 16 29 79 21 147 152 83 102 163 97 70 111 185 183 150 88 90 65 18 192 14 81 161 157 140 154 15 17 120 123 105 50 167
84 98 187 124 59 199 49 33 72 37 174 113 128 2 176 154 140 157 161 120 15 17 123 81 14 192 18 65 90 88 150 183 185 111 70 97 163 102 83 152 147 79 21 61 165 197 164 26 51 73 117 151 92 153 179 171 57 77 75 9 82 110 143 112 193 125 91 13 156 64 1 191 142 148 69 146 103 106 41 181 27 43 169 25 29 16 178 127 122 52 19 114 159 71 48 189 38 118 108 101 96 80 36 58 104 198 168 60 145 4 20 32 184 78 95 42 7 68 133 85 180 158 35 135 100 74 39 194 175 40 166 30 24 182 8 149 121 28 144 141 130 10 119 89 86 136 0 67 22 5 93 107 126 172 94 139 63 116 186 34 87 46 134 131 190 109 45 160 62 177 11 155 137 76 47 162 31 12 115 173 3 54 170 6 66 53 129 55 105 167 50 56 44 23 188 99 132 196 138 195
131 190 107 126 86 136 0 67 22 5 93 109 45 160 62 137 76 49 59 199 33 124 187 174 37 113 128 2 176 138 195 84 98 170 54 6 44 56 23 188 99 132 196 154 140 157 161 120 15 17 123 81 14 192 18 65 90 88 150 183 185 111 70 97 163 102 83 152 127 122 178 147 197 164 26 51 73 151 117 53 66 129 55 105 167 50 3 173 92 165 61 21 79 29 16 52 19 114 43 169 25 27 179 75 77 57 171 181 41 106 103 159 71 48 189 38 118 108 96 101 146 69 148 142 191 1 64 156 13 91 125 193 112 12 143 110 82 9 153 115 31 162 47 155 11 177 182 24 8 149 28 121 30 166 40 175 194 39 74 95 78 184 32 20 60 168 198 80 104 36 58 145 4 7 68 42 85 133 180 158 35 135 100 144 141 130 10 119 89 172 94 139 63 116 186 34 87 72 46 134
158 180 85 133 68 7 42 184 32 20 4 145 60 168 198 58 36 104 80 108 118 38 189 48 71 127 122 178 147 152 83 102 163 97 79 21 61 165 92 153 9 179 75 171 57 77 41 106 181 27 43 169 25 29 16 52 19 114 159 103 146 69 101 96 148 142 64 1 191 78 95 74 39 194 175 40 166 91 125 193 155 11 177 62 137 76 47 124 187 98 84 195 138 196 132 188 99 105 55 129 167 50 23 56 44 6 170 54 162 31 12 112 143 110 13 156 82 115 173 3 66 53 117 151 73 51 26 164 197 70 111 185 183 150 88 90 65 18 192 14 81 123 161 157 140 154 120 17 15 176 2 128 113 174 37 72 33 199 59 49 46 87 134 34 190 131 186 116 107 126 63 139 94 172 89 119 86 136 0 67 22 5 93 109 45 160 149 8 182 24 30 121 28 141 10 130 144 100 135 35
115 110 143 12 31 162 47 76 137 62 177 11 155 193 112 125 91 13 156 82 75 171 57 77 41 106 103 146 69 148 142 64 1 191 78 184 32 20 101 96 108 118 38 80 104 36 58 198 168 60 145 4 7 68 42 95 74 85 133 180 158 35 135 141 28 121 144 100 40 175 194 39 166 30 24 182 8 149 160 45 109 93 5 22 67 86 136 0 10 130 119 89 172 94 139 63 116 186 107 126 190 131 34 134 87 46 72 33 49 199 59 124 187 174 37 113 128 2 176 138 195 84 98 170 54 6 44 56 23 188 99 132 196 154 140 157 161 120 15 17 123 81 14 192 18 65 90 88 150 183 185 111 26 51 117 53 66 129 55 105 167 50 3 173 151 73 197 164 70 97 163 102 83 152 147 178 122 127 71 48 189 159 114 19 52 16 29 79 21 61 165 92 25 169 43 27 181 179 153 9
76 137 62 177 11 155 193 112 12 143 110 82 9 153 179 75 171 57 77 41 106 181 27 43 169 25 92 165 61 21 79 147 97 163 102 83 152 127 122 178 16 29 52 19 114 159 71 48 189 103 146 69 148 142 191 1 64 156 13 91 125 166 40 175 194 39 74 78 184 32 20 101 96 108 118 38 80 104 36 58 198 168 60 145 4 7 68 42 95 85 133 180 158 35 135 100 144 28 121 30 24 182 8 149 160 45 109 22 141 130 10 0 67 136 86 119 89 94 172 5 93 126 107 139 63 116 186 131 190 34 134 87 46 72 37 174 113 128 2 176 195 84 98 187 124 33 199 59 49 47 54 170 6 44 56 23 188 99 132 196 138 154 140 157 161 120 15 17 123 81 14 192 18 65 90 88 150 183 185 111 70 197 164 26 51 73 151 117 53 66 129 55 105 167 50 3 173 115 31 162
140 154 138 196 132 99 188 23 56 44 6 170 98 84 124 59 199 49 33 187 195 176 2 128 113 174 37 72 46 87 134 34 131 190 126 107 186 116 63 139 94 172 89 119 10 130 141 144 100 135 35 158 180 85 133 68 7 42 4 145 58 36 104 80 198 168 60 20 32 184 78 95 74 39 194 175 40 166 30 28 121 24 182 8 149 0 136 86 67 22 5 93 109 45 160 62 177 11 155 137 76 47 54 162 31 12 143 112 193 125 91 13 156 64 1 191 142 148 69 146 101 96 108 118 38 189 48 71 127 122 178 16 29 52 19 114 43 169 25 27 159 103 106 41 181 171 57 77 75 179 153 9 82 110 115 92 173 3 50 167 55 129 66 53 117 151 73 51 26 164 197 165 61 21 79 147 152 83 102 163 97 70 111 185 183 150 88 90 65 18 105 192 14 81 123 17 15 120 161 157
135 100 40 175 194 39 74 78 95 85 180 35 158 133 68 7 42 184 32 20 4 145 60 168 198 58 36 104 80 108 38 118 96 101 146 69 148 142 191 1 64 13 156 82 110 115 173 3 50 167 55 129 66 53 117 151 73 51 26 164 197 61 165 92 153 9 179 75 171 57 77 41 106 181 27 43 169 25 21 79 29 16 52 19 114 159 103 189 48 71 127 122 178 147 152 83 102 163 97 70 111 185 183 150 88 90 65 18 105 192 14 81 123 161 157 140 154 120 15 17 196 132 99 188 23 56 44 6 170 54 162 31 12 143 112 193 125 91 166 30 28 121 24 182 8 149 109 45 160 62 177 11 155 137 76 47 49 59 199 33 124 187 98 84 195 138 176 2 128 113 174 37 72 46 87 134 34 190 131 186 116 63 94 172 139 107 126 93 5 22 67 0 136 86 89 119 10 130 141 144
185 183 150 88 90 65 18 105 192 14 81 123 161 157 140 154 120 15 17 196 132 99 188 23 56 44 6 170 98 84 195 138 176 2 128 113 37 174 187 124 59 199 49 33 72 46 87 134 34 131 190 109 45 160 22 5 93 126 107 186 116 63 139 94 172 67 0 136 86 89 119 10 130 141 144 100 135 35 158 180 85 133 68 7 42 4 145 58 36 104 80 198 168 60 20 32 184 78 95 74 39 194 175 40 166 30 121 28 149 8 24 182 177 11 155 62 137 76 47 54 162 31 12 143 112 193 125 91 13 156 64 1 191 142 148 69 146 101 96 108 118 38 189 48 71 114 19 52 122 127 178 16 29 79 21 147 152 83 102 163 97 61 165 197 92 153 9 75 179 181 27 25 169 43 159 103 106 41 171 57 77 82 110 115 173 3 66 50 167 55 129 53 117 151 73 51 26 164 70 111
189 48 71 114 19 52 122 127 178 16 29 79 147 152 83 102 163 97 70 111 185 183 150 88 90 65 18 105 192 14 81 123 161 157 140 154 120 15 17 196 132 99 188 23 44 56 50 167 55 129 66 53 117 151 73 51 26 164 197 61 21 165 173 3 6 170 54 49 59 199 33 124 187 98 84 195 138 176 2 128 113 174 37 72 46 87 134 34 131 190 109 45 160 22 5 93 126 107 186 116 63 139 94 172 67 0 136 86 89 119 10 130 141 144 100 135 35 158 180 85 133 68 7 42 4 145 58 36 104 80 198 168 60 20 32 184 78 95 74 39 194 175 40 166 30 121 28 149 8 24 182 177 11 155 62 137 76 47 162 31 115 92 25 169 43 27 181 171 57 77 75 179 153 9 82 110 143 12 112 193 125 91 13 156 64 1 191 142 148 69 146 101 96 108 38 118 103 41 106 159
38 118 101 148 142 69 146 103 41 106 159 189 48 71 127 122 178 16 29 52 19 114 43 169 25 27 181 179 153 9 75 171 57 77 82 110 115 92 173 3 50 167 55 129 66 53 117 151 73 51 26 164 197 165 61 21 79 147 152 83 102 163 97 70 111 185 183 150 88 90 65 18 105 192 14 81 123 161 157 140 154 120 15 17 196 132 99 188 23 56 44 6 54 170 98 84 195 138 176 2 128 113 174 37 72 187 124 33 199 59 49 46 87 134 34 186 116 63 139 94 172 126 107 131 190 109 93 5 22 67 0 136 86 89 119 10 130 141 144 28 121 30 166 155 11 62 177 182 24 8 149 160 45 137 76 47 162 31 12 143 112 193 125 91 13 156 64 1 191 39 194 175 40 100 135 35 158 180 133 68 7 42 85 74 95 78 184 32 20 4 145 60 168 198 58 36 104 80 96 108
132 196 138 154 140 157 161 120 15 17 123 81 14 192 18 65 90 88 105 55 129 66 53 150 183 185 111 163 102 83 152 127 122 178 147 97 70 26 51 117 151 73 164 197 165 61 21 79 29 16 52 19 114 71 48 189 38 118 108 96 101 146 69 148 142 191 1 64 156 13 91 125 193 112 12 143 110 82 77 57 103 41 106 159 43 169 25 27 181 171 75 179 9 153 92 173 3 115 31 162 155 11 177 62 160 45 109 93 5 22 149 8 182 24 121 28 30 166 40 175 194 39 74 95 78 184 32 20 60 168 198 80 104 36 58 145 4 7 68 42 85 133 180 158 35 135 100 144 141 130 10 119 89 86 136 0 67 172 94 139 63 116 186 107 126 190 131 34 134 87 46 137 76 47 49 199 59 124 187 33 72 37 174 113 128 2 176 195 84 98 170 54 6 44 56 50 167 23 188 99
103 106 41 181 171 57 77 75 82 110 143 12 112 193 125 91 13 156 64 1 191 142 148 69 146 101 96 108 118 38 189 48 71 127 122 178 16 29 52 19 114 43 169 25 92 165 61 21 79 147 152 83 102 163 97 70 111 185 183 150 88 90 65 18 192 14 81 123 161 157 140 154 120 15 17 105 55 129 53 117 51 26 164 197 73 151 173 3 66 167 50 56 44 23 188 99 132 196 138 176 2 128 195 98 84 113 37 174 187 124 59 199 49 33 72 46 87 134 34 131 190 109 45 160 22 5 93 126 107 186 116 63 139 94 172 67 0 136 86 89 119 10 130 141 144 100 135 35 158 180 85 133 68 7 42 4 145 58 36 104 80 198 168 60 20 32 184 78 95 74 39 194 175 40 166 30 121 28 149 8 24 182 177 11 155 62 137 76 47 170 6 54 162 31 115 9 153 179 27 159
105 18 65 90 88 150 183 185 111 70 26 164 197 165 61 21 79 147 97 163 102 83 152 127 122 178 16 29 52 19 114 71 48 189 38 118 108 96 101 146 69 148 142 191 1 64 156 13 91 125 193 112 12 143 110 82 77 57 103 41 106 159 43 169 25 27 181 171 75 179 9 153 92 115 31 162 54 6 170 98 84 187 124 33 199 59 49 47 76 137 155 11 62 160 45 109 93 5 22 67 86 136 0 28 121 149 8 182 177 24 30 166 40 175 194 39 74 95 78 184 32 20 60 168 198 80 104 36 58 145 4 7 68 42 85 133 180 158 35 135 100 144 141 130 10 119 89 172 94 139 63 126 107 116 186 131 190 34 134 87 46 72 37 174 113 128 2 176 195 138 196 132 17 15 120 154 140 157 161 123 81 14 192 99 188 23 44 56 50 167 66 3 173 151 73 51 117 53 129 55
191 142 148 69 146 103 41 106 159 181 171 57 77 75 9 153 179 27 25 169 43 114 19 52 29 16 178 122 127 71 48 189 38 118 108 101 96 80 36 58 104 198 168 60 145 4 20 32 184 78 95 42 7 68 133 85 74 180 158 35 135 100 144 28 121 149 8 182 24 30 166 40 175 194 39 91 125 193 112 143 12 31 162 47 76 137 155 11 177 62 160 45 109 93 5 22 141 130 10 119 89 86 136 0 67 172 94 139 63 116 186 107 126 190 131 34 134 87 46 72 37 174 113 128 2 176 195 33 49 199 59 124 187 84 98 170 6 54 3 173 151 117 53 66 129 55 167 50 56 44 23 188 99 132 196 138 154 140 157 161 120 15 17 123 81 14 192 105 18 65 90 88 150 183 185 111 70 97 163 102 83 152 147 79 21 61 165 197 164 26 51 73 92 115 110 82 156 13 64 1
136 86 172 94 89 119 10 130 135 100 166 40 175 194 39 74 95 78 42 85 133 180 35 158 68 7 184 32 20 4 145 60 168 58 36 104 80 198 96 101 108 38 118 103 146 69 148 142 191 1 64 156 13 91 125 143 110 82 9 153 179 75 171 57 77 41 106 181 27 43 169 25 29 16 52 19 114 159 189 48 71 127 122 178 147 152 83 102 163 97 79 21 61 165 92 151 117 73 51 26 164 197 70 111 185 183 150 88 90 65 18 192 14 81 123 161 157 140 154 120 15 17 196 132 188 99 105 55 129 53 66 167 50 23 56 44 6 170 54 3 173 115 12 31 162 112 193 155 11 177 62 137 76 47 49 59 199 33 124 187 98 84 195 138 176 2 128 113 174 37 72 46 87 134 34 190 131 186 116 63 139 107 126 93 5 22 109 45 160 149 8 182 24 30 121 28 144 141 0 67
132 196 138 154 140 157 161 120 15 17 123 81 14 192 18 65 90 88 105 55 129 66 53 150 183 185 111 163 102 83 152 127 122 178 147 97 70 26 51 117 151 73 164 197 165 61 21 79 29 16 52 19 114 71 48 189 38 118 108 96 101 146 69 148 142 191 1 64 156 13 91 125 193 112 12 143 110 82 77 57 103 41 106 159 43 169 25 27 181 171 75 179 9 153 92 173 3 115 31 162 155 11 177 62 160 45 109 93 5 22 149 8 182 24 121 28 30 166 40 175 194 39 74 95 78 184 32 20 60 168 198 80 104 36 58 145 4 7 68 42 85 133 180 158 35 135 100 144 141 130 10 119 89 86 136 0 67 172 94 139 63 116 186 107 126 190 131 34 134 87 46 137 76 47 49 199 59 124 187 33 72 37 174 113 128 2 176 195 84 98 170 54 6 44 56 50 167 23 188 99
37 174 113 128 2 176 138 195 84 98 132 196 154 140 157 161 120 15 17 123 81 14 192 99 188 23 44 56 50 167 105 18 65 90 88 150 183 53 129 55 66 3 6 170 54 162 31 12 143 112 193 125 91 13 156 64 1 191 142 148 69 146 103 106 41 77 57 171 75 179 153 9 82 110 115 173 151 117 73 197 164 26 51 185 111 70 97 163 102 83 152 147 79 21 61 165 92 25 169 27 181 43 29 16 178 127 122 52 19 114 159 71 48 189 38 118 108 101 96 80 36 58 104 198 168 60 145 4 20 32 184 78 95 42 7 68 133 85 180 158 35 135 100 74 39 194 175 40 166 30 24 182 8 149 121 28 144 141 130 10 119 89 86 136 0 67 22 5 93 109 160 62 177 11 155 47 76 137 45 190 131 107 126 172 94 139 63 116 186 34 134 87 46 49 59 199 33 124 187 72
193 112 143 110 82 9 153 179 75 171 57 77 41 106 181 27 43 169 25 92 165 61 21 79 147 97 163 102 83 152 127 122 178 16 29 52 19 114 159 71 48 189 103 146 69 148 142 191 1 64 156 13 91 125 166 40 175 194 39 74 78 184 32 20 101 96 108 118 38 80 104 36 58 198 168 60 145 4 7 68 42 95 85 133 180 158 35 135 100 144 28 121 30 24 149 8 182 177 62 160 45 109 22 141 130 10 0 67 136 86 119 89 94 172 5 93 126 107 139 63 116 186 131 190 34 134 87 46 72 33 49 137 11 155 76 47 59 199 124 187 174 37 113 128 2 176 138 195 84 98 170 54 6 44 56 23 188 99 132 196 154 140 157 161 120 15 17 123 81 14 192 18 65 90 88 150 183 185 111 70 197 164 26 51 73 151 117 53 66 129 55 105 167 50 3 173 115 12 31 162
157 140 154 138 196 132 98 84 124 59 199 49 33 187 195 176 2 128 113 174 37 72 46 87 134 34 131 190 126 107 186 116 63 139 94 172 89 119 10 130 141 144 100 135 35 158 180 85 133 68 7 42 4 145 58 36 104 80 198 168 60 20 32 184 78 95 74 39 194 175 40 166 30 28 121 24 182 8 149 0 136 86 67 22 5 93 109 45 160 62 177 11 155 137 76 47 162 31 12 143 112 193 125 91 13 156 64 1 191 142 148 69 146 101 96 108 118 38 189 48 71 127 122 178 16 29 52 19 114 43 169 25 27 159 103 106 41 181 171 57 77 75 179 153 9 82 110 115 92 173 3 66 53 117 151 73 51 26 164 197 165 61 21 79 147 152 83 102 163 97 70 111 185 183 150 88 90 65 18 105 55 129 167 50 54 170 6 44 56 23 188 99 192 14 81 123 17 15 120 161
24 182 8 149 109 45 160 62 177 11 155 137 76 162 31 12 143 112 193 125 91 13 156 64 1 191 142 148 69 146 101 96 108 118 38 189 48 71 127 122 178 16 29 52 19 114 159 103 106 41 57 77 82 110 115 9 153 179 75 171 181 43 169 25 27 92 173 3 50 167 55 129 66 53 117 151 73 51 26 164 197 165 61 21 79 147 152 83 102 163 97 70 111 185 183 150 88 90 65 18 105 192 14 81 123 161 157 140 154 120 15 17 196 132 99 188 23 56 44 6 54 170 98 84 195 138 176 2 128 113 37 174 187 124 47 49 59 199 33 72 46 87 134 34 190 131 186 116 63 94 172 139 107 126 93 5 22 67 0 136 86 89 119 10 130 141 28 121 144 135 35 158 68 7 42 4 145 58 36 104 80 198 168 60 20 32 184 78 95 74 85 133 180 194 39 175 40 100 166 30
167 55 129 53 117 151 73 51 26 164 197 165 61 21 79 147 152 83 102 163 97 70 111 185 183 150 88 90 65 18 105 192 14 81 123 17 15 120 161 157 140 154 176 138 196 132 99 188 23 50 56 44 6 54 170 98 84 195 2 128 113 37 174 187 124 59 199 49 33 72 46 87 134 34 131 190 109 45 160 22 5 93 126 107 186 116 63 139 94 172 67 0 136 86 89 119 10 130 141 144 100 135 35 158 180 85 133 68 7 42 4 145 58 36 104 80 198 168 60 20 32 184 78 95 74 39 194 175 40 166 30 121 28 149 8 24 182 177 11 155 62 137 76 47 162 31 12 143 112 193 125 91 13 156 64 1 191 142 148 69 146 101 96 108 118 38 189 48 71 127 122 178 16 29 52 19 114 159 103 41 106 43 169 25 27 181 171 57 77 75 179 153 9 82 110 115 92 173 3 66
64 1 191 142 148 69 146 103 41 106 159 181 171 57 77 75 9 153 179 27 25 169 43 114 19 52 29 16 178 122 127 71 48 189 38 118 108 101 96 80 36 58 104 198 168 60 145 4 20 32 184 78 95 42 7 68 133 85 74 180 158 35 135 100 144 28 121 149 8 182 24 30 166 40 175 194 39 91 125 193 112 143 12 31 162 47 76 137 155 11 177 62 160 45 109 93 5 22 141 130 10 119 89 86 136 0 67 172 94 139 63 116 186 107 126 190 131 34 134 87 46 72 37 174 113 128 2 176 195 33 49 199 59 124 187 84 98 170 6 54 3 173 151 117 53 66 129 55 167 50 56 44 23 188 99 132 196 138 154 140 157 161 120 15 17 123 81 14 192 105 18 65 90 88 150 183 185 111 70 97 163 102 83 152 147 79 21 61 165 197 164 26 51 73 92 115 110 82 156 13
98 84 195 176 2 128 113 174 37 72 46 87 34 186 116 63 94 172 139 107 126 93 5 22 67 0 136 86 89 119 10 130 141 144 28 149 8 182 24 121 30 166 175 40 100 135 35 158 180 133 85 194 39 74 95 78 42 68 7 184 32 20 4 145 60 168 58 36 104 80 198 96 101 108 38 118 103 146 69 148 142 191 1 64 156 13 91 125 193 112 143 110 82 9 153 179 75 171 57 77 41 106 181 27 43 169 25 29 16 52 19 114 159 189 48 71 127 122 178 147 152 83 102 163 97 79 21 61 165 92 151 117 73 51 26 164 197 70 111 185 183 150 88 90 65 18 192 14 81 123 17 15 120 161 157 140 154 138 196 132 188 99 105 55 129 53 66 167 50 23 56 44 6 170 54 3 173 115 12 31 162 47 76 137 155 11 177 62 160 45 109 190 131 134 49 59 199 33 124 187
134 34 190 131 186 116 63 94 172 139 107 126 93 5 22 67 0 136 86 89 119 10 130 141 144 100 135 35 158 180 133 68 7 4 145 60 168 198 58 36 104 80 38 118 108 96 101 148 69 146 103 189 48 71 127 122 178 152 83 102 163 97 147 21 61 165 79 29 16 52 19 114 159 43 169 25 27 181 106 41 77 57 171 75 179 153 9 82 110 143 125 91 13 156 64 1 191 142 20 32 184 42 78 95 85 74 39 194 175 40 166 30 28 121 24 182 8 149 109 45 160 62 177 11 155 193 112 31 12 115 92 173 3 50 167 55 129 66 53 117 151 73 51 26 164 197 70 111 185 183 150 88 90 65 18 105 192 14 81 123 161 157 140 154 120 15 17 196 132 99 188 23 56 44 6 170 54 162 47 76 137 49 59 199 33 124 187 98 84 195 138 176 2 128 113 174 37 72 46 87
40 175 166 39 194 74 85 133 180 35 158 68 7 42 95 78 184 32 20 4 145 60 168 198 58 36 104 80 108 118 38 189 48 71 127 122 178 147 152 83 102 163 97 79 21 61 165 92 153 9 179 75 171 57 77 41 106 181 27 43 169 25 29 16 52 19 114 159 103 146 69 101 96 148 142 191 1 64 156 13 91 125 193 155 11 177 62 137 76 47 124 187 98 84 195 138 196 132 188 99 105 55 129 167 50 23 56 44 6 170 54 162 31 12 112 143 110 82 115 173 3 66 53 117 151 73 51 26 164 197 70 111 185 183 150 88 90 65 18 192 14 81 123 161 157 140 154 120 17 15 176 2 128 113 174 37 72 33 199 59 49 46 87 134 34 190 131 186 116 107 126 63 139 94 172 89 119 10 130 141 0 136 86 67 22 5 93 109 45 160 149 8 182 24 30 121 28 144 135 100
24 182 8 149 109 45 160 62 177 11 155 137 76 162 31 12 143 112 193 125 91 13 156 64 1 191 142 148 69 146 101 96 108 118 38 189 48 71 127 122 178 16 29 52 19 114 159 103 106 41 57 77 82 110 115 9 153 179 75 171 181 43 169 25 27 92 173 3 50 167 55 129 66 53 117 151 73 51 26 164 197 165 61 21 79 147 152 83 102 163 97 70 111 185 183 150 88 90 65 18 105 192 14 81 123 161 157 140 154 120 15 17 196 132 99 188 23 56 44 6 54 170 98 84 195 138 176 2 128 113 37 174 187 124 47 49 59 199 33 72 46 87 134 34 190 131 186 116 63 94 172 139 107 126 93 5 22 67 0 136 86 89 119 10 130 141 28 121 144 135 35 158 68 7 42 4 145 58 36 104 80 198 168 60 20 32 184 78 95 74 85 133 180 194 39 175 40 100 166 30
186 116 63 139 94 172 67 0 136 86 89 119 10 130 141 144 100 135 35 158 180 85 133 68 7 42 4 145 58 36 104 80 198 168 60 20 32 184 78 95 74 39 194 175 40 166 30 121 28 149 8 182 24 125 91 13 156 64 1 191 142 148 69 146 101 96 108 118 38 189 48 71 127 122 178 16 29 52 19 114 159 103 106 41 57 77 82 110 143 12 112 193 162 31 115 9 153 179 75 171 181 43 169 25 27 92 173 3 50 167 55 129 66 53 117 151 73 51 26 164 197 165 61 21 79 147 152 83 102 163 97 70 111 185 183 150 88 90 65 18 105 192 14 81 123 161 157 140 154 120 15 17 196 132 99 188 23 56 44 6 54 170 98 84 195 138 176 2 128 113 37 174 187 124 33 199 59 49 47 76 137 155 11 177 62 160 45 134 46 72 87 34 131 190 109 22 5 93 126 107
125 91 166 30 24 149 8 182 177 11 155 193 162 47 124 187 33 199 59 49 76 137 62 160 45 109 93 5 22 67 86 136 0 10 130 119 89 172 94 139 63 116 186 107 126 190 131 34 134 87 46 72 37 174 113 128 2 176 138 195 84 98 170 54 6 44 56 23 188 99 132 196 154 140 157 161 120 15 17 123 81 14 192 18 65 90 88 150 183 185 111 26 51 117 53 66 129 55 105 167 50 3 31 115 173 151 73 197 164 70 97 163 102 83 152 147 79 21 61 165 92 25 169 43 27 181 41 106 159 114 19 52 29 16 178 122 127 71 48 189 103 146 69 148 101 96 108 118 38 80 104 36 58 198 168 60 145 4 7 68 42 95 85 133 180 158 35 135 141 28 121 144 100 40 175 194 39 74 78 184 32 20 142 191 1 64 13 156 77 57 171 75 179 153 9 82 110 143 12 112
157 140 154 138 196 132 98 84 124 59 199 49 33 187 195 176 2 128 113 174 37 72 46 87 134 34 131 190 126 107 186 116 63 139 94 172 89 119 10 130 141 144 100 135 35 158 180 85 133 68 7 42 4 145 58 36 104 80 198 168 60 20 32 184 78 95 74 39 194 175 40 166 30 28 121 24 182 8 149 0 136 86 67 22 5 93 109 45 160 62 177 11 155 137 76 47 162 31 12 143 112 193 125 91 13 156 64 1 191 142 148 69 146 101 96 108 118 38 189 48 71 127 122 178 16 29 52 19 114 43 169 25 27 159 103 106 41 181 171 57 77 75 179 153 9 82 110 115 92 173 3 66 53 117 151 73 51 26 164 197 165 61 21 79 147 152 83 102 163 97 70 111 185 183 150 88 90 65 18 105 55 129 167 50 54 170 6 44 56 23 188 99 192 14 81 123 17 15 120 161
142 148 101 96 108 80 36 58 104 198 168 60 145 4 20 32 184 78 95 42 7 68 133 85 74 180 158 35 135 100 144 28 121 149 8 182 24 30 166 40 175 194 39 191 1 64 156 13 91 125 193 112 143 12 31 162 47 76 137 155 11 177 62 160 45 109 93 5 22 141 130 10 119 89 86 136 0 67 172 94 139 63 116 186 107 126 190 131 34 134 87 46 72 37 174 113 128 2 176 195 33 49 199 59 124 187 84 98 170 6 54 3 151 73 197 164 26 51 117 53 66 129 55 167 50 56 44 23 188 99 132 196 138 154 140 157 161 120 15 17 123 81 14 192 105 18 65 90 88 150 183 185 111 70 97 163 102 83 152 147 178 127 122 52 19 16 29 79 21 61 165 92 173 115 110 82 9 153 179 75 77 57 171 181 27 25 169 43 114 71 48 189 38 118 159 106 41 103 146 69
6 44 56 23 188 99 132 196 138 154 140 157 161 120 15 17 123 81 14 192 18 65 90 88 150 183 185 111 70 97 163 102 83 152 127 122 178 147 197 164 26 51 73 151 117 53 66 129 55 105 167 50 3 173 92 165 61 21 79 29 16 52 19 114 43 169 25 27 179 75 77 57 171 181 41 106 103 159 71 48 189 38 118 108 96 101 146 69 148 142 191 1 64 156 13 91 125 193 112 12 143 110 82 9 153 115 31 162 47 76 137 155 11 62 160 45 109 93 5 22 67 86 136 0 28 121 149 8 182 177 24 30 166 40 175 194 39 74 95 78 184 32 20 60 168 198 80 104 36 58 145 4 7 68 42 85 133 180 158 35 135 100 144 141 130 10 119 89 172 94 139 63 126 107 116 186 131 190 34 134 87 46 72 37 174 113 128 2 176 195 84 98 187 33 49 199 59 124 170 54
12 143 110 82 9 153 179 75 171 57 77 41 106 181 27 43 169 25 92 165 61 21 79 97 163 102 83 152 147 178 127 122 16 29 52 19 114 159 71 48 189 103 146 69 148 142 191 1 64 156 13 91 125 112 193 155 11 177 62 160 45 109 93 5 22 149 8 182 24 121 28 30 166 40 175 194 39 74 95 78 184 32 20 101 96 108 118 38 80 104 36 58 198 168 60 145 4 7 68 42 85 133 180 158 35 135 100 144 141 130 10 119 89 86 136 0 67 172 94 139 63 116 186 107 126 190 131 34 134 87 46 137 76 47 162 31 54 170 6 44 56 23 188 99 132 196 195 84 98 187 124 59 199 49 33 72 37 174 113 128 2 176 138 154 140 157 161 120 15 17 123 81 14 192 18 65 90 88 150 183 185 111 70 197 164 26 51 73 151 117 53 66 129 55 105 167 50 3 173 115
62 160 45 109 93 5 22 67 86 136 0 28 121 149 8 182 24 30 166 40 175 194 39 74 95 78 184 32 20 60 168 198 80 104 36 58 145 4 7 68 42 85 133 180 158 35 135 100 144 141 130 10 119 89 172 94 139 63 126 107 116 186 131 190 34 134 87 46 72 37 174 113 128 2 176 138 195 84 98 170 54 6 44 56 23 188 99 132 196 154 140 157 161 120 15 17 123 81 14 192 18 65 90 88 150 183 185 111 70 97 163 102 83 152 127 122 178 147 197 164 26 51 73 151 117 53 66 129 55 105 167 50 3 173 92 165 61 21 79 29 16 52 19 114 43 169 25 27 179 75 77 57 171 181 41 106 103 159 71 48 189 38 118 108 96 101 146 69 148 142 191 1 64 156 13 91 125 193 112 12 143 110 82 9 153 115 31 162 124 187 33 199 59 49 47 76 137 155 11 177
156 13 64 1 191 39 194 175 40 166 91 125 193 112 143 12 31 162 155 11 177 62 137 76 47 124 187 98 84 195 138 176 2 128 113 174 37 72 33 199 59 49 46 87 134 34 190 131 186 116 107 126 63 139 94 172 89 119 86 136 0 67 22 5 93 109 45 160 149 8 182 24 30 121 28 141 10 130 144 100 135 35 158 180 133 68 7 42 85 74 95 78 184 32 20 4 145 60 168 198 58 36 104 80 38 118 108 96 101 148 142 69 146 103 189 48 71 127 122 178 16 29 52 19 114 159 43 169 25 92 165 61 21 79 147 152 83 102 163 97 70 111 185 183 150 88 90 65 18 192 14 81 123 161 157 140 154 120 15 17 196 132 99 188 23 56 44 6 170 54 3 66 50 167 105 55 129 53 117 51 26 164 197 73 151 173 115 110 82 9 153 179 27 181 106 41 77 57 171 75
194 175 40 166 91 125 193 155 11 177 62 137 76 47 49 59 199 33 124 187 98 84 195 176 2 128 113 174 37 72 46 87 134 34 190 131 186 116 107 126 63 139 94 172 89 119 86 136 0 67 22 5 93 109 45 160 149 8 182 24 30 121 28 141 10 130 144 100 135 35 158 180 133 68 7 4 145 60 168 198 58 36 104 80 38 118 108 96 101 148 142 69 146 103 106 41 57 77 82 9 153 179 75 171 181 27 43 169 25 29 16 52 19 114 159 189 48 71 127 122 178 147 152 83 102 163 97 79 21 61 165 92 115 173 3 66 53 117 151 73 51 26 164 197 70 111 185 183 150 88 90 65 18 192 14 81 123 161 157 140 154 120 17 15 138 196 132 188 99 105 55 129 167 50 23 56 44 6 170 54 162 31 12 112 143 110 156 13 64 1 191 20 32 184 78 95 42 85 74 39
49 33 72 46 87 134 34 131 190 109 45 160 22 5 93 126 107 186 116 63 139 94 172 67 0 136 86 89 119 10 130 141 144 100 135 35 158 180 85 133 68 7 42 4 145 58 36 104 80 198 168 60 20 32 184 78 95 74 39 194 175 40 166 30 121 28 149 8 24 182 177 11 155 62 137 76 47 162 31 12 143 112 193 125 91 13 156 64 1 191 142 148 69 146 101 96 108 118 38 189 48 71 127 122 178 16 29 52 19 114 159 103 106 41 57 77 82 110 115 9 153 179 75 171 181 43 169 25 27 92 173 3 50 167 55 129 66 53 117 151 73 51 26 164 197 165 61 21 79 147 152 83 102 163 97 70 111 185 183 150 88 90 65 18 105 192 14 81 123 161 157 140 154 120 15 17 196 132 99 188 23 56 44 6 54 170 98 84 195 138 176 2 128 113 37 174 187 124 59 199
137 76 155 11 177 62 160 45 109 93 5 22 149 8 182 24 121 28 30 166 40 175 194 39 74 95 78 184 32 20 60 168 198 80 104 36 58 145 4 7 68 42 85 133 180 158 35 135 100 144 141 130 10 119 89 86 136 0 67 172 94 139 63 116 186 107 126 190 131 34 134 87 46 72 37 174 113 128 2 176 138 195 84 98 170 54 6 44 56 23 188 99 132 196 154 140 157 161 120 15 17 123 81 14 192 18 65 90 88 150 183 185 111 70 97 163 102 83 152 127 122 178 147 197 164 26 51 73 151 117 53 66 129 55 105 167 50 3 173 92 165 61 21 79 29 16 52 19 114 43 169 25 27 179 75 77 57 171 181 41 106 103 159 71 48 189 38 118 108 96 101 146 69 148 142 191 1 64 156 13 91 125 193 112 12 143 110 82 9 153 115 31 162 47 124 187 33 199 59 49
173 3 66 53 129 55 105 167 50 56 44 23 188 99 132 196 17 15 120 154 140 157 161 123 81 14 192 18 65 90 88 150 183 185 111 163 102 83 152 127 122 178 147 97 70 164 26 51 117 151 73 197 165 61 21 79 29 16 52 19 114 71 48 189 38 118 108 96 101 146 69 148 142 191 1 64 156 13 91 125 112 193 155 11 177 62 76 137 160 45 109 93 5 22 67 86 136 0 28 121 149 8 182 24 30 166 40 175 194 39 74 95 78 184 32 20 60 168 198 80 104 36 58 145 4 7 68 42 85 133 180 158 35 135 100 144 141 130 10 119 89 172 94 139 63 126 107 116 186 131 190 34 134 87 46 72 37 174 113 128 2 176 138 195 84 98 187 124 33 199 59 49 47 170 6 54 162 31 12 143 110 82 77 57 103 41 106 159 43 169 25 27 181 171 75 179 9 153 92 115
90 88 150 183 185 111 70 164 26 51 73 151 117 53 129 55 66 3 173 115 12 143 110 82 77 57 103 41 106 159 43 169 25 27 181 171 75 179 9 153 92 197 165 61 21 79 147 97 163 102 83 152 127 122 178 16 29 52 19 114 71 48 189 38 118 108 96 101 146 69 148 142 191 1 64 156 13 91 125 193 112 31 162 54 170 6 44 56 50 167 23 188 99 132 196 195 84 98 187 124 33 199 59 49 47 76 137 155 11 62 160 45 109 93 5 22 67 86 136 0 28 121 149 8 182 177 24 30 166 40 175 194 39 74 95 78 184 32 20 60 168 198 80 104 36 58 145 4 7 68 42 85 133 180 158 35 135 100 144 141 130 10 119 89 172 94 139 63 126 107 116 186 131 190 34 134 87 46 72 37 174 113 128 2 176 138 154 140 157 161 120 15 17 123 81 14 192 105 18 65
187 124 59 199 49 33 72 37 174 113 128 2 176 154 140 157 161 120 15 17 123 81 14 192 18 65 90 88 150 183 185 111 70 97 163 102 83 152 147 79 21 61 165 197 164 26 51 73 117 151 92 153 179 171 57 77 75 9 82 110 143 112 193 125 91 13 156 64 1 191 142 148 69 146 103 106 41 181 27 43 169 25 29 16 178 127 122 52 19 114 159 71 48 189 38 118 108 101 96 80 36 58 104 198 168 60 145 4 20 32 184 78 95 42 7 68 133 85 180 158 35 135 100 74 39 194 175 40 166 30 24 182 8 149 121 28 144 141 130 10 119 89 86 136 0 67 22 5 93 107 126 172 94 139 63 116 186 34 87 46 134 131 190 109 45 160 62 177 11 155 137 76 47 162 31 12 115 173 3 54 170 6 66 53 129 55 105 167 50 56 44 23 188 99 132 196 138 195 84 98
153 9 75 171 57 77 41 106 103 146 69 148 101 96 108 118 38 80 104 36 58 198 168 60 145 4 7 68 133 180 158 35 135 100 144 121 28 141 130 10 0 67 136 86 119 89 172 94 139 63 116 186 107 126 93 5 22 160 45 109 190 131 34 134 87 46 72 33 49 137 76 155 11 62 177 182 8 149 24 30 166 40 175 194 39 74 85 95 78 42 184 32 20 142 191 1 64 13 156 82 115 110 143 91 125 193 112 12 31 162 47 59 199 124 187 174 37 113 128 2 176 138 195 84 98 170 54 6 44 56 23 188 99 132 196 154 140 157 161 120 15 17 123 81 14 192 18 65 90 88 150 183 185 111 26 51 117 53 66 129 55 105 167 50 3 173 151 73 197 164 70 97 163 102 83 152 147 178 122 127 71 48 189 159 114 19 52 16 29 79 21 61 165 92 25 169 43 27 181 179
99 188 50 167 3 66 129 55 105 18 65 90 88 150 53 183 185 111 70 197 164 26 51 73 117 151 173 115 110 82 9 153 179 75 171 57 77 41 106 181 27 43 169 25 92 165 61 21 79 147 97 163 102 83 152 127 122 178 16 29 52 19 114 159 71 48 189 103 146 69 148 142 191 1 64 156 13 91 125 175 40 194 39 74 95 78 184 32 20 101 96 108 118 38 80 104 36 58 198 168 60 145 4 7 68 42 85 133 180 158 35 135 100 166 30 121 28 144 141 130 10 119 89 86 136 0 67 172 94 139 63 116 186 107 126 93 5 22 149 8 24 182 160 45 109 190 131 34 134 87 46 72 37 174 113 128 2 176 138 195 84 98 187 124 33 199 59 49 47 76 137 62 177 11 155 193 112 143 12 31 162 54 170 6 44 56 23 132 196 154 140 157 161 120 15 17 123 81 14 192
42 184 32 20 60 145 4 7 68 133 85 180 158 35 135 100 40 175 194 39 91 125 193 112 143 110 12 31 162 124 187 33 199 59 49 47 76 137 155 11 177 62 160 45 109 107 126 86 136 0 67 22 93 5 149 8 182 24 166 30 121 28 144 141 130 10 119 89 172 94 139 63 116 186 131 190 34 134 87 46 72 37 174 113 128 2 176 138 195 84 98 170 54 6 44 56 23 188 99 132 196 154 140 157 161 120 15 17 123 81 14 192 18 65 90 88 150 183 185 111 26 164 51 117 53 66 129 55 105 167 50 3 115 173 151 73 197 70 97 163 102 83 152 147 178 122 127 71 48 189 38 118 108 80 104 36 58 168 198 96 101 148 142 69 146 103 159 114 19 52 16 29 79 21 61 165 92 25 169 43 27 181 106 41 77 57 171 75 179 153 9 82 156 13 64 1 191 74 95 78
116 186 34 134 87 46 72 37 174 113 128 2 176 195 84 98 187 124 33 199 59 49 47 76 137 62 177 11 155 193 112 143 12 31 162 54 170 6 44 56 23 188 99 132 196 138 154 140 157 161 120 15 17 123 81 14 192 18 65 90 88 150 183 185 111 70 197 164 26 51 73 117 53 66 129 55 105 167 50 3 151 173 115 110 82 9 153 179 75 171 57 77 41 106 181 27 43 169 25 92 165 61 97 163 102 83 152 127 122 178 147 21 79 29 16 52 19 114 159 71 48 189 103 146 69 148 142 191 1 64 156 13 91 125 166 40 175 194 39 74 95 78 184 32 20 101 96 108 118 38 80 104 36 58 198 168 60 145 4 7 68 42 85 133 180 158 35 135 100 144 28 121 30 24 182 8 149 141 130 10 119 89 172 94 139 63 107 126 86 136 0 67 22 5 93 109 160 45 190 131
198 168 60 145 4 20 32 184 78 95 42 7 68 133 85 180 158 35 135 100 144 141 130 10 119 89 94 172 86 136 0 67 22 5 93 126 107 139 63 116 186 131 190 109 160 45 34 134 87 46 72 37 174 113 128 2 176 195 84 98 187 124 33 199 59 49 137 76 155 11 62 177 182 24 8 149 28 121 30 166 40 175 194 39 74 191 1 64 142 148 69 146 103 41 106 159 181 171 57 77 75 179 153 9 82 156 13 91 125 193 112 12 143 110 115 31 162 47 54 170 6 44 56 23 188 99 132 196 138 154 140 157 161 120 15 17 123 81 14 192 105 18 65 90 88 150 183 185 111 70 97 163 102 83 152 147 79 21 61 165 197 164 26 51 117 53 129 55 167 50 66 3 173 151 73 92 27 43 169 25 29 16 178 127 122 52 19 114 71 48 189 38 118 101 96 108 80 104 36 58
187 124 59 199 49 33 72 37 174 113 128 2 176 154 140 157 161 120 15 17 123 81 14 192 18 65 90 88 150 183 185 111 70 97 163 102 83 152 147 79 21 61 165 197 164 26 51 73 117 151 92 153 179 171 57 77 75 9 82 110 143 112 193 125 91 13 156 64 1 191 142 148 69 146 103 106 41 181 27 43 169 25 29 16 178 127 122 52 19 114 159 71 48 189 38 118 108 101 96 80 36 58 104 198 168 60 145 4 20 32 184 78 95 42 7 68 133 85 180 158 35 135 100 74 39 194 175 40 166 30 24 182 8 149 121 28 144 141 130 10 119 89 86 136 0 67 22 5 93 107 126 172 94 139 63 116 186 34 87 46 134 131 190 109 45 160 62 177 11 155 137 76 47 162 31 12 115 173 3 54 170 6 66 53 129 55 105 167 50 56 44 23 188 99 132 196 138 195 84 98
32 20 4 145 60 168 198 58 36 104 80 108 38 118 96 101 146 69 148 142 191 1 64 13 91 125 156 77 57 41 106 103 159 189 48 71 114 19 52 29 16 122 127 178 147 152 83 102 163 97 79 21 61 165 92 25 169 43 27 181 171 75 179 153 9 82 110 115 173 3 50 167 55 129 66 53 117 151 73 51 26 164 197 70 111 185 183 150 88 90 65 18 105 192 14 81 123 161 157 140 154 120 15 17 196 132 99 188 23 56 44 6 170 54 162 31 12 143 112 193 155 11 177 182 24 8 149 109 45 160 62 137 76 47 49 59 199 33 124 187 98 84 195 138 176 2 128 113 174 37 72 46 87 134 34 190 131 186 116 63 94 172 139 107 126 93 5 22 67 0 136 86 89 119 10 130 141 144 28 121 30 166 175 40 100 135 35 158 180 133 68 7 42 85 194 39 74 95 78 184
24 182 8 149 109 45 160 62 177 11 155 137 76 162 31 12 143 112 193 125 91 13 156 64 1 191 142 148 69 146 101 96 108 118 38 189 48 71 127 122 178 16 29 52 19 114 159 103 106 41 57 77 82 110 115 9 153 179 75 171 181 43 169 25 27 92 173 3 50 167 55 129 66 53 117 151 73 51 26 164 197 165 61 21 79 147 152 83 102 163 97 70 111 185 183 150 88 90 65 18 105 192 14 81 123 161 157 140 154 120 15 17 196 132 99 188 23 56 44 6 54 170 98 84 195 138 176 2 128 113 37 174 187 124 47 49 59 199 33 72 46 87 134 34 190 131 186 116 63 94 172 139 107 126 93 5 22 67 0 136 86 89 119 10 130 141 28 121 144 135 35 158 68 7 42 4 145 58 36 104 80 198 168 60 20 32 184 78 95 74 85 133 180 194 39 175 40 100 166 30
155 11 177 62 160 45 109 190 131 34 87 46 134 137 76 47 54 6 170 98 84 187 124 59 199 49 33 72 37 174 113 128 2 176 195 138 196 132 154 140 157 161 120 15 17 123 81 14 192 99 188 23 44 56 50 167 66 53 129 55 105 18 65 90 88 150 183 185 111 102 152 83 163 97 147 127 122 178 16 29 52 19 114 159 71 48 189 103 106 41 181 27 43 169 25 79 21 61 165 197 164 70 26 51 73 117 151 92 153 9 179 75 171 57 77 82 110 143 156 13 64 1 191 39 175 40 194 74 95 78 184 32 20 96 101 148 142 69 146 118 38 108 80 104 36 58 198 168 60 145 4 7 68 42 85 133 180 158 35 100 135 130 119 89 172 94 139 63 116 186 107 126 93 5 22 67 86 136 0 10 141 144 28 149 8 182 24 121 30 166 91 125 193 112 12 115 173 3 31 162
160 45 134 46 72 87 34 131 190 126 107 186 116 63 139 94 172 89 119 10 130 141 144 100 135 35 158 180 85 133 68 7 42 4 145 58 36 104 80 198 168 60 20 32 184 78 95 74 39 194 175 40 166 125 91 13 156 64 1 191 142 148 69 146 101 96 108 118 38 189 48 71 127 122 178 16 29 52 19 114 159 103 106 41 57 77 82 110 143 12 112 193 162 31 115 9 153 179 75 171 181 43 169 25 27 92 173 3 50 167 55 129 66 53 117 151 73 51 26 164 197 165 61 21 79 147 152 83 102 163 97 70 111 185 183 150 88 90 65 18 105 192 14 81 123 161 157 140 154 120 15 17 196 132 99 188 23 56 44 6 54 170 98 84 195 138 176 2 128 113 37 174 187 124 33 199 59 49 47 76 137 62 155 11 177 182 8 149 24 30 121 28 0 136 86 67 22 5 93 109
104 58 36 80 38 189 48 71 127 122 178 16 29 52 19 114 43 169 25 27 92 173 3 50 167 55 129 66 53 117 151 73 51 26 164 197 165 61 21 79 147 152 83 102 163 97 70 111 185 183 150 88 90 65 18 105 192 14 81 123 161 157 140 154 120 15 17 196 132 99 188 23 56 44 6 170 54 49 59 199 33 124 187 98 84 195 138 176 2 128 113 174 37 72 46 87 134 34 131 190 45 160 109 107 186 116 63 139 94 172 126 93 5 22 67 0 136 86 89 119 10 130 141 144 166 30 121 28 149 8 24 182 177 11 155 62 137 76 47 162 31 12 143 112 193 125 91 13 156 110 115 82 9 153 179 75 77 57 171 181 159 106 41 103 118 108 96 101 146 69 148 142 64 1 191 74 39 194 175 40 100 135 35 158 180 85 133 68 7 42 95 78 184 32 20 4 145 60 168 198
135 100 40 175 194 39 74 78 95 85 180 35 158 133 68 7 42 184 32 20 4 145 60 168 198 58 36 104 80 108 38 118 96 101 146 69 148 142 191 1 64 13 156 82 110 115 173 3 50 167 55 129 66 53 117 151 73 51 26 164 197 61 165 92 153 9 179 75 171 57 77 41 106 181 27 43 169 25 21 79 29 16 52 19 114 159 103 189 48 71 127 122 178 147 152 83 102 163 97 70 111 185 183 150 88 90 65 18 105 192 14 81 123 161 157 140 154 120 15 17 196 132 99 188 23 56 44 6 170 54 162 31 12 143 112 193 125 91 166 30 28 121 24 182 8 149 109 45 160 62 177 11 155 137 76 47 49 59 199 33 124 187 98 84 195 138 176 2 128 113 174 37 72 46 87 134 34 190 131 186 116 63 94 172 139 107 126 93 5 22 67 0 136 86 89 119 10 130 141 144
57 77 82 110 143 12 112 193 125 91 13 156 64 1 191 142 148 69 146 101 96 108 118 38 189 48 71 127 122 178 16 29 52 19 114 159 103 106 41 181 43 169 25 27 92 165 61 21 79 147 152 83 102 163 97 70 111 185 183 150 88 90 65 18 192 14 81 123 161 157 140 154 120 15 17 105 55 129 53 117 51 26 164 197 73 151 173 3 66 167 50 56 44 23 188 99 132 196 138 176 2 128 195 98 84 113 37 174 187 124 59 199 49 33 72 46 87 134 34 131 190 109 45 160 22 5 93 126 107 186 116 63 139 94 172 67 0 136 86 89 119 10 130 141 144 100 135 35 158 180 85 133 68 7 42 4 145 58 36 104 80 198 168 60 20 32 184 78 95 74 39 194 175 40 166 30 121 28 149 8 24 182 177 11 155 62 137 76 47 170 6 54 162 31 115 9 153 179 75 171
146 69 148 142 191 1 64 13 156 82 9 153 179 75 171 57 77 103 189 48 71 127 122 178 16 29 52 19 114 159 106 41 181 27 43 169 25 92 173 3 50 167 55 129 66 53 117 151 73 51 26 164 197 165 61 21 79 147 152 83 102 163 97 70 111 185 183 150 88 90 65 18 105 192 14 81 123 161 157 140 154 120 15 17 196 132 99 188 23 56 44 6 170 54 162 31 115 110 143 12 112 193 125 91 24 182 8 149 109 45 160 62 177 11 155 137 76 47 49 59 199 33 124 187 98 84 195 138 176 2 128 113 174 37 72 46 87 134 34 190 131 186 116 63 94 172 139 107 126 93 5 22 67 0 136 86 89 119 10 130 141 144 28 121 30 166 39 74 194 175 40 100 135 35 158 180 85 133 68 7 42 95 78 184 32 20 4 145 60 168 198 104 58 36 80 108 38 118 96 101
48 71 114 43 169 25 92 165 61 21 79 29 16 19 52 178 122 127 152 83 102 163 97 147 70 111 185 183 150 88 90 65 18 105 192 14 81 123 161 157 140 154 120 15 17 196 132 99 188 23 44 56 50 167 55 129 53 117 51 26 164 197 73 151 173 3 66 6 170 54 115 31 162 47 49 199 59 124 187 98 84 195 138 176 2 128 113 174 37 72 33 46 87 134 34 131 190 109 45 137 76 155 11 177 62 160 149 8 182 24 30 121 28 22 5 93 126 107 186 116 63 139 94 172 67 0 136 86 89 119 10 130 141 144 100 135 35 158 133 68 7 42 85 180 40 166 175 194 39 74 95 78 184 32 20 4 145 60 168 198 58 36 104 80 38 103 118 108 96 101 146 69 148 142 191 1 64 156 13 91 125 193 112 12 143 110 82 77 57 171 75 9 153 179 27 181 41 106 159 189
9 82 110 115 173 3 50 167 55 129 66 53 117 151 73 51 26 164 197 70 111 185 183 150 88 90 65 18 105 192 14 81 123 161 157 140 154 120 15 17 196 132 99 188 23 56 44 6 170 54 162 31 12 143 112 193 125 91 175 40 166 30 24 182 8 149 121 28 22 5 93 109 45 160 62 177 11 155 137 76 47 49 59 199 33 124 187 98 84 195 138 176 2 128 113 174 37 72 46 87 134 34 190 131 186 116 63 139 107 126 94 172 67 0 136 86 89 119 10 130 141 144 100 135 35 158 68 7 42 4 145 60 168 198 58 36 104 80 38 118 108 96 101 20 32 184 78 95 74 85 133 180 194 39 13 156 64 1 191 142 148 69 146 103 189 48 71 127 122 178 147 152 83 102 163 97 79 21 61 165 92 153 179 27 43 169 25 29 16 52 19 114 159 181 106 41 77 57 171 75
116 186 34 134 87 46 72 37 174 113 128 2 176 195 84 98 187 124 33 199 59 49 47 76 137 62 177 11 155 193 112 143 12 31 162 54 170 6 44 56 23 188 99 132 196 138 154 140 157 161 120 15 17 123 81 14 192 18 65 90 88 150 183 185 111 70 197 164 26 51 73 117 53 66 129 55 105 167 50 3 151 173 115 110 82 9 153 179 75 171 57 77 41 106 181 27 43 169 25 92 165 61 97 163 102 83 152 127 122 178 147 21 79 29 16 52 19 114 159 71 48 189 103 146 69 148 142 191 1 64 156 13 91 125 166 40 175 194 39 74 95 78 184 32 20 101 96 108 118 38 80 104 36 58 198 168 60 145 4 7 68 42 85 133 180 158 35 135 100 144 28 121 30 24 182 8 149 141 130 10 119 89 172 94 139 63 107 126 86 136 0 67 22 5 93 109 160 45 190 131
141 130 10 0 67 136 86 119 89 172 94 139 63 116 186 107 126 93 5 22 109 160 45 190 131 34 134 87 46 72 37 174 113 128 2 176 195 84 98 187 124 33 199 59 49 47 76 137 62 177 11 155 166 91 125 193 112 31 162 54 170 6 44 56 23 188 99 132 196 138 154 140 157 161 120 15 17 123 81 14 192 18 65 90 88 150 183 185 111 70 26 51 164 197 73 151 117 53 129 55 105 167 50 66 3 173 115 12 143 110 9 153 179 75 171 181 27 43 169 25 92 165 61 21 79 147 97 163 102 83 152 127 122 178 16 29 52 19 114 159 71 48 189 103 106 41 57 77 82 156 13 64 1 191 78 184 32 20 96 101 148 142 69 146 118 38 108 80 104 36 58 198 168 60 145 4 7 42 133 68 158 35 180 85 95 74 39 194 175 40 100 135 144 28 121 30 24 182 8 149
143 12 31 162 54 170 6 44 56 23 188 99 132 196 138 154 140 157 161 120 15 17 123 81 14 192 18 65 90 88 150 183 185 111 70 197 164 26 51 73 151 117 53 66 129 55 105 167 50 3 173 115 110 82 9 153 179 75 171 57 77 41 106 181 27 43 169 25 92 165 61 21 79 147 97 163 102 83 152 127 122 178 16 29 52 19 114 159 71 48 189 103 146 69 64 1 191 142 148 101 118 38 108 96 80 36 58 104 198 168 60 145 4 20 32 184 7 68 42 78 95 74 85 133 180 158 35 135 100 40 175 194 39 166 30 24 182 8 149 160 45 109 93 5 22 121 28 144 141 130 10 0 67 136 86 119 89 172 94 139 63 116 186 107 126 190 131 34 134 87 46 72 37 174 113 128 2 176 195 84 98 187 124 33 199 59 49 47 76 137 62 177 11 155 193 112 125 91 13 156
155 11 177 62 160 45 109 190 131 34 87 46 134 137 76 47 54 6 170 98 84 187 124 59 199 49 33 72 37 174 113 128 2 176 195 138 196 132 154 140 157 161 120 15 17 123 81 14 192 99 188 23 44 56 50 167 66 53 129 55 105 18 65 90 88 150 183 185 111 102 152 83 163 97 147 127 122 178 16 29 52 19 114 159 71 48 189 103 106 41 181 27 43 169 25 79 21 61 165 197 164 70 26 51 73 117 151 92 153 9 179 75 171 57 77 82 110 143 156 13 64 1 191 39 175 40 194 74 95 78 184 32 20 96 101 148 142 69 146 118 38 108 80 104 36 58 198 168 60 145 4 7 68 42 85 133 180 158 35 100 135 130 119 89 172 94 139 63 116 186 107 126 93 5 22 67 86 136 0 10 141 144 28 149 8 182 24 121 30 166 91 125 193 112 12 115 173 3 31 162
52 19 114 43 169 25 27 181 179 153 9 75 171 57 77 82 110 115 12 31 162 54 6 170 47 76 137 155 11 62 177 182 24 121 28 8 149 22 5 93 109 160 45 134 46 87 34 190 131 186 116 63 139 107 126 94 172 67 0 136 86 89 119 10 130 141 144 100 135 35 158 180 85 133 68 7 42 4 145 58 36 104 80 198 168 60 20 32 184 78 95 74 39 194 175 40 166 30 193 112 143 125 91 13 156 64 1 191 142 148 69 146 101 96 108 38 118 103 41 106 159 189 48 71 127 122 178 147 152 83 102 163 97 70 111 185 183 150 88 90 65 18 105 192 14 81 123 161 157 140 154 120 17 15 176 2 128 113 174 37 72 33 49 199 59 124 187 98 84 195 138 196 132 99 188 23 44 56 50 167 55 129 53 66 3 173 92 151 117 73 51 26 164 197 165 61 21 79 29 16
91 125 112 143 12 3 173 115 110 82 9 153 179 75 77 57 171 27 43 169 25 92 165 61 21 79 29 16 52 19 114 159 181 106 41 64 1 191 142 148 69 146 103 189 48 71 127 122 178 147 152 83 102 163 97 70 111 185 183 150 88 90 55 129 53 117 51 26 164 197 73 151 66 50 167 105 18 65 192 14 81 123 161 157 140 154 120 15 17 196 132 99 188 23 56 44 6 54 170 98 84 195 138 176 2 128 113 37 174 187 124 59 199 49 33 72 46 87 134 34 190 131 186 116 107 126 63 139 94 172 89 119 86 136 0 67 22 5 93 109 45 160 62 137 76 47 162 31 193 155 11 177 182 24 8 149 141 10 130 144 28 121 30 166 100 135 35 158 180 133 68 7 4 145 60 168 198 58 36 104 80 38 118 108 96 101 20 32 184 78 95 42 85 74 194 40 175 39 13 156
132 196 138 154 140 157 161 120 15 17 123 81 14 192 18 65 90 88 105 55 129 66 53 150 183 185 111 163 102 83 152 127 122 178 147 97 70 26 51 117 151 73 164 197 165 61 21 79 29 16 52 19 114 71 48 189 38 118 108 96 101 146 69 148 142 191 1 64 156 13 91 125 193 112 12 143 110 82 77 57 103 41 106 159 43 169 25 27 181 171 75 179 9 153 92 173 3 115 31 162 155 11 177 62 160 45 109 93 5 22 149 8 182 24 121 28 30 166 40 175 194 39 74 95 78 184 32 20 60 168 198 80 104 36 58 145 4 7 68 42 85 133 180 158 35 135 100 144 141 130 10 119 89 86 136 0 67 172 94 139 63 116 186 107 126 190 131 34 134 87 46 137 76 47 49 199 59 124 187 33 72 37 174 113 128 2 176 195 84 98 170 54 6 44 56 50 167 23 188 99
149 8 182 177 11 155 47 76 137 62 160 45 109 22 141 130 10 0 67 136 86 119 89 94 172 5 93 126 107 139 63 116 186 131 190 34 134 87 46 49 59 199 33 124 187 72 37 174 113 128 2 176 138 195 84 98 170 54 6 44 56 23 188 99 132 196 17 15 120 154 140 157 161 123 81 14 192 105 18 65 90 88 150 183 185 111 70 97 163 102 83 152 147 79 21 61 165 197 164 26 51 73 151 117 53 66 129 55 167 50 3 173 92 27 25 169 43 181 171 75 179 153 9 115 31 162 193 112 12 143 110 82 77 57 41 106 103 159 114 19 52 29 16 178 122 127 71 48 189 38 118 108 96 101 146 69 148 142 191 1 64 156 13 91 125 166 40 175 39 194 180 133 85 74 95 78 184 32 20 60 168 198 80 104 36 58 145 4 42 7 68 158 35 135 100 144 28 121 30 24
27 169 25 92 173 115 31 162 54 6 170 98 84 195 176 2 128 113 174 37 72 46 87 34 134 49 59 199 33 187 124 47 76 137 155 11 62 160 45 109 190 131 186 116 63 139 94 172 126 107 93 5 22 67 0 136 86 89 119 10 130 141 144 28 121 149 8 182 177 24 30 166 39 194 175 40 100 135 35 158 180 133 68 7 42 85 74 95 78 184 32 20 4 145 60 168 198 58 36 104 80 108 118 38 189 48 71 127 122 178 147 152 83 102 163 97 70 111 185 183 150 88 90 65 18 105 192 14 81 123 17 15 120 161 157 140 154 138 196 132 99 188 23 44 56 50 167 55 129 53 66 3 151 117 73 51 26 164 197 165 61 21 79 29 16 52 19 114 43 159 106 41 103 146 69 101 96 148 142 191 1 64 156 13 91 125 193 112 12 143 110 82 9 153 75 77 57 171 181 179
45 160 62 137 76 49 59 199 33 124 187 174 37 113 128 2 176 138 195 84 98 170 54 6 44 56 23 188 99 132 196 154 140 157 161 120 15 17 123 81 14 192 18 65 90 88 150 183 185 111 70 97 163 102 83 152 127 122 178 147 197 164 26 51 73 151 117 53 66 129 55 105 167 50 3 173 92 165 61 21 79 29 16 52 19 114 43 169 25 27 179 75 77 57 171 181 41 106 103 159 71 48 189 38 118 108 96 101 146 69 148 142 191 1 64 156 13 91 125 193 112 12 143 110 82 9 153 115 31 162 47 155 11 177 182 24 8 149 28 121 30 166 40 175 194 39 74 95 78 184 32 20 60 168 198 80 104 36 58 145 4 7 68 42 85 133 180 158 35 135 100 144 141 130 10 119 89 94 172 86 136 0 67 22 5 93 109 126 107 139 63 116 186 34 87 72 46 134 131 190
120 161 123 81 14 192 18 65 90 88 105 55 129 66 53 150 183 185 111 163 102 83 152 127 122 178 147 97 70 26 51 117 151 73 164 197 165 61 21 79 29 16 52 19 114 71 48 189 38 118 108 96 101 146 69 148 142 191 1 64 156 13 91 125 193 155 11 177 62 160 45 109 93 5 22 149 8 182 24 121 28 30 166 40 175 194 39 74 95 78 184 32 20 60 168 198 80 104 36 58 145 4 7 68 42 85 133 180 158 35 135 100 144 141 130 10 119 89 86 136 0 67 172 94 139 63 116 186 107 126 190 131 34 134 87 46 137 76 47 162 31 112 143 12 115 110 82 77 57 103 41 106 159 43 169 25 27 181 171 75 179 9 153 92 173 3 54 6 170 98 84 195 187 124 59 199 49 33 72 37 174 113 128 2 176 138 196 132 188 23 44 56 50 167 99 17 15 154 140 157
198 168 60 145 4 20 32 184 78 95 42 7 68 133 85 180 158 35 135 100 144 141 130 10 119 89 94 172 86 136 0 67 22 5 93 126 107 139 63 116 186 131 190 109 160 45 34 134 87 46 72 37 174 113 128 2 176 195 84 98 187 124 33 199 59 49 137 76 155 11 62 177 182 24 8 149 28 121 30 166 40 175 194 39 74 191 1 64 142 148 69 146 103 41 106 159 181 171 57 77 75 179 153 9 82 156 13 91 125 193 112 12 143 110 115 31 162 47 54 170 6 44 56 23 188 99 132 196 138 154 140 157 161 120 15 17 123 81 14 192 105 18 65 90 88 150 183 185 111 70 97 163 102 83 152 147 79 21 61 165 197 164 26 51 117 53 129 55 167 50 66 3 173 151 73 92 27 43 169 25 29 16 178 127 122 52 19 114 71 48 189 38 118 101 96 108 80 104 36 58
192 14 81 123 17 15 120 161 157 140 154 138 196 132 99 188 23 56 44 6 170 54 3 115 110 143 12 31 162 47 76 137 49 199 59 124 187 98 84 195 176 2 128 113 174 37 72 33 46 87 134 34 131 190 126 107 186 116 63 139 94 172 89 119 10 130 141 144 100 135 35 158 180 85 133 68 7 42 4 145 60 168 198 58 36 104 80 38 118 108 96 101 20 32 184 78 95 74 39 194 175 40 166 30 28 121 24 182 8 149 0 136 86 67 22 5 93 109 45 160 62 177 11 155 193 112 125 91 13 156 64 1 191 142 148 69 146 103 189 48 71 127 122 178 147 152 83 102 163 97 61 165 21 79 29 16 52 19 114 159 106 41 77 57 171 75 82 9 153 179 181 27 43 169 25 92 173 151 117 73 51 26 164 197 70 111 185 183 150 88 90 65 18 105 55 129 53 66 50 167
184 20 32 42 68 7 4 145 60 168 198 58 36 104 80 108 96 101 148 69 146 118 38 103 189 48 71 159 114 19 52 178 122 127 152 83 102 163 97 147 16 29 79 21 61 165 92 25 169 43 27 181 106 41 77 57 171 75 179 153 9 82 156 13 110 115 173 3 50 167 55 129 66 53 117 151 73 51 26 164 197 70 111 185 183 150 88 90 65 18 105 192 14 81 123 161 157 140 154 120 15 17 196 132 99 188 23 56 44 6 170 54 162 31 12 143 112 193 125 91 24 182 8 149 109 45 160 62 177 11 155 137 76 47 49 59 199 33 124 187 98 84 195 138 176 2 128 113 174 37 72 46 87 134 34 190 131 186 116 63 94 172 139 107 126 93 5 22 67 0 136 86 89 119 10 130 141 144 28 121 30 166 39 1 64 191 142 194 175 40 100 135 35 158 180 133 85 74 95 78
181 27 43 169 25 92 173 3 50 167 55 129 66 53 117 151 73 51 26 164 197 165 61 21 79 147 152 83 102 163 97 70 111 185 183 150 88 90 65 18 105 192 14 81 123 161 157 140 154 120 15 17 196 132 99 188 23 56 44 6 170 54 162 47 49 59 199 33 124 187 98 84 195 138 176 2 128 113 174 37 72 46 87 134 34 186 116 63 139 94 172 126 107 131 190 109 93 5 22 67 0 136 86 89 119 10 130 141 144 166 30 121 28 149 8 24 182 177 62 160 45 137 76 11 155 193 125 91 112 143 12 31 115 110 82 156 13 39 194 175 40 100 135 35 158 180 85 133 68 7 42 4 145 58 36 104 80 198 168 60 20 32 184 78 95 74 191 1 64 142 148 69 146 101 96 108 118 38 189 48 71 127 122 178 16 29 52 19 114 159 103 106 41 77 57 171 75 9 153 179
129 55 167 50 3 173 115 110 82 75 179 9 153 92 21 79 147 97 163 102 83 152 127 122 178 16 29 52 19 114 43 169 25 27 181 171 57 77 103 41 106 159 71 48 189 38 118 108 96 101 146 69 148 142 191 1 64 156 13 91 125 193 112 143 12 31 162 47 76 137 155 11 62 160 45 109 93 5 22 67 86 136 0 28 121 149 8 182 177 24 30 166 40 175 194 39 74 95 78 184 32 20 60 168 198 80 104 36 58 145 4 7 68 42 85 133 180 158 35 135 100 144 141 130 10 119 89 172 94 139 63 126 107 116 186 131 190 34 134 87 46 72 37 174 187 33 49 199 59 124 84 98 170 54 6 44 56 23 188 99 132 196 195 113 128 2 176 138 154 140 157 161 120 15 17 123 81 14 192 105 18 65 90 88 150 183 185 111 70 61 165 197 164 26 51 73 151 117 53 66
57 77 82 110 143 12 112 193 125 91 13 156 64 1 191 142 148 69 146 101 96 108 118 38 189 48 71 127 122 178 16 29 52 19 114 159 103 106 41 181 43 169 25 27 92 165 61 21 79 147 152 83 102 163 97 70 111 185 183 150 88 90 65 18 192 14 81 123 161 157 140 154 120 15 17 105 55 129 53 117 51 26 164 197 73 151 173 3 66 167 50 56 44 23 188 99 132 196 138 176 2 128 195 98 84 113 37 174 187 124 59 199 49 33 72 46 87 134 34 131 190 109 45 160 22 5 93 126 107 186 116 63 139 94 172 67 0 136 86 89 119 10 130 141 144 100 135 35 158 180 85 133 68 7 42 4 145 58 36 104 80 198 168 60 20 32 184 78 95 74 39 194 175 40 166 30 121 28 149 8 24 182 177 11 155 62 137 76 47 170 6 54 162 31 115 9 153 179 75 171
177 182 8 149 141 144 28 121 24 30 166 175 194 40 100 135 35 158 180 85 133 68 7 42 184 32 20 4 145 60 168 198 58 36 104 80 108 38 118 103 146 69 101 96 148 142 78 95 74 39 191 1 64 13 156 82 9 153 179 75 171 57 77 41 106 181 27 43 169 25 92 165 61 21 79 29 16 52 19 114 159 189 48 71 127 122 178 147 97 83 152 102 163 111 185 183 150 88 90 65 18 192 14 81 123 17 15 120 161 157 140 154 176 138 196 132 188 99 105 167 50 23 56 44 6 170 54 162 31 3 66 55 129 53 117 51 26 70 164 197 73 151 173 115 110 143 12 112 91 125 193 155 11 137 76 47 49 59 199 33 124 187 98 84 195 2 128 113 174 37 72 46 87 134 34 190 131 186 116 107 126 63 139 94 172 89 119 130 10 0 136 86 67 22 5 93 109 45 160 62
119 10 141 28 121 149 8 109 93 5 22 67 0 136 86 89 172 94 139 63 126 107 116 186 131 190 34 87 72 46 134 45 160 62 137 76 49 59 199 33 124 187 174 37 113 128 2 176 138 195 84 98 170 54 6 44 56 23 188 99 132 196 154 140 157 161 120 15 17 123 81 14 192 18 65 90 88 150 183 185 111 70 97 163 102 83 152 127 122 178 147 197 164 26 51 73 151 117 53 66 129 55 105 167 50 3 173 92 165 61 21 79 29 16 52 19 114 43 169 25 27 179 75 77 57 171 181 41 106 103 159 71 48 189 38 118 108 96 101 146 69 148 142 191 1 64 156 13 91 125 193 112 12 143 110 82 9 153 115 31 162 47 155 11 177 182 24 30 166 40 175 194 39 74 95 78 184 32 20 60 168 198 80 104 36 58 145 4 7 68 42 85 133 180 158 35 135 100 144 130
50 167 55 129 66 53 117 151 73 51 26 164 197 165 61 21 79 147 152 83 102 163 97 70 111 185 183 150 88 90 65 18 105 192 14 81 123 161 157 140 154 120 15 17 196 132 99 188 23 56 44 6 170 54 162 31 115 110 82 9 153 179 75 77 57 171 181 27 43 159 106 41 103 146 69 101 148 142 78 95 74 194 39 191 1 64 13 156 143 12 112 193 125 91 24 182 8 149 109 45 160 62 177 11 155 137 76 47 124 187 98 84 195 138 176 2 128 113 174 37 72 33 199 59 49 46 87 134 34 190 131 186 116 63 94 172 139 107 126 93 5 22 67 0 136 86 89 119 10 130 141 144 28 121 30 166 175 40 100 135 35 158 180 85 133 68 7 42 184 32 20 4 145 60 168 198 58 36 104 80 96 108 118 38 189 48 71 114 19 52 122 127 178 16 29 169 25 92 173 3
129 55 167 50 3 173 115 110 82 75 179 9 153 92 21 79 147 97 163 102 83 152 127 122 178 16 29 52 19 114 43 169 25 27 181 171 57 77 103 41 106 159 71 48 189 38 118 108 96 101 146 69 148 142 191 1 64 156 13 91 125 193 112 143 12 31 162 47 76 137 155 11 62 160 45 109 93 5 22 67 86 136 0 28 121 149 8 182 177 24 30 166 40 175 194 39 74 95 78 184 32 20 60 168 198 80 104 36 58 145 4 7 68 42 85 133 180 158 35 135 100 144 141 130 10 119 89 172 94 139 63 126 107 116 186 131 190 34 134 87 46 72 37 174 187 33 49 199 59 124 84 98 170 54 6 44 56 23 188 99 132 196 195 113 128 2 176 138 154 140 157 161 120 15 17 123 81 14 192 105 18 65 90 88 150 183 185 111 70 61 165 197 164 26 51 73 151 117 53 66
40 175 166 39 194 74 85 133 180 35 158 68 7 42 95 78 184 32 20 4 145 60 168 198 58 36 104 80 108 118 38 189 48 71 127 122 178 147 152 83 102 163 97 79 21 61 165 92 153 9 179 75 171 57 77 41 106 181 27 43 169 25 29 16 52 19 114 159 103 146 69 101 96 148 142 191 1 64 156 13 91 125 193 155 11 177 62 137 76 47 124 187 98 84 195 138 196 132 188 99 105 55 129 167 50 23 56 44 6 170 54 162 31 12 112 143 110 82 115 173 3 66 53 117 151 73 51 26 164 197 70 111 185 183 150 88 90 65 18 192 14 81 123 161 157 140 154 120 17 15 176 2 128 113 174 37 72 33 199 59 49 46 87 134 34 190 131 186 116 107 126 63 139 94 172 89 119 10 130 141 0 136 86 67 22 5 93 109 45 160 149 8 182 24 30 121 28 144 135 100
106 41 103 189 48 71 127 122 178 16 29 52 19 114 43 169 25 92 173 3 115 31 162 54 6 170 98 84 124 59 199 49 33 187 195 138 196 132 99 188 23 44 56 50 167 55 129 66 53 117 151 73 51 26 164 197 165 61 21 79 147 152 83 102 163 97 70 111 185 183 150 88 90 65 18 105 192 14 81 123 161 157 140 154 120 17 15 176 2 128 113 174 37 72 46 87 34 134 47 76 137 155 11 62 160 45 109 190 131 186 116 63 139 94 172 126 107 93 5 22 67 0 136 86 89 119 10 130 141 144 28 121 149 8 182 177 24 30 166 40 175 194 39 74 100 135 35 158 180 85 133 68 7 42 95 78 184 32 20 4 145 60 168 198 104 58 36 80 38 118 108 96 101 146 69 148 142 191 1 64 156 13 91 125 193 112 12 143 110 82 77 57 171 75 9 153 179 27 181 159
153 9 75 171 57 77 41 106 103 146 69 148 101 96 108 118 38 80 104 36 58 198 168 60 145 4 7 68 133 180 158 35 135 100 144 121 28 141 130 10 0 67 136 86 119 89 172 94 139 63 116 186 107 126 93 5 22 160 45 109 190 131 34 134 87 46 72 33 49 137 76 155 11 62 177 182 8 149 24 30 166 40 175 194 39 74 85 95 78 42 184 32 20 142 191 1 64 13 156 82 115 110 143 91 125 193 112 12 31 162 47 59 199 124 187 174 37 113 128 2 176 138 195 84 98 170 54 6 44 56 23 188 99 132 196 154 140 157 161 120 15 17 123 81 14 192 18 65 90 88 150 183 185 111 26 51 117 53 66 129 55 105 167 50 3 173 151 73 197 164 70 97 163 102 83 152 147 178 122 127 71 48 189 159 114 19 52 16 29 79 21 61 165 92 25 169 43 27 181 179
117 151 73 51 26 164 197 61 165 92 153 9 82 110 115 173 3 54 6 170 47 49 59 199 33 124 187 98 84 195 138 176 2 128 113 174 37 72 46 87 134 34 131 190 109 45 160 22 5 93 126 107 186 116 63 139 94 172 67 0 136 86 89 119 10 130 141 144 100 135 35 158 180 85 133 68 7 42 4 145 58 36 104 80 198 168 60 20 32 184 78 95 74 39 194 175 40 166 30 121 28 149 8 24 182 177 62 137 76 11 155 162 31 12 143 112 193 125 91 13 156 64 1 191 142 148 69 146 101 96 108 118 38 189 48 71 159 106 41 103 77 57 171 75 179 181 27 25 169 43 114 19 52 122 127 178 16 29 79 21 147 152 83 102 163 97 70 111 185 183 150 88 90 65 18 105 192 14 81 123 161 157 140 154 120 15 17 196 132 99 188 23 44 56 50 167 55 129 66 53
172 89 86 136 0 67 22 5 93 109 45 160 149 8 182 24 30 121 28 144 141 10 119 130 135 100 35 158 180 85 133 68 7 4 145 60 168 198 58 36 104 80 38 118 108 96 101 148 69 146 103 106 41 57 77 156 13 64 1 191 142 20 32 184 42 78 95 74 39 194 175 40 166 91 125 193 112 12 143 110 82 9 153 179 75 171 181 27 43 169 25 29 16 52 19 114 159 189 48 71 127 122 178 147 152 83 102 163 97 79 21 61 165 92 151 117 73 51 26 164 197 70 111 185 183 150 88 90 65 18 192 14 81 123 161 157 140 154 120 15 17 196 132 188 99 105 55 129 53 66 167 50 23 56 44 6 170 54 3 173 115 31 162 155 11 177 62 137 76 47 49 59 199 33 124 187 98 84 195 138 176 2 128 113 174 37 72 46 87 134 34 190 131 186 116 107 126 63 139 94
191 142 148 69 146 103 41 106 159 181 171 57 77 75 9 153 179 27 25 169 43 114 19 52 29 16 178 122 127 71 48 189 38 118 108 101 96 80 36 58 104 198 168 60 145 4 20 32 184 78 95 42 7 68 133 85 74 180 158 35 135 100 144 28 121 149 8 182 24 30 166 40 175 194 39 91 125 193 112 143 12 31 162 47 76 137 155 11 177 62 160 45 109 93 5 22 141 130 10 119 89 86 136 0 67 172 94 139 63 116 186 107 126 190 131 34 134 87 46 72 37 174 113 128 2 176 195 33 49 199 59 124 187 84 98 170 6 54 3 173 151 117 53 66 129 55 167 50 56 44 23 188 99 132 196 138 154 140 157 161 120 15 17 123 81 14 192 105 18 65 90 88 150 183 185 111 70 97 163 102 83 152 147 79 21 61 165 197 164 26 51 73 92 115 110 82 156 13 64 1
11 155 137 76 47 49 59 199 33 124 187 98 84 195 176 2 128 113 174 37 72 46 87 134 34 190 131 186 116 107 126 63 139 94 172 89 119 10 130 141 28 121 144 135 100 40 175 194 39 74 78 95 85 180 35 158 133 68 7 42 184 32 20 4 145 60 168 198 58 36 104 80 108 38 118 96 101 146 69 148 142 191 1 64 13 156 82 9 153 179 75 171 57 77 41 106 181 27 43 169 25 92 165 61 21 79 29 16 52 19 114 159 103 189 48 71 127 122 178 147 97 83 152 102 163 111 185 183 150 88 90 65 18 192 14 81 123 17 15 120 161 157 140 154 138 196 132 188 99 105 167 50 23 56 44 6 170 54 162 31 3 66 55 129 53 117 51 26 70 164 197 73 151 173 115 110 143 12 112 193 125 91 166 30 24 182 8 149 0 136 86 67 22 5 93 109 45 160 62 177
50 167 55 129 66 53 117 151 73 51 26 164 197 165 61 21 79 147 152 83 102 163 97 70 111 185 183 150 88 90 65 18 105 192 14 81 123 161 157 140 154 120 15 17 196 132 99 188 23 56 44 6 170 54 162 31 115 110 82 9 153 179 75 77 57 171 181 27 43 159 106 41 103 146 69 101 148 142 78 95 74 194 39 191 1 64 13 156 143 12 112 193 125 91 24 182 8 149 109 45 160 62 177 11 155 137 76 47 124 187 98 84 195 138 176 2 128 113 174 37 72 33 199 59 49 46 87 134 34 190 131 186 116 63 94 172 139 107 126 93 5 22 67 0 136 86 89 119 10 130 141 144 28 121 30 166 175 40 100 135 35 158 180 85 133 68 7 42 184 32 20 4 145 60 168 198 58 36 104 80 96 108 118 38 189 48 71 114 19 52 122 127 178 16 29 169 25 92 173 3
8 149 109 45 160 62 177 11 155 137 76 162 31 12 143 112 193 125 91 13 156 64 1 191 142 148 69 146 101 96 108 118 38 189 48 71 127 122 178 16 29 52 19 114 159 103 106 41 57 77 82 110 115 9 153 179 75 171 181 43 169 25 27 92 173 3 50 167 55 129 66 53 117 151 73 51 26 164 197 165 61 21 79 147 152 83 102 163 97 70 111 185 183 150 88 90 65 18 105 192 14 81 123 161 157 140 154 120 15 17 196 132 99 188 23 56 44 6 54 170 98 84 195 138 176 2 128 113 37 174 187 124 47 49 59 199 33 72 46 87 134 34 190 131 186 116 63 94 172 139 107 126 93 5 22 67 0 136 86 89 119 10 130 141 28 144 135 35 158 68 7 42 4 145 58 36 104 80 198 168 60 20 32 184 78 95 74 85 133 180 194 39 175 40 100 166 30 121 24 182
12 143 110 82 9 153 179 75 171 57 77 41 106 181 27 43 169 25 92 165 61 21 79 97 163 102 83 152 147 178 127 122 16 29 52 19 114 159 71 48 189 103 146 69 148 142 191 1 64 156 13 91 125 112 193 155 11 177 62 160 45 109 93 5 22 149 8 182 24 121 28 30 166 40 175 194 39 74 95 78 184 32 20 101 96 108 118 38 80 104 36 58 198 168 60 145 4 7 68 42 85 133 180 158 35 135 100 144 141 130 10 119 89 86 136 0 67 172 94 139 63 116 186 107 126 190 131 34 134 87 46 137 76 47 162 31 54 170 6 44 56 23 188 99 132 196 195 84 98 187 124 59 199 49 33 72 37 174 113 128 2 176 138 154 140 157 161 120 15 17 123 81 14 192 18 65 90 88 150 183 185 111 70 197 164 26 51 73 151 117 53 66 129 55 105 167 50 3 173 115
184 20 32 42 68 7 4 145 60 168 198 58 36 104 80 108 96 101 148 69 146 118 38 103 189 48 71 159 114 19 52 178 122 127 152 83 102 163 97 147 16 29 79 21 61 165 92 25 169 43 27 181 106 41 77 57 171 75 179 153 9 82 156 13 110 115 173 3 50 167 55 129 66 53 117 151 73 51 26 164 197 70 111 185 183 150 88 90 65 18 105 192 14 81 123 161 157 140 154 120 15 17 196 132 99 188 23 56 44 6 170 54 162 31 12 143 112 193 125 91 24 182 8 149 109 45 160 62 177 11 155 137 76 47 49 59 199 33 124 187 98 84 195 138 176 2 128 113 174 37 72 46 87 134 34 190 131 186 116 63 94 172 139 107 126 93 5 22 67 0 136 86 89 119 10 130 141 144 28 121 30 166 39 1 64 191 142 194 175 40 100 135 35 158 180 133 85 74 95 78
20 32 184 78 95 42 7 68 133 85 180 158 35 135 100 144 141 130 10 119 89 94 172 86 136 0 67 22 5 93 126 107 139 63 116 186 131 190 109 160 45 34 134 87 46 72 37 174 113 128 2 176 195 84 98 187 124 33 199 59 49 47 76 137 155 11 62 177 182 24 8 149 28 121 30 166 40 175 194 39 74 191 1 64 142 148 69 146 103 41 106 159 181 171 57 77 75 179 153 9 82 156 13 91 125 193 112 12 143 110 115 31 162 54 170 6 44 56 23 188 99 132 196 138 154 140 157 161 120 15 17 123 81 14 192 105 18 65 90 88 150 183 185 111 70 97 163 102 83 152 147 79 21 61 165 197 164 26 51 117 53 129 55 167 50 66 3 173 151 73 92 27 43 169 25 29 16 178 127 122 52 19 114 71 48 189 38 118 101 96 108 80 36 58 104 198 168 60 145 4
121 28 144 100 135 35 158 180 85 133 68 7 42 4 145 58 36 104 80 198 168 60 20 32 184 78 95 74 39 194 175 40 166 125 91 13 156 64 1 191 142 148 69 146 101 96 108 118 38 189 48 71 127 122 178 16 29 52 19 114 159 103 106 41 57 77 82 110 143 12 112 193 162 31 115 9 153 179 75 171 181 43 169 25 27 92 173 3 50 167 55 129 66 53 117 151 73 51 26 164 197 165 61 21 79 147 152 83 102 163 97 70 111 185 183 150 88 90 65 18 105 192 14 81 123 161 157 140 154 120 15 17 196 132 99 188 23 56 44 6 54 170 98 84 195 138 176 2 128 113 174 37 72 187 124 33 199 59 49 46 87 134 34 186 116 63 139 107 126 172 94 89 119 130 141 10 0 136 86 67 22 5 93 109 190 131 45 137 76 47 155 11 177 62 160 149 8 182 24 30
141 130 10 0 67 136 86 119 89 172 94 139 63 116 186 107 126 93 5 22 109 160 45 190 131 34 134 87 46 72 37 174 113 128 2 176 195 84 98 187 124 33 199 59 49 47 76 137 62 177 11 155 166 91 125 193 112 31 162 54 170 6 44 56 23 188 99 132 196 138 154 140 157 161 120 15 17 123 81 14 192 18 65 90 88 150 183 185 111 70 26 51 164 197 73 151 117 53 129 55 105 167 50 66 3 173 115 12 143 110 9 153 179 75 171 181 27 43 169 25 92 165 61 21 79 147 97 163 102 83 152 127 122 178 16 29 52 19 114 159 71 48 189 103 106 41 57 77 82 156 13 64 1 191 78 184 32 20 96 101 148 142 69 146 118 38 108 80 104 36 58 198 168 60 145 4 7 42 133 68 158 35 180 85 95 74 39 194 175 40 100 135 144 28 121 30 24 182 8 149
173 3 66 53 129 55 105 167 50 56 44 23 188 99 132 196 17 15 120 154 140 157 161 123 81 14 192 18 65 90 88 150 183 185 111 163 102 83 152 127 122 178 147 97 70 164 26 51 117 151 73 197 165 61 21 79 29 16 52 19 114 71 48 189 38 118 108 96 101 146 69 148 142 191 1 64 156 13 91 125 112 193 155 11 177 62 76 137 160 45 109 93 5 22 67 86 136 0 28 121 149 8 182 24 30 166 40 175 194 39 74 95 78 184 32 20 60 168 198 80 104 36 58 145 4 7 68 42 85 133 180 158 35 135 100 144 141 130 10 119 89 172 94 139 63 126 107 116 186 131 190 34 134 87 46 72 37 174 113 128 2 176 138 195 84 98 187 124 33 199 59 49 47 170 6 54 162 31 12 143 110 82 77 57 103 41 106 159 43 169 25 27 181 171 75 179 9 153 92 115
119 10 141 28 121 149 8 109 93 5 22 67 0 136 86 89 172 94 139 63 126 107 116 186 131 190 34 87 72 46 134 45 160 62 137 76 49 59 199 33 124 187 174 37 113 128 2 176 138 195 84 98 170 54 6 44 56 23 188 99 132 196 154 140 157 161 120 15 17 123 81 14 192 18 65 90 88 150 183 185 111 70 97 163 102 83 152 127 122 178 147 197 164 26 51 73 151 117 53 66 129 55 105 167 50 3 173 92 165 61 21 79 29 16 52 19 114 43 169 25 27 179 75 77 57 171 181 41 106 103 159 71 48 189 38 118 108 96 101 146 69 148 142 191 1 64 156 13 91 125 193 112 12 143 110 82 9 153 115 31 162 47 155 11 177 182 24 30 166 40 175 194 39 74 95 78 184 32 20 60 168 198 80 104 36 58 145 4 7 68 42 85 133 180 158 35 135 100 144 130
90 88 150 183 185 111 70 164 26 51 73 151 117 53 129 55 66 3 173 115 12 143 110 82 77 57 103 41 106 159 43 169 25 27 181 171 75 179 9 153 92 197 165 61 21 79 147 97 163 102 83 152 127 122 178 16 29 52 19 114 71 48 189 38 118 108 96 101 146 69 148 142 191 1 64 156 13 91 125 193 112 31 162 54 170 6 44 56 50 167 23 188 99 132 196 195 84 98 187 124 33 199 59 49 47 76 137 155 11 62 160 45 109 93 5 22 67 86 136 0 28 121 149 8 182 177 24 30 166 40 175 194 39 74 95 78 184 32 20 60 168 198 80 104 36 58 145 4 7 68 42 85 133 180 158 35 135 100 144 141 130 10 119 89 172 94 139 63 126 107 116 186 131 190 34 134 87 46 72 37 174 113 128 2 176 138 154 140 157 161 120 15 17 123 81 14 192 105 18 65
132 196 138 154 140 157 161 120 15 17 123 81 14 192 18 65 90 88 105 55 129 66 53 150 183 185 111 163 102 83 152 127 122 178 147 97 70 26 51 117 151 73 164 197 165 61 21 79 29 16 52 19 114 71 48 189 38 118 108 96 101 146 69 148 142 191 1 64 156 13 91 125 193 112 12 143 110 82 77 57 103 41 106 159 43 169 25 27 181 171 75 179 9 153 92 173 3 115 31 162 155 11 177 62 160 45 109 93 5 22 149 8 182 24 121 28 30 166 40 175 194 39 74 95 78 184 32 20 60 168 198 80 104 36 58 145 4 7 68 42 85 133 180 158 35 135 100 144 141 130 10 119 89 86 136 0 67 172 94 139 63 116 186 107 126 190 131 34 134 87 46 137 76 47 49 199 59 124 187 33 72 37 174 113 128 2 176 195 84 98 170 54 6 44 56 50 167 23 188 99
119 10 141 28 121 149 8 109 93 5 22 67 0 136 86 89 172 94 139 63 126 107 116 186 131 190 34 87 72 46 134 45 160 62 137 76 49 59 199 33 124 187 174 37 113 128 2 176 138 195 84 98 170 54 6 44 56 23 188 99 132 196 154 140 157 161 120 15 17 123 81 14 192 18 65 90 88 150 183 185 111 70 97 163 102 83 152 127 122 178 147 197 164 26 51 73 151 117 53 66 129 55 105 167 50 3 173 92 165 61 21 79 29 16 52 19 114 43 169 25 27 179 75 77 57 171 181 41 106 103 159 71 48 189 38 118 108 96 101 146 69 148 142 191 1 64 156 13 91 125 193 112 12 143 110 82 9 153 115 31 162 47 155 11 177 182 24 30 166 40 175 194 39 74 95 78 184 32 20 60 168 198 80 104 36 58 145 4 7 68 42 85 133 180 158 35 135 100 144 130
117 151 73 51 26 164 197 61 165 92 153 9 82 110 115 173 3 54 6 170 47 49 59 199 33 124 187 98 84 195 138 176 2 128 113 174 37 72 46 87 134 34 131 190 109 45 160 22 5 93 126 107 186 116 63 139 94 172 67 0 136 86 89 119 10 130 141 144 100 135 35 158 180 85 133 68 7 42 4 145 58 36 104 80 198 168 60 20 32 184 78 95 74 39 194 175 40 166 30 121 28 149 8 24 182 177 62 137 76 11 155 162 31 12 143 112 193 125 91 13 156 64 1 191 142 148 69 146 101 96 108 118 38 189 48 71 159 106 41 103 77 57 171 75 179 181 27 25 169 43 114 19 52 122 127 178 16 29 79 21 147 152 83 102 163 97 70 111 185 183 150 88 90 65 18 105 192 14 81 123 161 157 140 154 120 15 17 196 132 99 188 23 44 56 50 167 55 129 66 53
94 172 89 86 136 0 67 22 5 93 109 45 160 149 8 182 24 30 121 28 144 141 10 119 130 135 100 35 158 180 85 133 68 7 4 145 60 168 198 58 36 104 80 38 118 108 96 101 148 69 146 103 189 48 71 159 114 19 52 29 16 178 122 127 152 83 102 163 97 147 21 79 25 169 43 27 181 106 41 77 57 171 75 179 153 9 82 156 13 64 1 191 142 20 32 184 42 78 95 74 39 194 175 40 166 91 125 143 110 115 173 3 50 167 55 129 66 53 117 151 73 51 26 164 197 92 165 61 70 111 185 183 150 88 90 65 18 105 192 14 81 123 161 157 140 154 120 15 17 196 132 99 188 23 56 44 6 170 54 162 31 12 112 193 155 11 177 62 137 76 47 49 59 199 33 124 187 98 84 195 138 176 2 128 113 174 37 72 46 87 134 34 190 131 186 116 107 126 63 139
32 20 4 145 60 168 198 58 36 104 80 108 38 118 96 101 146 69 148 142 191 1 64 13 91 125 156 77 57 41 106 103 159 189 48 71 114 19 52 29 16 122 127 178 147 152 83 102 163 97 79 21 61 165 92 25 169 43 27 181 171 75 179 153 9 82 110 115 173 3 50 167 55 129 66 53 117 151 73 51 26 164 197 70 111 185 183 150 88 90 65 18 105 192 14 81 123 161 157 140 154 120 15 17 196 132 99 188 23 56 44 6 170 54 162 31 12 143 112 193 155 11 177 182 24 8 149 109 45 160 62 137 76 47 49 59 199 33 124 187 98 84 195 138 176 2 128 113 174 37 72 46 87 134 34 190 131 186 116 63 94 172 139 107 126 93 5 22 67 0 136 86 89 119 10 130 141 144 28 121 30 166 175 40 100 135 35 158 180 133 68 7 42 85 194 39 74 95 78 184
133 158 35 180 85 74 39 194 175 40 100 135 144 141 130 10 0 67 136 86 119 89 172 94 139 63 116 186 107 126 93 5 22 109 190 131 34 134 87 46 72 33 49 199 59 124 187 174 37 113 128 2 176 138 195 84 98 170 54 6 44 56 23 188 99 132 196 154 140 157 161 120 15 17 123 81 14 192 18 65 90 88 150 183 185 111 26 164 51 117 53 66 129 55 105 167 50 3 31 162 47 76 137 45 160 149 8 62 155 11 177 182 24 121 28 30 166 91 125 193 112 12 143 110 115 173 151 73 197 70 97 163 102 83 152 147 178 122 127 71 48 189 103 159 114 19 52 16 29 79 21 61 165 92 25 169 43 27 181 106 41 77 57 171 75 179 153 9 82 156 13 64 1 191 142 148 69 146 101 96 118 38 108 80 104 36 58 198 168 60 145 4 20 32 184 78 95 42 7 68
76 137 62 177 11 155 193 112 12 143 110 82 9 153 179 75 171 57 77 41 106 181 27 43 169 25 92 165 61 21 79 147 97 163 102 83 152 127 122 178 16 29 52 19 114 159 71 48 189 103 146 69 148 142 191 1 64 156 13 91 125 166 40 175 194 39 74 78 184 32 20 101 96 108 118 38 80 104 36 58 198 168 60 145 4 7 68 42 95 85 133 180 158 35 135 100 144 28 121 30 24 182 8 149 160 45 109 22 141 130 10 0 67 136 86 119 89 94 172 5 93 126 107 139 63 116 186 131 190 34 134 87 46 72 37 174 113 128 2 176 195 84 98 187 124 33 199 59 49 47 54 170 6 44 56 23 188 99 132 196 138 154 140 157 161 120 15 17 123 81 14 192 18 65 90 88 150 183 185 111 70 197 164 26 51 73 151 117 53 66 129 55 105 167 50 3 173 115 31 162
31 162 54 170 6 44 56 23 188 99 132 196 138 154 140 157 161 120 15 17 123 81 14 192 18 65 90 88 150 183 185 111 26 51 117 53 66 129 55 105 167 50 3 115 173 151 73 197 164 70 97 163 102 83 152 147 178 122 127 71 48 189 38 118 108 101 96 198 80 104 36 58 168 60 145 4 20 32 184 78 95 42 7 68 133 85 74 180 158 35 135 144 28 121 149 8 160 45 109 93 5 22 141 130 10 119 89 86 136 0 67 172 94 139 63 116 186 107 126 190 131 34 134 87 46 72 37 174 113 128 2 176 195 84 98 187 124 33 199 59 49 47 76 137 62 155 11 177 182 24 30 166 100 40 175 194 39 13 156 64 1 191 142 148 69 146 103 159 114 19 52 16 29 79 21 61 165 92 25 169 43 27 181 106 41 77 57 171 75 179 153 9 82 110 12 143 91 125 193 112
184 20 32 42 68 7 4 145 60 168 198 58 36 104 80 108 96 101 148 69 146 118 38 103 189 48 71 159 114 19 52 178 122 127 152 83 102 163 97 147 16 29 79 21 61 165 92 25 169 43 27 181 106 41 77 57 171 75 179 153 9 82 156 13 110 115 173 3 50 167 55 129 66 53 117 151 73 51 26 164 197 70 111 185 183 150 88 90 65 18 105 192 14 81 123 161 157 140 154 120 15 17 196 132 99 188 23 56 44 6 170 54 162 31 12 143 112 193 125 91 24 182 8 149 109 45 160 62 177 11 155 137 76 47 49 59 199 33 124 187 98 84 195 138 176 2 128 113 174 37 72 46 87 134 34 190 131 186 116 63 94 172 139 107 126 93 5 22 67 0 136 86 89 119 10 130 141 144 28 121 30 166 39 1 64 191 142 194 175 40 100 135 35 158 180 133 85 74 95 78
167 55 129 53 117 151 73 51 26 164 197 165 61 21 79 147 152 83 102 163 97 70 111 185 183 150 88 90 65 18 105 192 14 81 123 17 15 120 161 157 140 154 176 138 196 132 99 188 23 50 56 44 6 54 170 98 84 195 2 128 113 37 174 187 124 59 199 49 33 72 46 87 134 34 131 190 109 45 160 22 5 93 126 107 186 116 63 139 94 172 67 0 136 86 89 119 10 130 141 144 100 135 35 158 180 85 133 68 7 42 4 145 58 36 104 80 198 168 60 20 32 184 78 95 74 39 194 175 40 166 30 121 28 149 8 24 182 177 11 155 62 137 76 47 162 31 12 143 112 193 125 91 13 156 64 1 191 142 148 69 146 101 96 108 118 38 189 48 71 127 122 178 16 29 52 19 114 159 103 41 106 43 169 25 27 181 171 57 77 75 179 153 9 82 110 115 92 173 3 66
140 154 138 196 132 99 188 23 56 44 6 170 98 84 124 59 199 49 33 187 195 176 2 128 113 174 37 72 46 87 134 34 131 190 126 107 186 116 63 139 94 172 89 119 10 130 141 144 100 135 35 158 180 85 133 68 7 42 4 145 58 36 104 80 198 168 60 20 32 184 78 95 74 39 194 175 40 166 30 28 121 24 182 8 149 0 136 86 67 22 5 93 109 45 160 62 177 11 155 137 76 47 54 162 31 12 143 112 193 125 91 13 156 64 1 191 142 148 69 146 101 96 108 118 38 189 48 71 127 122 178 16 29 52 19 114 43 169 25 27 159 103 106 41 181 171 57 77 75 179 153 9 82 110 115 92 173 3 50 167 55 129 66 53 117 151 73 51 26 164 197 165 61 21 79 147 152 83 102 163 97 70 111 185 183 150 88 90 65 18 105 192 14 81 123 17 15 120 161 157
149 8 182 177 11 155 47 76 137 62 160 45 109 22 141 130 10 0 67 136 86 119 89 94 172 5 93 126 107 139 63 116 186 131 190 34 134 87 46 49 59 199 33 124 187 72 37 174 113 128 2 176 138 195 84 98 170 54 6 44 56 23 188 99 132 196 17 15 120 154 140 157 161 123 81 14 192 105 18 65 90 88 150 183 185 111 70 97 163 102 83 152 147 79 21 61 165 197 164 26 51 73 151 117 53 66 129 55 167 50 3 173 92 27 25 169 43 181 171 75 179 153 9 115 31 162 193 112 12 143 110 82 77 57 41 106 103 159 114 19 52 29 16 178 122 127 71 48 189 38 118 108 96 101 146 69 148 142 191 1 64 156 13 91 125 166 40 175 39 194 180 133 85 74 95 78 184 32 20 60 168 198 80 104 36 58 145 4 42 7 68 158 35 135 100 144 28 121 30 24
34 134 87 46 72 37 174 113 128 2 176 195 84 98 187 124 33 199 59 49 47 162 193 112 12 143 110 82 9 153 179 75 171 57 77 41 106 181 27 43 169 25 79 147 21 61 165 92 115 31 54 170 6 44 56 23 188 99 132 196 138 154 140 157 161 120 15 17 123 81 14 192 18 65 90 88 150 183 185 111 26 51 117 53 66 129 55 105 167 50 3 173 151 73 197 164 70 97 163 102 83 152 127 122 178 16 29 52 19 114 159 71 48 189 103 146 69 148 142 191 1 64 156 13 91 125 39 194 74 78 184 32 20 101 96 108 118 38 80 104 36 58 198 168 60 145 4 7 68 42 95 85 133 180 158 35 135 100 40 175 166 30 121 28 144 141 130 10 119 89 94 172 86 136 0 67 22 93 5 149 8 24 182 177 62 11 155 76 137 160 45 109 126 107 139 63 116 186 131 190
102 163 97 70 111 185 183 150 88 90 65 18 105 192 14 81 123 161 157 140 154 120 15 17 196 132 99 188 23 44 56 50 167 55 129 53 66 3 54 6 170 98 84 195 138 176 2 128 113 174 37 72 33 187 124 59 199 49 46 87 134 34 131 190 126 107 186 116 63 139 94 172 89 119 10 130 141 144 100 135 35 158 180 85 133 68 7 42 4 145 58 36 104 80 198 168 60 20 32 184 78 95 74 39 194 175 40 166 30 28 121 24 182 8 149 0 136 86 67 22 5 93 109 45 160 62 177 11 155 137 76 47 162 31 12 143 112 193 125 91 13 156 64 1 191 142 148 69 146 101 96 108 118 38 189 48 71 159 103 106 41 171 57 77 82 110 115 173 151 117 73 51 26 164 197 61 165 92 153 9 75 179 181 27 25 169 43 114 19 52 16 29 79 21 147 178 122 127 152 83
73 51 26 164 70 111 185 183 150 88 90 65 18 105 192 14 81 123 161 157 140 154 120 17 15 176 2 128 113 37 174 187 124 59 199 49 33 72 46 87 134 34 131 190 109 45 160 22 5 93 126 107 186 116 63 139 94 172 67 0 136 86 89 119 10 130 141 144 100 135 35 158 180 85 133 68 7 42 4 145 58 36 104 80 198 168 60 20 32 184 78 95 74 39 194 175 40 166 30 121 28 149 8 24 182 177 11 155 62 137 76 47 162 31 54 6 170 98 84 195 138 196 132 99 188 23 44 56 50 167 55 129 66 53 117 151 3 173 115 110 143 12 112 193 125 91 82 156 13 64 1 191 142 148 69 146 101 96 108 118 38 189 48 71 127 122 178 147 152 83 102 163 97 61 21 79 29 16 52 19 114 43 169 25 27 181 159 103 106 41 77 57 171 75 179 9 153 92 165 197
160 45 134 46 72 87 34 131 190 126 107 186 116 63 139 94 172 89 119 10 130 141 144 100 135 35 158 180 85 133 68 7 42 4 145 58 36 104 80 198 168 60 20 32 184 78 95 74 39 194 175 40 166 125 91 13 156 64 1 191 142 148 69 146 101 96 108 118 38 189 48 71 127 122 178 16 29 52 19 114 159 103 106 41 57 77 82 110 143 12 112 193 162 31 115 9 153 179 75 171 181 43 169 25 27 92 173 3 50 167 55 129 66 53 117 151 73 51 26 164 197 165 61 21 79 147 152 83 102 163 97 70 111 185 183 150 88 90 65 18 105 192 14 81 123 161 157 140 154 120 15 17 196 132 99 188 23 56 44 6 54 170 98 84 195 138 176 2 128 113 37 174 187 124 33 199 59 49 47 76 137 62 155 11 177 182 8 149 24 30 121 28 0 136 86 67 22 5 93 109
172 89 86 136 0 67 22 5 93 109 45 160 149 8 182 24 30 121 28 144 141 10 119 130 135 100 35 158 180 85 133 68 7 4 145 60 168 198 58 36 104 80 38 118 108 96 101 148 69 146 103 106 41 57 77 156 13 64 1 191 142 20 32 184 42 78 95 74 39 194 175 40 166 91 125 193 112 12 143 110 82 9 153 179 75 171 181 27 43 169 25 29 16 52 19 114 159 189 48 71 127 122 178 147 152 83 102 163 97 79 21 61 165 92 151 117 73 51 26 164 197 70 111 185 183 150 88 90 65 18 192 14 81 123 161 157 140 154 120 15 17 196 132 188 99 105 55 129 53 66 167 50 23 56 44 6 170 54 3 173 115 31 162 155 11 177 62 137 76 47 49 59 199 33 124 187 98 84 195 138 176 2 128 113 174 37 72 46 87 134 34 190 131 186 116 107 126 63 139 94
117 151 73 51 26 164 197 61 165 92 153 9 82 110 115 173 3 54 6 170 47 49 59 199 33 124 187 98 84 195 138 176 2 128 113 174 37 72 46 87 134 34 131 190 109 45 160 22 5 93 126 107 186 116 63 139 94 172 67 0 136 86 89 119 10 130 141 144 100 135 35 158 180 85 133 68 7 42 4 145 58 36 104 80 198 168 60 20 32 184 78 95 74 39 194 175 40 166 30 121 28 149 8 24 182 177 62 137 76 11 155 162 31 12 143 112 193 125 91 13 156 64 1 191 142 148 69 146 101 96 108 118 38 189 48 71 159 106 41 103 77 57 171 75 179 181 27 25 169 43 114 19 52 122 127 178 16 29 79 21 147 152 83 102 163 97 70 111 185 183 150 88 90 65 18 105 192 14 81 123 161 157 140 154 120 15 17 196 132 99 188 23 44 56 50 167 55 129 66 53
139 63 116 186 107 126 93 5 22 109 160 45 190 131 34 134 87 46 72 37 174 113 128 2 176 138 195 84 98 187 124 33 49 199 59 170 6 54 3 66 50 56 44 23 188 99 132 196 154 140 157 161 120 15 17 123 81 14 192 167 129 55 105 18 65 90 88 150 53 183 185 111 163 102 83 152 127 122 178 147 97 70 197 164 26 51 73 117 151 173 115 31 162 47 76 137 62 177 11 155 193 112 12 143 110 82 9 153 179 75 171 57 77 41 106 181 27 43 169 25 92 165 61 21 79 29 16 52 19 114 159 71 48 189 103 146 69 148 101 96 108 118 38 80 104 36 58 198 168 60 145 4 20 32 184 42 7 68 133 85 180 158 35 135 100 40 175 194 39 74 95 78 142 191 1 64 156 13 91 125 166 30 24 182 8 149 121 28 144 141 130 10 119 89 86 136 0 67 172 94
126 93 5 22 67 0 136 86 89 119 10 130 141 28 121 144 100 135 35 158 180 85 133 68 7 42 4 145 58 36 104 80 198 168 60 20 32 184 78 95 74 39 194 175 40 166 30 24 149 8 182 177 11 155 125 91 13 156 64 1 191 142 148 69 146 101 96 108 118 38 189 48 71 127 122 178 16 29 52 19 114 159 103 106 41 57 77 82 110 143 12 112 193 162 31 115 9 153 179 75 171 181 43 169 25 27 92 173 3 50 167 55 129 66 53 117 151 73 51 26 164 197 165 61 21 79 147 152 83 102 163 97 70 111 185 183 150 88 90 65 18 105 192 14 81 123 161 157 140 154 120 15 17 196 132 99 188 23 56 44 6 54 170 98 84 195 138 176 2 128 113 37 174 187 124 33 199 59 49 47 76 137 62 160 45 109 190 131 134 46 72 87 34 186 116 107 63 139 94 172
151 117 53 66 129 55 167 50 3 173 115 110 82 75 179 9 153 92 21 79 147 97 163 102 83 152 127 122 178 16 29 52 19 114 43 169 25 27 181 171 57 77 103 41 106 159 71 48 189 38 118 108 96 101 146 69 148 142 191 1 64 156 13 91 125 193 112 143 12 31 162 54 47 76 137 155 11 62 160 45 109 93 5 22 67 86 136 0 28 121 149 8 182 177 24 30 166 40 175 194 39 74 95 78 184 32 20 60 168 198 80 104 36 58 145 4 7 68 42 85 133 180 158 35 135 100 144 141 130 10 119 89 172 94 139 63 126 107 116 186 131 190 34 134 87 46 72 37 128 2 176 195 113 174 33 49 199 59 124 187 84 98 170 6 44 56 23 188 99 132 196 138 154 140 157 161 120 15 17 123 81 14 192 105 18 65 90 88 150 183 185 111 70 61 165 197 164 26 51 73
50 167 55 129 66 53 117 151 73 51 26 164 197 165 61 21 79 147 152 83 102 163 97 70 111 185 183 150 88 90 65 18 105 192 14 81 123 161 157 140 154 120 15 17 196 132 99 188 23 56 44 6 170 54 162 31 115 110 82 9 153 179 75 77 57 171 181 27 43 159 106 41 103 146 69 101 148 142 78 95 74 194 39 191 1 64 13 156 143 12 112 193 125 91 24 182 8 149 109 45 160 62 177 11 155 137 76 47 124 187 98 84 195 138 176 2 128 113 174 37 72 33 199 59 49 46 87 134 34 190 131 186 116 63 94 172 139 107 126 93 5 22 67 0 136 86 89 119 10 130 141 144 28 121 30 166 175 40 100 135 35 158 180 85 133 68 7 42 184 32 20 4 145 60 168 198 58 36 104 80 96 108 118 38 189 48 71 114 19 52 122 127 178 16 29 169 25 92 173 3
37 174 113 128 2 176 138 195 84 98 132 196 154 140 157 161 120 15 17 123 81 14 192 99 188 23 44 56 50 167 105 18 65 90 88 150 183 53 129 55 66 3 6 170 54 162 31 12 143 112 193 125 91 13 156 64 1 191 142 148 69 146 103 106 41 77 57 171 75 179 153 9 82 110 115 173 151 117 73 197 164 26 51 185 111 70 97 163 102 83 152 147 79 21 61 165 92 25 169 27 181 43 29 16 178 127 122 52 19 114 159 71 48 189 38 118 108 101 96 80 36 58 104 198 168 60 145 4 20 32 184 78 95 42 7 68 133 85 180 158 35 135 100 74 39 194 175 40 166 30 24 182 8 149 121 28 144 141 130 10 119 89 86 136 0 67 22 5 93 109 160 62 177 11 155 47 76 137 45 190 131 107 126 172 94 139 63 116 186 34 134 87 46 49 59 199 33 124 187 72
95 42 7 68 158 35 180 133 85 74 39 194 175 40 100 135 144 141 130 10 119 89 86 136 0 67 172 94 126 107 139 63 116 186 131 190 34 134 87 46 72 37 174 113 128 2 176 138 195 84 98 187 124 33 199 59 49 47 76 137 155 11 177 62 160 45 109 93 5 22 149 8 182 24 121 28 30 166 91 125 193 112 143 12 31 162 54 170 6 44 56 23 188 99 132 196 17 15 120 154 140 157 161 123 81 14 192 105 18 65 90 88 150 183 185 111 70 197 164 26 51 73 151 117 53 66 129 55 167 50 3 173 115 110 13 156 82 9 153 179 75 171 57 77 41 106 181 27 43 169 25 92 165 61 21 79 29 16 147 97 163 102 83 152 127 122 178 52 19 114 159 71 48 189 103 146 69 64 1 191 142 148 101 118 38 108 96 80 36 58 104 198 168 60 145 4 20 32 184 78
105 18 65 90 88 150 183 185 111 70 26 164 197 165 61 21 79 147 97 163 102 83 152 127 122 178 16 29 52 19 114 71 48 189 38 118 108 96 101 146 69 148 142 191 1 64 156 13 91 125 193 112 12 143 110 82 77 57 103 41 106 159 43 169 25 27 181 171 75 179 9 153 92 115 31 162 54 6 170 98 84 187 124 33 199 59 49 47 76 137 155 11 62 160 45 109 93 5 22 67 86 136 0 28 121 149 8 182 177 24 30 166 40 175 194 39 74 95 78 184 32 20 60 168 198 80 104 36 58 145 4 7 68 42 85 133 180 158 35 135 100 144 141 130 10 119 89 172 94 139 63 126 107 116 186 131 190 34 134 87 46 72 37 174 113 128 2 176 195 138 196 132 17 15 120 154 140 157 161 123 81 14 192 99 188 23 44 56 50 167 66 3 173 151 73 51 117 53 129 55
74 95 78 42 184 32 20 60 145 4 7 68 158 35 180 133 85 194 175 40 100 135 144 141 130 10 119 89 94 172 86 136 0 67 126 107 139 63 116 186 131 190 34 134 87 46 72 37 174 113 128 2 176 138 195 84 98 170 54 6 44 56 23 188 99 132 196 154 140 157 161 120 15 17 123 81 14 192 18 65 90 88 150 183 185 111 70 197 164 26 51 73 151 117 53 66 129 55 105 167 50 3 173 115 31 162 124 187 33 199 59 49 47 76 137 155 11 177 62 160 45 109 93 5 22 149 8 182 24 121 28 30 166 91 125 193 112 12 143 110 82 9 153 179 75 171 57 77 41 106 181 27 43 169 25 92 165 61 21 79 147 97 163 102 83 152 127 122 178 16 29 52 19 114 159 71 48 189 103 146 69 118 38 108 80 104 36 58 168 198 96 101 148 142 191 1 64 156 13 39
142 148 101 96 108 80 36 58 104 198 168 60 145 4 20 32 184 78 95 42 7 68 133 85 74 180 158 35 135 100 144 28 121 149 8 182 24 30 166 40 175 194 39 191 1 64 156 13 91 125 193 112 143 12 31 162 47 76 137 155 11 177 62 160 45 109 93 5 22 141 130 10 119 89 86 136 0 67 172 94 139 63 116 186 107 126 190 131 34 134 87 46 72 37 174 113 128 2 176 195 33 49 199 59 124 187 84 98 170 6 54 3 151 73 197 164 26 51 117 53 66 129 55 167 50 56 44 23 188 99 132 196 138 154 140 157 161 120 15 17 123 81 14 192 105 18 65 90 88 150 183 185 111 70 97 163 102 83 152 147 178 127 122 52 19 16 29 79 21 61 165 92 173 115 110 82 9 153 179 75 77 57 171 181 27 25 169 43 114 71 48 189 38 118 159 106 41 103 146 69
169 25 92 165 61 197 164 26 51 73 151 117 53 66 129 55 167 50 3 173 115 31 162 54 170 6 44 56 23 188 99 132 196 195 84 98 187 124 33 199 59 49 47 76 137 155 11 62 160 45 109 93 5 22 67 86 136 0 28 121 149 8 182 177 24 30 166 40 175 194 39 74 95 78 184 32 20 60 168 198 80 104 36 58 145 4 7 68 42 85 133 180 158 35 135 100 144 141 130 10 119 89 172 94 139 63 126 107 116 186 131 190 34 134 87 46 72 37 174 113 128 2 176 138 154 140 157 161 120 15 17 123 81 14 192 105 18 65 90 88 150 183 185 111 70 97 163 102 83 152 147 178 127 122 52 19 71 48 189 38 118 108 96 101 146 69 148 142 191 1 64 156 13 91 125 193 112 12 143 110 82 9 153 179 75 77 57 171 181 27 43 106 41 103 159 114 29 16 79 21
111 185 183 150 88 90 65 18 192 14 81 123 161 157 140 154 120 15 17 99 188 132 196 138 176 2 128 195 113 174 37 72 46 87 134 34 131 190 126 107 186 116 63 139 94 172 89 119 10 130 141 144 100 135 35 158 180 85 133 68 7 42 4 145 58 36 104 80 198 168 60 20 32 184 78 95 74 39 194 175 40 166 30 28 121 24 182 8 149 0 136 86 67 22 5 93 109 45 160 62 177 11 155 193 112 125 91 13 156 64 1 191 142 148 69 146 101 96 108 118 38 189 48 71 114 19 52 122 127 178 16 29 79 21 147 152 83 102 163 97 61 165 197 73 151 3 173 92 153 9 75 179 181 27 25 169 43 159 103 106 41 171 57 77 82 115 110 143 12 31 162 47 76 137 49 59 199 33 124 187 84 98 170 54 6 44 56 23 50 167 105 55 129 66 53 117 51 26 164 70
89 119 130 135 100 35 158 180 85 133 68 7 4 145 60 168 198 58 36 104 80 38 118 108 96 101 148 69 146 103 189 48 71 127 122 178 16 29 52 19 114 159 106 41 77 57 171 75 179 181 27 43 169 25 79 21 147 152 83 102 163 97 70 111 185 183 150 88 90 55 129 66 53 117 151 73 51 26 164 197 61 165 92 153 9 82 156 13 64 1 191 142 20 32 184 42 78 95 74 39 194 175 40 166 91 125 143 110 115 173 3 50 167 105 18 65 192 14 81 123 161 157 140 154 120 15 17 196 132 99 188 23 56 44 6 170 54 162 31 12 112 193 155 11 177 62 137 76 47 49 59 199 33 124 187 98 84 195 138 176 2 128 113 174 37 72 46 87 134 34 131 190 126 107 186 116 63 139 94 172 86 136 0 67 22 5 93 109 45 160 149 8 182 24 30 121 28 144 141 10
44 56 50 167 55 129 53 66 3 54 6 170 47 76 137 46 87 134 34 131 190 126 107 186 116 63 139 94 172 89 119 10 130 141 144 100 135 35 158 180 85 133 68 7 42 4 145 58 36 104 80 198 168 60 20 32 184 78 95 74 39 194 175 40 166 30 28 121 24 182 8 149 0 136 86 67 22 5 93 109 45 160 62 177 11 155 162 31 12 143 112 193 125 91 13 156 64 1 191 142 148 69 146 101 96 108 118 38 189 48 71 159 103 106 41 171 57 77 82 110 115 173 92 153 9 75 179 181 27 25 169 43 114 19 52 16 29 79 21 61 165 197 73 151 117 51 26 164 70 97 147 178 122 127 152 83 102 163 111 185 183 150 88 90 65 18 105 192 14 81 123 161 157 140 154 120 17 15 176 2 128 113 174 37 72 33 49 199 59 124 187 98 84 195 138 196 132 99 188 23
50 167 55 129 66 53 117 151 73 51 26 164 197 165 61 21 79 147 152 83 102 163 97 70 111 185 183 150 88 90 65 18 105 192 14 81 123 161 157 140 154 120 15 17 196 132 99 188 23 56 44 6 170 54 162 31 115 110 82 9 153 179 75 77 57 171 181 27 43 159 106 41 103 146 69 101 148 142 78 95 74 194 39 191 1 64 13 156 143 12 112 193 125 91 24 182 8 149 109 45 160 62 177 11 155 137 76 47 124 187 98 84 195 138 176 2 128 113 174 37 72 33 199 59 49 46 87 134 34 190 131 186 116 63 94 172 139 107 126 93 5 22 67 0 136 86 89 119 10 130 141 144 28 121 30 166 175 40 100 135 35 158 180 85 133 68 7 42 184 32 20 4 145 60 168 198 58 36 104 80 96 108 118 38 189 48 71 114 19 52 122 127 178 16 29 169 25 92 173 3
94 172 89 86 136 0 67 22 5 93 109 45 160 149 8 182 24 30 121 28 144 141 10 119 130 135 100 35 158 180 85 133 68 7 4 145 60 168 198 58 36 104 80 38 118 108 96 101 148 69 146 103 189 48 71 159 114 19 52 29 16 178 122 127 152 83 102 163 97 147 21 79 25 169 43 27 181 106 41 77 57 171 75 179 153 9 82 156 13 64 1 191 142 20 32 184 42 78 95 74 39 194 175 40 166 91 125 143 110 115 173 3 50 167 55 129 66 53 117 151 73 51 26 164 197 92 165 61 70 111 185 183 150 88 90 65 18 105 192 14 81 123 161 157 140 154 120 15 17 196 132 99 188 23 56 44 6 170 54 162 31 12 112 193 155 11 177 62 137 76 47 49 59 199 33 124 187 98 84 195 138 176 2 128 113 174 37 72 46 87 134 34 190 131 186 116 107 126 63 139
93 5 22 67 0 136 86 89 119 10 130 141 28 121 30 24 182 8 149 160 137 76 62 177 11 155 193 112 12 143 110 82 9 153 179 75 171 57 77 41 106 181 27 43 169 25 92 165 61 21 79 29 16 52 19 114 159 103 146 69 148 142 191 1 64 156 13 91 125 166 175 39 78 95 74 194 40 100 144 135 35 158 180 85 133 68 7 42 184 32 20 4 145 60 168 198 58 36 104 80 96 101 108 118 38 189 48 71 127 122 178 147 152 83 102 163 97 70 111 185 183 150 88 90 65 18 192 14 81 123 161 157 140 154 120 15 17 196 132 188 99 105 167 50 23 56 44 6 170 54 3 66 55 129 53 117 51 26 164 197 73 151 173 115 31 162 47 49 59 199 33 124 187 98 84 195 138 176 2 128 113 174 37 72 46 87 134 34 186 116 63 139 94 172 126 107 131 190 45 109
134 34 190 131 186 116 63 94 172 139 107 126 93 5 22 67 0 136 86 89 119 10 130 141 144 100 135 35 158 180 133 68 7 4 145 60 168 198 58 36 104 80 38 118 108 96 101 148 69 146 103 189 48 71 127 122 178 152 83 102 163 97 147 21 61 165 79 29 16 52 19 114 159 43 169 25 27 181 106 41 77 57 171 75 179 153 9 82 110 143 125 91 13 156 64 1 191 142 20 32 184 42 78 95 85 74 39 194 175 40 166 30 28 121 24 182 8 149 109 45 160 62 177 11 155 193 112 31 12 115 92 173 3 50 167 55 129 66 53 117 151 73 51 26 164 197 70 111 185 183 150 88 90 65 18 105 192 14 81 123 161 157 140 154 120 15 17 196 132 99 188 23 56 44 6 170 54 162 47 76 137 49 59 199 33 124 187 98 84 195 138 176 2 128 113 174 37 72 46 87
180 158 35 135 100 40 175 194 39 166 30 121 28 144 141 149 8 24 182 177 11 155 62 160 45 109 93 5 22 67 86 136 0 10 130 119 89 172 94 139 63 126 107 116 186 131 190 34 134 87 46 72 33 49 137 76 47 59 199 124 187 174 37 113 128 2 176 138 195 84 98 170 54 6 44 56 23 188 99 132 196 154 140 157 161 120 15 17 123 81 14 192 18 65 90 88 150 183 185 111 70 26 51 164 197 73 117 53 66 129 55 105 167 50 3 151 173 115 31 162 193 125 91 112 12 143 110 9 153 179 75 171 181 27 43 169 25 92 165 61 21 79 147 97 163 102 83 152 127 122 178 16 29 52 19 114 159 71 48 189 103 106 41 57 77 82 156 13 64 1 191 142 148 69 146 101 118 38 108 96 80 36 58 104 198 168 60 145 4 20 32 184 7 68 133 42 78 95 74 85
106 41 103 189 48 71 127 122 178 16 29 52 19 114 43 169 25 92 173 3 115 31 162 54 6 170 98 84 124 59 199 49 33 187 195 138 196 132 99 188 23 44 56 50 167 55 129 66 53 117 151 73 51 26 164 197 165 61 21 79 147 152 83 102 163 97 70 111 185 183 150 88 90 65 18 105 192 14 81 123 161 157 140 154 120 17 15 176 2 128 113 174 37 72 46 87 34 134 47 76 137 155 11 62 160 45 109 190 131 186 116 63 139 94 172 126 107 93 5 22 67 0 136 86 89 119 10 130 141 144 28 121 149 8 182 177 24 30 166 40 175 194 39 74 100 135 35 158 180 85 133 68 7 42 95 78 184 32 20 4 145 60 168 198 104 58 36 80 38 118 108 96 101 146 69 148 142 191 1 64 156 13 91 125 193 112 12 143 110 82 77 57 171 75 9 153 179 27 181 159
54 170 98 84 195 2 128 113 37 174 187 124 59 199 49 33 72 46 87 134 34 131 190 109 45 160 22 5 93 126 107 186 116 63 139 94 172 67 0 136 86 89 119 10 130 141 144 100 135 35 158 180 85 133 68 7 42 4 145 58 36 104 80 198 168 60 20 32 184 78 95 74 39 194 175 40 166 30 121 28 149 8 24 182 177 11 155 62 137 76 47 162 31 12 143 112 193 125 91 13 156 64 1 191 142 148 69 146 101 96 108 118 38 189 48 71 127 122 178 16 29 52 19 114 159 103 106 41 57 77 82 110 115 9 153 179 75 171 181 43 169 25 27 92 173 3 50 167 55 129 66 53 117 151 73 51 26 164 197 165 61 21 79 147 152 83 102 163 97 70 111 185 183 150 88 90 65 18 105 192 14 81 123 17 15 120 161 157 140 154 176 138 196 132 99 188 23 56 44 6
91 125 112 143 12 3 173 115 110 82 9 153 179 75 77 57 171 27 43 169 25 92 165 61 21 79 29 16 52 19 114 159 181 106 41 64 1 191 142 148 69 146 103 189 48 71 127 122 178 147 152 83 102 163 97 70 111 185 183 150 88 90 55 129 53 117 51 26 164 197 73 151 66 50 167 105 18 65 192 14 81 123 161 157 140 154 120 15 17 196 132 99 188 23 56 44 6 54 170 98 84 195 138 176 2 128 113 37 174 187 124 59 199 49 33 72 46 87 134 34 190 131 186 116 107 126 63 139 94 172 89 119 86 136 0 67 22 5 93 109 45 160 62 137 76 47 162 31 193 155 11 177 182 24 8 149 141 10 130 144 28 121 30 166 100 135 35 158 180 133 68 7 4 145 60 168 198 58 36 104 80 38 118 108 96 101 20 32 184 78 95 42 85 74 194 40 175 39 13 156
125 91 166 30 24 149 8 182 177 11 155 193 162 47 124 187 33 199 59 49 76 137 62 160 45 109 93 5 22 67 86 136 0 10 130 119 89 172 94 139 63 116 186 107 126 190 131 34 134 87 46 72 37 174 113 128 2 176 138 195 84 98 170 54 6 44 56 23 188 99 132 196 154 140 157 161 120 15 17 123 81 14 192 18 65 90 88 150 183 185 111 26 51 117 53 66 129 55 105 167 50 3 31 115 173 151 73 197 164 70 97 163 102 83 152 147 79 21 61 165 92 25 169 43 27 181 41 106 159 114 19 52 29 16 178 122 127 71 48 189 103 146 69 148 101 96 108 118 38 80 104 36 58 198 168 60 145 4 7 68 42 95 85 133 180 158 35 135 141 28 121 144 100 40 175 194 39 74 78 184 32 20 142 191 1 64 13 156 77 57 171 75 179 153 9 82 110 143 12 112
42 184 32 20 60 145 4 7 68 133 85 180 158 35 135 100 40 175 194 39 91 125 193 112 143 110 12 31 162 124 187 33 199 59 49 47 76 137 155 11 177 62 160 45 109 107 126 86 136 0 67 22 93 5 149 8 182 24 166 30 121 28 144 141 130 10 119 89 172 94 139 63 116 186 131 190 34 134 87 46 72 37 174 113 128 2 176 138 195 84 98 170 54 6 44 56 23 188 99 132 196 154 140 157 161 120 15 17 123 81 14 192 18 65 90 88 150 183 185 111 26 164 51 117 53 66 129 55 105 167 50 3 115 173 151 73 197 70 97 163 102 83 152 147 178 122 127 71 48 189 38 118 108 80 104 36 58 168 198 96 101 148 142 69 146 103 159 114 19 52 16 29 79 21 61 165 92 25 169 43 27 181 106 41 77 57 171 75 179 153 9 82 156 13 64 1 191 74 95 78
32 20 4 145 60 168 198 58 36 104 80 108 38 118 96 101 146 69 148 142 191 1 64 13 91 125 156 77 57 41 106 103 159 189 48 71 114 19 52 29 16 122 127 178 147 152 83 102 163 97 79 21 61 165 92 25 169 43 27 181 171 75 179 153 9 82 110 115 173 3 50 167 55 129 66 53 117 151 73 51 26 164 197 70 111 185 183 150 88 90 65 18 105 192 14 81 123 161 157 140 154 120 15 17 196 132 99 188 23 56 44 6 170 54 162 31 12 143 112 193 155 11 177 182 24 8 149 109 45 160 62 137 76 47 49 59 199 33 124 187 98 84 195 138 176 2 128 113 174 37 72 46 87 134 34 190 131 186 116 63 94 172 139 107 126 93 5 22 67 0 136 86 89 119 10 130 141 144 28 121 30 166 175 40 100 135 35 158 180 133 68 7 42 85 194 39 74 95 78 184
101 148 142 69 146 103 106 41 181 27 43 169 25 29 16 52 19 114 159 189 48 71 127 122 178 147 152 83 102 163 97 79 21 61 165 92 173 3 50 167 55 129 66 53 117 151 73 51 26 164 197 70 111 185 183 150 88 90 65 18 105 192 14 81 123 161 157 140 154 120 15 17 196 132 99 188 23 56 44 6 170 54 115 31 162 47 76 137 49 59 199 33 124 187 98 84 195 138 176 2 128 113 174 37 72 46 87 134 34 131 190 109 45 160 62 155 11 177 182 24 8 149 22 5 93 126 107 186 116 63 139 94 172 67 0 136 86 89 119 10 130 141 144 28 121 30 166 91 125 193 112 12 143 110 9 153 179 75 171 57 77 82 156 13 64 1 191 74 39 194 175 40 100 135 35 158 180 85 133 68 7 42 95 78 184 32 20 4 145 60 168 58 36 104 80 198 96 108 38 118
33 49 199 59 124 187 174 37 113 128 2 176 138 195 84 98 170 54 6 44 56 23 188 99 132 196 154 140 157 161 120 15 17 123 81 14 192 18 65 90 88 150 183 185 111 70 97 163 102 83 152 127 122 178 147 197 164 26 51 73 151 117 53 66 129 55 105 167 50 3 173 92 165 61 21 79 29 16 52 19 114 43 169 25 27 179 75 77 57 171 181 41 106 103 159 71 48 189 38 118 108 96 101 146 69 148 142 191 1 64 156 13 91 125 193 112 12 143 110 82 9 153 115 31 162 47 76 137 155 11 62 160 45 109 93 5 22 67 86 136 0 28 121 149 8 182 177 24 30 166 40 175 194 39 74 95 78 184 32 20 60 168 198 80 104 36 58 145 4 7 68 42 85 133 180 158 35 135 100 144 141 130 10 119 89 172 94 139 63 126 107 116 186 131 190 34 134 87 46 72
31 162 54 170 6 44 56 23 188 99 132 196 138 154 140 157 161 120 15 17 123 81 14 192 18 65 90 88 150 183 185 111 26 51 117 53 66 129 55 105 167 50 3 115 173 151 73 197 164 70 97 163 102 83 152 147 178 122 127 71 48 189 38 118 108 101 96 198 80 104 36 58 168 60 145 4 20 32 184 78 95 42 7 68 133 85 74 180 158 35 135 144 28 121 149 8 160 45 109 93 5 22 141 130 10 119 89 86 136 0 67 172 94 139 63 116 186 107 126 190 131 34 134 87 46 72 37 174 113 128 2 176 195 84 98 187 124 33 199 59 49 47 76 137 62 155 11 177 182 24 30 166 100 40 175 194 39 13 156 64 1 191 142 148 69 146 103 159 114 19 52 16 29 79 21 61 165 92 25 169 43 27 181 106 41 77 57 171 75 179 153 9 82 110 12 143 91 125 193 112
190 131 107 126 172 94 139 63 116 186 34 134 87 46 72 37 174 113 128 2 176 195 84 98 187 124 33 199 59 49 47 76 137 160 62 177 11 155 193 112 143 12 31 162 54 170 6 44 56 23 188 99 132 196 138 154 140 157 161 120 15 17 123 81 14 192 18 65 90 88 150 183 185 111 70 97 163 102 83 152 127 122 178 147 21 61 165 92 151 73 197 164 26 51 117 53 66 129 55 105 167 50 3 173 115 110 82 9 153 179 75 171 57 77 41 106 181 27 43 169 25 79 29 16 52 19 114 159 71 48 189 103 146 69 148 142 191 1 64 156 13 91 125 166 30 24 182 8 149 121 28 100 40 175 194 39 74 78 184 32 20 101 96 108 118 38 80 104 36 58 198 168 60 145 4 7 68 42 95 85 133 180 158 35 135 144 141 130 10 119 89 86 136 0 67 22 5 93 109 45
163 102 83 152 127 122 178 16 29 52 19 114 71 48 189 38 118 108 96 101 146 69 148 142 191 1 64 156 13 91 125 193 112 143 12 31 162 54 170 6 3 173 151 73 164 197 61 165 92 153 9 115 110 82 75 179 27 181 171 57 77 103 41 106 159 43 169 25 79 21 147 97 70 26 51 117 53 66 129 55 167 50 56 44 23 188 99 132 196 195 84 98 187 124 33 199 59 49 47 76 137 155 11 62 160 45 109 93 5 22 67 86 136 0 28 121 149 8 182 177 24 30 166 40 175 194 39 74 95 78 184 32 20 60 168 198 80 104 36 58 145 4 7 68 42 85 133 180 158 35 135 100 144 141 130 10 119 89 172 94 139 63 126 107 116 186 131 190 34 134 87 46 72 37 174 113 128 2 176 138 154 140 157 161 120 15 17 123 81 14 192 105 18 65 90 88 150 183 185 111
17 15 132 196 138 154 140 157 120 161 123 81 14 192 18 65 90 88 105 55 129 167 50 3 66 53 150 183 185 111 70 197 164 26 51 73 117 151 173 115 110 82 9 153 179 75 171 57 77 41 106 181 27 43 169 25 92 165 61 21 79 147 97 163 102 83 152 127 122 178 16 29 52 19 114 159 71 48 189 103 146 69 148 142 191 1 64 156 13 91 125 175 40 194 39 74 95 78 184 32 20 101 96 108 118 38 80 104 36 58 198 168 60 145 4 7 68 42 85 133 180 158 35 135 100 166 30 121 28 144 141 130 10 119 89 86 136 0 67 172 94 139 63 116 186 107 126 93 5 22 149 8 24 182 160 45 109 190 131 34 134 87 46 33 72 37 174 113 128 2 176 195 84 98 187 124 59 199 49 47 76 137 62 177 11 155 193 112 143 12 31 162 54 170 6 44 56 23 188 99
145 4 20 32 184 78 95 42 7 68 133 85 180 158 35 135 100 40 175 194 39 74 191 1 64 142 148 101 69 146 118 103 106 41 77 57 171 75 179 153 9 82 115 110 156 13 91 125 193 112 143 12 31 162 47 76 137 155 11 177 62 8 149 182 24 166 30 121 28 144 141 130 10 0 67 136 86 119 89 172 94 139 63 116 186 131 190 107 126 93 5 22 109 160 45 34 134 87 46 72 33 49 199 59 124 187 174 37 113 128 2 176 138 195 84 98 170 54 6 44 56 23 188 99 132 196 154 140 157 161 120 15 17 123 81 14 192 18 65 90 88 150 183 185 111 26 51 117 53 66 129 55 105 167 50 3 173 151 73 197 164 70 97 163 102 83 152 147 79 21 61 165 92 25 169 27 181 43 29 16 178 127 122 52 19 114 159 71 48 189 38 108 96 198 80 104 36 58 168 60
167 55 129 53 117 151 73 51 26 164 197 165 61 21 79 147 152 83 102 163 97 70 111 185 183 150 88 90 65 18 105 192 14 81 123 17 15 120 161 157 140 154 176 138 196 132 99 188 23 50 56 44 6 54 170 98 84 195 2 128 113 37 174 187 124 59 199 49 33 72 46 87 134 34 131 190 109 45 160 22 5 93 126 107 186 116 63 139 94 172 67 0 136 86 89 119 10 130 141 144 100 135 35 158 180 85 133 68 7 42 4 145 58 36 104 80 198 168 60 20 32 184 78 95 74 39 194 175 40 166 30 121 28 149 8 24 182 177 11 155 62 137 76 47 162 31 12 143 112 193 125 91 13 156 64 1 191 142 148 69 146 101 96 108 118 38 189 48 71 127 122 178 16 29 52 19 114 159 103 41 106 43 169 25 27 181 171 57 77 75 179 153 9 82 110 115 92 173 3 66
37 174 113 128 2 176 138 195 84 98 132 196 154 140 157 161 120 15 17 123 81 14 192 99 188 23 44 56 50 167 105 18 65 90 88 150 183 53 129 55 66 3 6 170 54 162 31 12 143 112 193 125 91 13 156 64 1 191 142 148 69 146 103 106 41 77 57 171 75 179 153 9 82 110 115 173 151 117 73 197 164 26 51 185 111 70 97 163 102 83 152 147 79 21 61 165 92 25 169 27 181 43 29 16 178 127 122 52 19 114 159 71 48 189 38 118 108 101 96 80 36 58 104 198 168 60 145 4 20 32 184 78 95 42 7 68 133 85 180 158 35 135 100 74 39 194 175 40 166 30 24 182 8 149 121 28 144 141 130 10 119 89 86 136 0 67 22 5 93 109 160 62 177 11 155 47 76 137 45 190 131 107 126 172 94 139 63 116 186 34 134 87 46 49 59 199 33 124 187 72
135 100 40 175 194 39 74 78 95 85 180 35 158 133 68 7 42 184 32 20 4 145 60 168 198 58 36 104 80 108 38 118 96 101 146 69 148 142 191 1 64 13 156 82 110 115 173 3 50 167 55 129 66 53 117 151 73 51 26 164 197 61 165 92 153 9 179 75 171 57 77 41 106 181 27 43 169 25 21 79 29 16 52 19 114 159 103 189 48 71 127 122 178 147 152 83 102 163 97 70 111 185 183 150 88 90 65 18 105 192 14 81 123 161 157 140 154 120 15 17 196 132 99 188 23 56 44 6 170 54 162 31 12 143 112 193 125 91 166 30 28 121 24 182 8 149 109 45 160 62 177 11 155 137 76 47 49 59 199 33 124 187 98 84 195 138 176 2 128 113 174 37 72 46 87 134 34 190 131 186 116 63 94 172 139 107 126 93 5 22 67 0 136 86 89 119 10 130 141 144
16 178 122 127 152 83 102 163 97 147 29 79 21 61 165 197 164 51 26 70 111 185 183 150 88 90 65 18 105 192 14 81 123 161 157 140 154 120 17 15 176 2 128 113 174 37 72 33 49 199 59 124 187 98 84 195 138 196 132 99 188 23 44 56 50 167 55 129 53 66 3 173 151 117 73 92 115 31 162 54 6 170 47 76 137 155 11 177 62 160 109 45 134 46 87 34 131 190 107 186 116 63 139 94 172 126 93 5 22 67 0 136 86 89 119 10 130 141 144 28 149 8 182 24 121 30 166 39 194 175 40 100 135 35 158 180 85 133 68 7 42 95 74 78 184 32 20 4 145 60 168 198 58 36 104 80 38 189 48 71 159 106 41 103 118 108 96 101 146 69 148 142 191 1 64 156 13 91 125 193 112 12 143 110 82 9 153 179 75 77 57 171 181 27 25 169 43 114 19 52
2 128 113 37 174 187 124 59 199 49 33 72 46 87 134 34 131 190 109 45 160 22 5 93 126 107 186 116 63 139 94 172 67 0 136 86 89 119 10 130 141 144 100 135 35 158 180 85 133 68 7 42 4 145 58 36 104 80 198 168 60 20 32 184 78 95 74 39 194 175 40 166 30 121 28 149 8 24 182 177 11 155 62 137 76 47 162 31 12 143 112 193 125 91 13 156 64 1 191 142 148 69 146 101 96 108 118 38 189 48 71 127 122 178 16 29 52 19 114 159 103 106 41 57 77 82 110 115 9 153 179 75 171 181 43 169 25 27 92 173 3 50 167 55 129 66 53 117 151 73 51 26 164 197 165 61 21 79 147 152 83 102 163 97 70 111 185 183 150 88 90 65 18 105 192 14 81 123 161 157 140 154 120 15 17 196 132 99 188 23 56 44 6 54 170 98 84 195 138 176
21 61 165 197 164 26 111 185 183 150 88 90 65 18 105 192 14 81 123 161 157 140 154 120 15 17 196 132 99 188 23 50 167 55 129 66 53 117 51 73 151 173 3 56 44 98 84 124 59 199 49 33 187 195 138 176 2 128 113 174 37 72 46 87 134 34 131 190 109 45 160 22 5 93 126 107 186 116 63 139 94 172 67 0 136 86 89 119 10 130 141 144 100 135 35 158 180 85 133 68 7 42 4 145 58 36 104 80 198 168 60 20 32 184 78 95 74 39 194 175 40 166 30 121 28 149 8 24 182 177 11 155 62 137 76 47 170 6 54 162 31 12 143 112 193 125 91 13 156 64 1 191 142 148 69 146 101 96 108 118 38 189 48 71 159 103 106 41 57 77 82 110 115 9 75 171 181 27 179 153 92 25 169 43 114 19 52 122 127 178 16 29 79 147 152 83 102 163 97 70
185 183 150 88 90 65 18 105 192 14 81 123 161 157 140 154 120 15 17 196 132 99 188 23 56 44 6 170 98 84 195 138 176 2 128 113 37 174 187 124 59 199 49 33 72 46 87 134 34 131 190 109 45 160 22 5 93 126 107 186 116 63 139 94 172 67 0 136 86 89 119 10 130 141 144 100 135 35 158 180 85 133 68 7 42 4 145 58 36 104 80 198 168 60 20 32 184 78 95 74 39 194 175 40 166 30 121 28 149 8 24 182 177 11 155 62 137 76 47 54 162 31 12 143 112 193 125 91 13 156 64 1 191 142 148 69 146 101 96 108 118 38 189 48 71 114 19 52 122 127 178 16 29 79 21 147 152 83 102 163 97 61 165 197 92 153 9 75 179 181 27 25 169 43 159 103 106 41 171 57 77 82 110 115 173 3 66 50 167 55 129 53 117 151 73 51 26 164 70 111
49 33 72 46 87 134 34 131 190 109 45 160 22 5 93 126 107 186 116 63 139 94 172 67 0 136 86 89 119 10 130 141 144 100 135 35 158 180 85 133 68 7 42 4 145 58 36 104 80 198 168 60 20 32 184 78 95 74 39 194 175 40 166 30 121 28 149 8 24 182 177 11 155 62 137 76 47 162 31 12 143 112 193 125 91 13 156 64 1 191 142 148 69 146 101 96 108 118 38 189 48 71 127 122 178 16 29 52 19 114 159 103 106 41 57 77 82 110 115 9 153 179 75 171 181 43 169 25 27 92 173 3 50 167 55 129 66 53 117 151 73 51 26 164 197 165 61 21 79 147 152 83 102 163 97 70 111 185 183 150 88 90 65 18 105 192 14 81 123 161 157 140 154 120 15 17 196 132 99 188 23 56 44 6 54 170 98 84 195 138 176 2 128 113 37 174 187 124 59 199
99 188 50 167 3 66 129 55 105 18 65 90 88 150 53 183 185 111 70 197 164 26 51 73 117 151 173 115 110 82 9 153 179 75 171 57 77 41 106 181 27 43 169 25 92 165 61 21 79 147 97 163 102 83 152 127 122 178 16 29 52 19 114 159 71 48 189 103 146 69 148 142 191 1 64 156 13 91 125 175 40 194 39 74 95 78 184 32 20 101 96 108 118 38 80 104 36 58 198 168 60 145 4 7 68 42 85 133 180 158 35 135 100 166 30 121 28 144 141 130 10 119 89 86 136 0 67 172 94 139 63 116 186 107 126 93 5 22 149 8 24 182 160 45 109 190 131 34 134 87 46 72 37 174 113 128 2 176 138 195 84 98 187 124 33 199 59 49 47 76 137 62 177 11 155 193 112 143 12 31 162 54 170 6 44 56 23 132 196 154 140 157 161 120 15 17 123 81 14 192
181 27 43 169 25 92 173 3 50 167 55 129 66 53 117 151 73 51 26 164 197 165 61 21 79 147 152 83 102 163 97 70 111 185 183 150 88 90 65 18 105 192 14 81 123 161 157 140 154 120 15 17 196 132 99 188 23 56 44 6 170 54 162 47 49 59 199 33 124 187 98 84 195 138 176 2 128 113 174 37 72 46 87 134 34 186 116 63 139 94 172 126 107 131 190 109 93 5 22 67 0 136 86 89 119 10 130 141 144 166 30 121 28 149 8 24 182 177 62 160 45 137 76 11 155 193 125 91 112 143 12 31 115 110 82 156 13 39 194 175 40 100 135 35 158 180 85 133 68 7 42 4 145 58 36 104 80 198 168 60 20 32 184 78 95 74 191 1 64 142 148 69 146 101 96 108 118 38 189 48 71 127 122 178 16 29 52 19 114 159 103 106 41 77 57 171 75 9 153 179
155 11 177 62 160 45 109 190 131 34 87 46 134 137 76 47 54 6 170 98 84 187 124 59 199 49 33 72 37 174 113 128 2 176 195 138 196 132 154 140 157 161 120 15 17 123 81 14 192 99 188 23 44 56 50 167 66 53 129 55 105 18 65 90 88 150 183 185 111 102 152 83 163 97 147 127 122 178 16 29 52 19 114 159 71 48 189 103 106 41 181 27 43 169 25 79 21 61 165 197 164 70 26 51 73 117 151 92 153 9 179 75 171 57 77 82 110 143 156 13 64 1 191 39 175 40 194 74 95 78 184 32 20 96 101 148 142 69 146 118 38 108 80 104 36 58 198 168 60 145 4 7 68 42 85 133 180 158 35 100 135 130 119 89 172 94 139 63 116 186 107 126 93 5 22 67 86 136 0 10 141 144 28 149 8 182 24 121 30 166 91 125 193 112 12 115 173 3 31 162
44 56 50 167 55 129 53 66 3 54 6 170 47 76 137 46 87 134 34 131 190 126 107 186 116 63 139 94 172 89 119 10 130 141 144 100 135 35 158 180 85 133 68 7 42 4 145 58 36 104 80 198 168 60 20 32 184 78 95 74 39 194 175 40 166 30 28 121 24 182 8 149 0 136 86 67 22 5 93 109 45 160 62 177 11 155 162 31 12 143 112 193 125 91 13 156 64 1 191 142 148 69 146 101 96 108 118 38 189 48 71 159 103 106 41 171 57 77 82 110 115 173 92 153 9 75 179 181 27 25 169 43 114 19 52 16 29 79 21 61 165 197 73 151 117 51 26 164 70 97 147 178 122 127 152 83 102 163 111 185 183 150 88 90 65 18 105 192 14 81 123 161 157 140 154 120 17 15 176 2 128 113 174 37 72 33 49 199 59 124 187 98 84 195 138 196 132 99 188 23
153 9 75 171 57 77 41 106 103 146 69 148 101 96 108 118 38 80 104 36 58 198 168 60 145 4 7 68 133 180 158 35 135 100 144 121 28 141 130 10 0 67 136 86 119 89 172 94 139 63 116 186 107 126 93 5 22 160 45 109 190 131 34 134 87 46 72 33 49 137 76 155 11 62 177 182 8 149 24 30 166 40 175 194 39 74 85 95 78 42 184 32 20 142 191 1 64 13 156 82 115 110 143 91 125 193 112 12 31 162 47 59 199 124 187 174 37 113 128 2 176 138 195 84 98 170 54 6 44 56 23 188 99 132 196 154 140 157 161 120 15 17 123 81 14 192 18 65 90 88 150 183 185 111 26 51 117 53 66 129 55 105 167 50 3 173 151 73 197 164 70 97 163 102 83 152 147 178 122 127 71 48 189 159 114 19 52 16 29 79 21 61 165 92 25 169 43 27 181 179
49 33 72 46 87 134 34 131 190 109 45 160 22 5 93 126 107 186 116 63 139 94 172 67 0 136 86 89 119 10 130 141 144 100 135 35 158 180 85 133 68 7 42 4 145 58 36 104 80 198 168 60 20 32 184 78 95 74 39 194 175 40 166 30 121 28 149 8 24 182 177 11 155 62 137 76 47 162 31 12 143 112 193 125 91 13 156 64 1 191 142 148 69 146 101 96 108 118 38 189 48 71 127 122 178 16 29 52 19 114 159 103 106 41 57 77 82 110 115 9 153 179 75 171 181 43 169 25 27 92 173 3 50 167 55 129 66 53 117 151 73 51 26 164 197 165 61 21 79 147 152 83 102 163 97 70 111 185 183 150 88 90 65 18 105 192 14 81 123 161 157 140 154 120 15 17 196 132 99 188 23 56 44 6 54 170 98 84 195 138 176 2 128 113 37 174 187 124 59 199
71 48 189 38 118 108 96 101 146 69 148 142 64 1 191 39 166 40 175 194 74 95 78 184 32 20 60 168 198 80 104 36 58 145 4 7 68 42 85 133 180 158 35 135 100 144 28 121 30 24 182 8 149 160 45 109 93 5 22 141 130 10 119 89 86 136 0 67 172 94 139 63 116 186 107 126 190 131 34 134 87 46 72 37 174 113 128 2 176 195 84 98 187 124 33 199 59 49 47 76 137 62 177 11 155 193 125 91 13 156 82 77 57 171 75 9 153 179 27 181 41 106 103 159 43 169 25 92 115 110 143 112 12 31 162 54 170 6 44 56 23 188 99 132 196 138 154 140 157 161 120 15 17 123 81 14 192 105 18 65 90 88 150 183 185 111 51 117 53 129 55 167 50 66 3 173 151 73 197 164 26 70 163 102 83 152 147 97 61 165 21 79 29 16 178 127 122 52 19 114
86 136 0 67 22 5 93 109 45 160 149 8 182 24 30 121 28 141 10 130 144 100 135 35 158 180 85 133 68 7 42 4 145 60 168 198 58 36 104 80 38 118 108 96 101 20 32 184 78 95 74 39 194 175 40 166 125 91 13 156 64 1 191 142 148 69 146 103 189 48 71 159 114 19 52 29 16 178 122 127 152 83 147 79 21 61 165 197 164 51 26 70 97 163 102 111 185 183 150 88 90 65 18 192 14 81 123 161 157 140 154 120 15 17 196 132 99 188 23 44 56 50 167 105 55 129 66 53 117 73 92 25 169 43 27 181 106 41 77 57 171 75 179 153 9 82 110 143 12 112 193 155 11 177 62 137 76 47 162 31 115 173 151 3 54 6 170 59 199 49 33 124 187 98 84 195 138 176 2 128 113 174 37 72 46 87 134 34 190 131 186 116 107 126 63 139 94 172 89 119
131 190 107 126 86 136 0 67 22 5 93 109 45 160 62 137 76 49 59 199 33 124 187 174 37 113 128 2 176 138 195 84 98 170 54 6 44 56 23 188 99 132 196 154 140 157 161 120 15 17 123 81 14 192 18 65 90 88 150 183 185 111 70 97 163 102 83 152 127 122 178 147 197 164 26 51 73 151 117 53 66 129 55 105 167 50 3 173 92 165 61 21 79 29 16 52 19 114 43 169 25 27 179 75 77 57 171 181 41 106 103 159 71 48 189 38 118 108 96 101 146 69 148 142 191 1 64 156 13 91 125 193 112 12 143 110 82 9 153 115 31 162 47 155 11 177 182 24 8 149 28 121 30 166 40 175 194 39 74 95 78 184 32 20 60 168 198 80 104 36 58 145 4 7 68 42 85 133 180 158 35 135 100 144 141 130 10 119 89 172 94 139 63 116 186 34 87 72 46 134
113 174 33 49 199 59 124 187 98 84 195 128 2 176 138 154 140 157 120 15 17 161 123 81 14 192 99 196 132 188 23 56 44 6 170 54 3 66 50 167 129 55 105 18 65 90 88 150 53 183 185 111 102 163 97 70 197 164 26 51 73 117 151 173 115 110 82 9 153 179 75 171 57 77 41 106 181 27 43 169 25 92 165 61 21 79 29 16 147 83 152 127 122 178 52 19 114 159 71 48 189 103 146 69 148 101 96 108 118 38 80 104 36 58 198 168 60 145 4 20 32 184 42 7 68 133 85 180 158 35 135 100 144 141 130 10 119 89 172 94 139 63 116 186 107 126 93 5 22 67 86 136 0 149 8 182 24 121 28 30 166 40 175 194 39 74 95 78 142 191 1 64 156 13 91 125 193 112 143 12 31 162 47 76 137 155 11 177 62 160 45 109 190 131 34 134 87 46 72 37
12 143 110 82 9 153 179 75 171 57 77 41 106 181 27 43 169 25 92 165 61 21 79 97 163 102 83 152 147 178 127 122 16 29 52 19 114 159 71 48 189 103 146 69 148 142 191 1 64 156 13 91 125 112 193 155 11 177 62 160 45 109 93 5 22 149 8 182 24 121 28 30 166 40 175 194 39 74 95 78 184 32 20 101 96 108 118 38 80 104 36 58 198 168 60 145 4 7 68 42 85 133 180 158 35 135 100 144 141 130 10 119 89 86 136 0 67 172 94 139 63 116 186 107 126 190 131 34 134 87 46 137 76 47 162 31 54 170 6 44 56 23 188 99 132 196 195 84 98 187 124 59 199 49 33 72 37 174 113 128 2 176 138 154 140 157 161 120 15 17 123 81 14 192 18 65 90 88 150 183 185 111 70 197 164 26 51 73 151 117 53 66 129 55 105 167 50 3 173 115
32 20 4 145 60 168 198 58 36 104 80 108 38 118 96 101 146 69 148 142 191 1 64 13 91 125 156 77 57 41 106 103 159 189 48 71 114 19 52 29 16 122 127 178 147 152 83 102 163 97 79 21 61 165 92 25 169 43 27 181 171 75 179 153 9 82 110 115 173 3 50 167 55 129 66 53 117 151 73 51 26 164 197 70 111 185 183 150 88 90 65 18 105 192 14 81 123 161 157 140 154 120 15 17 196 132 99 188 23 56 44 6 170 54 162 31 12 143 112 193 155 11 177 182 24 8 149 109 45 160 62 137 76 47 49 59 199 33 124 187 98 84 195 138 176 2 128 113 174 37 72 46 87 134 34 190 131 186 116 63 94 172 139 107 126 93 5 22 67 0 136 86 89 119 10 130 141 144 28 121 30 166 175 40 100 135 35 158 180 133 68 7 42 85 194 39 74 95 78 184
132 196 138 154 140 157 161 120 15 17 123 81 14 192 18 65 90 88 105 55 129 66 53 150 183 185 111 163 102 83 152 127 122 178 147 97 70 26 51 117 151 73 164 197 165 61 21 79 29 16 52 19 114 71 48 189 38 118 108 96 101 146 69 148 142 191 1 64 156 13 91 125 193 112 12 143 110 82 77 57 103 41 106 159 43 169 25 27 181 171 75 179 9 153 92 173 3 115 31 162 155 11 177 62 160 45 109 93 5 22 149 8 182 24 121 28 30 166 40 175 194 39 74 95 78 184 32 20 60 168 198 80 104 36 58 145 4 7 68 42 85 133 180 158 35 135 100 144 141 130 10 119 89 86 136 0 67 172 94 139 63 116 186 107 126 190 131 34 134 87 46 137 76 47 49 199 59 124 187 33 72 37 174 113 128 2 176 195 84 98 170 54 6 44 56 50 167 23 188 99
44 56 50 167 55 129 53 66 3 54 6 170 47 76 137 46 87 134 34 131 190 126 107 186 116 63 139 94 172 89 119 10 130 141 144 100 135 35 158 180 85 133 68 7 42 4 145 58 36 104 80 198 168 60 20 32 184 78 95 74 39 194 175 40 166 30 28 121 24 182 8 149 0 136 86 67 22 5 93 109 45 160 62 177 11 155 162 31 12 143 112 193 125 91 13 156 64 1 191 142 148 69 146 101 96 108 118 38 189 48 71 159 103 106 41 171 57 77 82 110 115 173 92 153 9 75 179 181 27 25 169 43 114 19 52 16 29 79 21 61 165 197 73 151 117 51 26 164 70 97 147 178 122 127 152 83 102 163 111 185 183 150 88 90 65 18 105 192 14 81 123 161 157 140 154 120 17 15 176 2 128 113 174 37 72 33 49 199 59 124 187 98 84 195 138 196 132 99 188 23
148 142 64 1 191 39 194 175 40 166 30 24 182 8 149 121 28 144 100 135 35 158 180 74 85 133 68 7 42 95 78 184 32 20 4 145 60 168 58 36 104 80 198 96 101 108 118 38 189 48 71 127 122 178 16 29 52 19 114 43 169 25 27 92 173 3 54 6 170 98 84 195 196 132 99 188 23 44 56 50 167 55 129 66 53 117 151 73 51 26 164 197 165 61 21 79 147 152 83 102 163 97 70 111 185 183 150 88 90 65 18 105 192 14 81 123 17 15 120 161 157 140 154 138 176 2 128 113 37 174 187 124 59 199 49 33 72 46 87 134 34 131 190 126 107 186 116 63 139 94 172 67 0 136 86 89 119 10 130 141 22 5 93 109 45 160 62 177 11 155 137 76 47 162 31 12 143 112 193 125 91 13 156 110 115 82 9 153 179 75 77 57 171 181 159 106 41 103 146 69
80 104 36 58 198 168 60 145 4 20 32 184 78 95 42 7 68 133 85 180 158 35 135 100 144 141 130 10 119 89 94 172 86 136 0 67 22 5 93 126 107 139 63 116 186 131 190 109 160 45 34 134 87 46 72 37 174 113 128 2 176 195 84 98 187 124 33 199 59 49 137 76 155 11 62 177 182 24 8 149 28 121 30 166 40 175 194 39 74 191 1 64 142 148 69 146 103 41 106 159 181 171 57 77 75 179 153 9 82 156 13 91 125 193 112 12 143 110 115 31 162 47 54 170 6 44 56 23 188 99 132 196 138 154 140 157 161 120 15 17 123 81 14 192 105 18 65 90 88 150 183 185 111 70 97 163 102 83 152 147 79 21 61 165 197 164 26 51 117 53 129 55 167 50 66 3 173 151 73 92 27 43 169 25 29 16 178 127 122 52 19 114 71 48 189 38 118 101 96 108
19 52 122 127 178 16 29 79 25 169 43 159 103 106 41 181 27 179 153 9 75 171 57 77 82 110 115 173 3 50 167 55 129 66 53 117 151 73 51 26 164 197 92 165 61 21 147 152 83 102 163 97 70 111 185 183 150 88 90 65 18 105 192 14 81 123 17 15 120 161 157 140 154 138 176 2 128 113 174 37 72 33 199 59 49 46 87 134 34 190 131 186 116 107 126 63 139 94 172 89 119 10 130 141 144 100 135 35 158 180 133 85 42 68 7 4 145 58 36 104 80 198 168 60 20 32 184 78 95 74 39 194 175 40 166 30 24 177 182 8 149 121 28 0 136 86 67 22 5 93 109 45 160 62 11 155 137 76 47 124 187 98 84 195 196 132 99 188 23 56 44 6 170 54 162 31 12 143 112 193 125 91 13 156 64 1 191 142 148 69 146 101 96 108 118 38 189 48 71 114
117 151 73 51 26 164 197 61 165 92 153 9 82 110 115 173 3 54 6 170 47 49 59 199 33 124 187 98 84 195 138 176 2 128 113 174 37 72 46 87 134 34 131 190 109 45 160 22 5 93 126 107 186 116 63 139 94 172 67 0 136 86 89 119 10 130 141 144 100 135 35 158 180 85 133 68 7 42 4 145 58 36 104 80 198 168 60 20 32 184 78 95 74 39 194 175 40 166 30 121 28 149 8 24 182 177 62 137 76 11 155 162 31 12 143 112 193 125 91 13 156 64 1 191 142 148 69 146 101 96 108 118 38 189 48 71 159 106 41 103 77 57 171 75 179 181 27 25 169 43 114 19 52 122 127 178 16 29 79 21 147 152 83 102 163 97 70 111 185 183 150 88 90 65 18 105 192 14 81 123 161 157 140 154 120 15 17 196 132 99 188 23 44 56 50 167 55 129 66 53
190 131 107 126 172 94 139 63 116 186 34 134 87 46 72 37 174 113 128 2 176 195 84 98 187 124 33 199 59 49 47 76 137 160 62 177 11 155 193 112 143 12 31 162 54 170 6 44 56 23 188 99 132 196 138 154 140 157 161 120 15 17 123 81 14 192 18 65 90 88 150 183 185 111 70 97 163 102 83 152 127 122 178 147 21 61 165 92 151 73 197 164 26 51 117 53 66 129 55 105 167 50 3 173 115 110 82 9 153 179 75 171 57 77 41 106 181 27 43 169 25 79 29 16 52 19 114 159 71 48 189 103 146 69 148 142 191 1 64 156 13 91 125 166 30 24 182 8 149 121 28 100 40 175 194 39 74 78 184 32 20 101 96 108 118 38 80 104 36 58 198 168 60 145 4 7 68 42 95 85 133 180 158 35 135 144 141 130 10 119 89 86 136 0 67 22 5 93 109 45
162 31 115 173 3 50 167 55 129 66 53 117 151 73 51 26 164 197 70 97 147 178 122 127 152 83 102 163 111 185 183 150 88 90 65 18 105 192 14 81 123 161 157 140 154 120 15 17 196 132 99 188 23 56 44 6 170 54 47 76 137 49 59 199 33 124 187 98 84 195 138 176 2 128 113 174 37 72 46 87 134 34 131 190 126 107 186 116 63 139 94 172 89 119 10 130 141 144 100 135 35 158 180 85 133 68 7 42 4 145 60 168 198 58 36 104 80 38 118 108 96 101 20 32 184 78 95 74 39 194 175 40 166 30 28 121 24 182 8 149 0 136 86 67 22 5 93 109 45 160 62 177 11 155 193 112 125 91 13 156 64 1 191 142 148 69 146 103 189 48 71 159 114 19 52 16 29 79 21 61 165 92 25 169 43 27 181 106 41 77 57 171 75 179 153 9 82 110 143 12
8 149 109 45 160 62 177 11 155 137 76 162 31 12 143 112 193 125 91 13 156 64 1 191 142 148 69 146 101 96 108 118 38 189 48 71 127 122 178 16 29 52 19 114 159 103 106 41 57 77 82 110 115 9 153 179 75 171 181 43 169 25 27 92 173 3 50 167 55 129 66 53 117 151 73 51 26 164 197 165 61 21 79 147 152 83 102 163 97 70 111 185 183 150 88 90 65 18 105 192 14 81 123 161 157 140 154 120 15 17 196 132 99 188 23 56 44 6 54 170 98 84 195 138 176 2 128 113 37 174 187 124 47 49 59 199 33 72 46 87 134 34 190 131 186 116 63 94 172 139 107 126 93 5 22 67 0 136 86 89 119 10 130 141 28 144 135 35 158 68 7 42 4 145 58 36 104 80 198 168 60 20 32 184 78 95 74 85 133 180 194 39 175 40 100 166 30 121 24 182
87 46 134 131 190 45 109 93 5 22 149 8 160 62 137 76 49 59 199 33 124 187 72 37 174 113 128 2 176 138 195 84 98 170 54 6 44 56 23 188 99 132 196 154 140 157 161 120 15 17 123 81 14 192 18 65 90 88 150 183 185 111 70 97 163 102 83 152 127 122 178 147 197 164 26 51 73 151 117 53 66 129 55 105 167 50 3 173 92 165 61 21 79 29 16 52 19 114 43 169 25 27 179 75 77 57 171 181 41 106 103 159 71 48 189 38 118 108 96 101 146 69 148 142 191 1 64 156 13 91 125 193 112 12 143 110 82 9 153 115 31 162 47 155 11 177 182 24 30 166 40 175 194 39 74 95 78 184 32 20 60 168 198 80 104 36 58 145 4 42 7 68 133 85 180 158 35 135 100 144 121 28 141 130 10 0 67 136 86 119 89 172 94 139 63 126 107 116 186 34
117 151 73 51 26 164 197 61 165 92 153 9 82 110 115 173 3 54 6 170 47 49 59 199 33 124 187 98 84 195 138 176 2 128 113 174 37 72 46 87 134 34 131 190 109 45 160 22 5 93 126 107 186 116 63 139 94 172 67 0 136 86 89 119 10 130 141 144 100 135 35 158 180 85 133 68 7 42 4 145 58 36 104 80 198 168 60 20 32 184 78 95 74 39 194 175 40 166 30 121 28 149 8 24 182 177 62 137 76 11 155 162 31 12 143 112 193 125 91 13 156 64 1 191 142 148 69 146 101 96 108 118 38 189 48 71 159 106 41 103 77 57 171 75 179 181 27 25 169 43 114 19 52 122 127 178 16 29 79 21 147 152 83 102 163 97 70 111 185 183 150 88 90 65 18 105 192 14 81 123 161 157 140 154 120 15 17 196 132 99 188 23 44 56 50 167 55 129 66 53
106 41 103 189 48 71 127 122 178 16 29 52 19 114 43 169 25 92 173 3 115 31 162 54 6 170 98 84 124 59 199 49 33 187 195 138 196 132 99 188 23 44 56 50 167 55 129 66 53 117 151 73 51 26 164 197 165 61 21 79 147 152 83 102 163 97 70 111 185 183 150 88 90 65 18 105 192 14 81 123 161 157 140 154 120 17 15 176 2 128 113 174 37 72 46 87 34 134 47 76 137 155 11 62 160 45 109 190 131 186 116 63 139 94 172 126 107 93 5 22 67 0 136 86 89 119 10 130 141 144 28 121 149 8 182 177 24 30 166 40 175 194 39 74 100 135 35 158 180 85 133 68 7 42 95 78 184 32 20 4 145 60 168 198 104 58 36 80 38 118 108 96 101 146 69 148 142 191 1 64 156 13 91 125 193 112 12 143 110 82 77 57 171 75 9 153 179 27 181 159
64 1 191 142 148 69 146 103 41 106 159 181 171 57 77 75 9 153 179 27 25 169 43 114 19 52 29 16 178 122 127 71 48 189 38 118 108 101 96 80 36 58 104 198 168 60 145 4 20 32 184 78 95 42 7 68 133 85 74 180 158 35 135 100 144 28 121 149 8 182 24 30 166 40 175 194 39 91 125 193 112 143 12 31 162 47 76 137 155 11 177 62 160 45 109 93 5 22 141 130 10 119 89 86 136 0 67 172 94 139 63 116 186 107 126 190 131 34 134 87 46 72 37 174 113 128 2 176 195 33 49 199 59 124 187 84 98 170 6 54 3 173 151 117 53 66 129 55 167 50 56 44 23 188 99 132 196 138 154 140 157 161 120 15 17 123 81 14 192 105 18 65 90 88 150 183 185 111 70 97 163 102 83 152 147 79 21 61 165 197 164 26 51 73 92 115 110 82 156 13
60 145 4 20 32 184 78 95 42 7 68 133 85 180 158 35 135 100 144 141 130 10 119 89 94 172 86 136 0 67 22 5 93 126 107 139 63 116 186 131 190 109 160 45 34 134 87 46 72 37 174 113 128 2 176 195 84 98 187 124 33 199 59 49 47 76 137 155 11 62 177 182 24 8 149 28 121 30 166 40 175 194 39 74 191 1 64 142 148 69 146 103 41 106 159 181 171 57 77 75 179 153 9 82 156 13 91 125 193 112 12 143 110 115 31 162 54 170 6 44 56 23 188 99 132 196 138 154 140 157 161 120 15 17 123 81 14 192 105 18 65 90 88 150 183 185 111 70 97 163 102 83 152 147 79 21 61 165 197 164 26 51 117 53 129 55 167 50 66 3 173 151 73 92 27 43 169 25 29 16 178 127 122 52 19 114 71 48 189 38 118 108 101 96 80 104 36 58 198 168
60 145 4 20 32 184 78 95 42 7 68 133 85 180 158 35 135 100 144 141 130 10 119 89 94 172 86 136 0 67 22 5 93 126 107 139 63 116 186 131 190 109 160 45 34 134 87 46 72 37 174 113 128 2 176 195 84 98 187 124 33 199 59 49 47 76 137 155 11 62 177 182 24 8 149 28 121 30 166 40 175 194 39 74 191 1 64 142 148 69 146 103 41 106 159 181 171 57 77 75 179 153 9 82 156 13 91 125 193 112 12 143 110 115 31 162 54 170 6 44 56 23 188 99 132 196 138 154 140 157 161 120 15 17 123 81 14 192 105 18 65 90 88 150 183 185 111 70 97 163 102 83 152 147 79 21 61 165 197 164 26 51 117 53 129 55 167 50 66 3 173 151 73 92 27 43 169 25 29 16 178 127 122 52 19 114 71 48 189 38 118 108 101 96 80 104 36 58 198 168
182 24 30 121 28 8 149 141 144 100 135 35 158 68 7 42 4 145 58 36 104 80 198 168 60 20 32 184 78 95 74 85 133 180 194 39 175 40 166 125 91 13 156 64 1 191 142 148 69 146 101 96 108 118 38 189 48 71 127 122 178 16 29 52 19 114 159 103 106 41 57 77 82 110 143 12 112 193 162 31 115 9 153 179 75 171 181 43 169 25 27 92 173 3 50 167 55 129 66 53 117 151 73 51 26 164 197 165 61 21 79 147 152 83 102 163 97 70 111 185 183 150 88 90 65 18 105 192 14 81 123 161 157 140 154 120 15 17 196 132 99 188 23 56 44 6 54 170 98 84 195 138 176 2 128 113 174 37 72 187 124 33 199 59 49 46 87 134 34 186 116 63 139 107 126 172 94 89 119 130 10 0 136 86 67 22 5 93 109 190 131 45 160 137 76 47 155 11 62 177
50 167 55 129 66 53 117 151 73 51 26 164 197 165 61 21 79 147 152 83 102 163 97 70 111 185 183 150 88 90 65 18 105 192 14 81 123 161 157 140 154 120 15 17 196 132 99 188 23 56 44 6 170 54 162 31 115 110 82 9 153 179 75 77 57 171 181 27 43 159 106 41 103 146 69 101 148 142 78 95 74 194 39 191 1 64 13 156 143 12 112 193 125 91 24 182 8 149 109 45 160 62 177 11 155 137 76 47 124 187 98 84 195 138 176 2 128 113 174 37 72 33 199 59 49 46 87 134 34 190 131 186 116 63 94 172 139 107 126 93 5 22 67 0 136 86 89 119 10 130 141 144 28 121 30 166 175 40 100 135 35 158 180 85 133 68 7 42 184 32 20 4 145 60 168 198 58 36 104 80 96 108 118 38 189 48 71 114 19 52 122 127 178 16 29 169 25 92 173 3
99 188 50 167 3 66 129 55 105 18 65 90 88 150 53 183 185 111 70 197 164 26 51 73 117 151 173 115 110 82 9 153 179 75 171 57 77 41 106 181 27 43 169 25 92 165 61 21 79 147 97 163 102 83 152 127 122 178 16 29 52 19 114 159 71 48 189 103 146 69 148 142 191 1 64 156 13 91 125 175 40 194 39 74 95 78 184 32 20 101 96 108 118 38 80 104 36 58 198 168 60 145 4 7 68 42 85 133 180 158 35 135 100 166 30 121 28 144 141 130 10 119 89 86 136 0 67 172 94 139 63 116 186 107 126 93 5 22 149 8 24 182 160 45 109 190 131 34 134 87 46 72 37 174 113 128 2 176 138 195 84 98 187 124 33 199 59 49 47 76 137 62 177 11 155 193 112 143 12 31 162 54 170 6 44 56 23 132 196 154 140 157 161 120 15 17 123 81 14 192
123 17 15 120 161 157 140 154 138 196 132 99 188 23 170 98 84 124 59 199 49 33 187 195 176 2 128 113 174 37 72 46 87 134 34 131 190 126 107 186 116 63 139 94 172 89 119 10 130 141 144 100 135 35 158 180 85 133 68 7 42 4 145 58 36 104 80 198 168 60 20 32 184 78 95 74 39 194 175 40 166 30 28 121 24 182 8 149 0 136 86 67 22 5 93 109 45 160 62 177 11 155 137 76 47 162 31 12 143 112 193 125 91 13 156 110 115 82 9 153 179 75 77 57 171 181 159 106 41 103 146 69 64 1 191 142 148 101 96 108 118 38 189 48 71 127 122 178 147 152 83 102 163 97 70 111 185 183 150 88 90 65 18 105 55 129 66 53 117 151 73 51 26 164 197 165 61 21 79 29 16 52 19 114 43 169 25 27 92 173 3 54 6 44 56 50 167 192 14 81
174 113 128 2 176 138 195 84 98 132 196 154 140 157 161 120 15 17 123 81 14 192 99 188 23 44 56 50 167 105 18 65 90 88 150 183 53 129 55 66 3 6 170 54 162 31 12 143 112 193 125 91 13 156 64 1 191 142 148 69 146 103 106 41 77 57 171 75 179 153 9 82 110 115 173 151 117 73 197 164 26 51 185 111 70 97 163 102 83 152 147 79 21 61 165 92 25 169 27 181 43 29 16 178 127 122 52 19 114 159 71 48 189 38 118 108 101 96 80 36 58 104 198 168 60 145 4 20 32 184 78 95 42 7 68 133 85 180 158 35 135 100 74 39 194 175 40 166 30 24 182 8 149 121 28 144 141 130 10 119 89 86 136 0 67 22 5 93 109 160 62 177 11 155 47 76 137 45 190 131 107 126 172 94 139 63 116 186 34 134 87 46 49 59 199 33 124 187 72 37
55 129 66 53 117 151 73 51 26 164 197 61 165 92 153 9 82 110 115 173 3 44 56 23 188 99 132 196 138 176 2 128 195 113 174 37 72 46 87 134 34 131 190 109 45 160 22 5 93 126 107 186 116 63 139 94 172 67 0 136 86 89 119 10 130 141 144 100 135 35 158 180 85 133 68 7 42 4 145 58 36 104 80 198 168 60 20 32 184 78 95 74 39 194 175 40 166 30 121 28 149 8 24 182 177 11 155 62 137 76 47 49 59 199 33 124 187 84 98 170 6 54 162 31 12 143 112 193 125 91 13 156 64 1 191 142 148 69 146 101 96 108 118 38 189 48 71 159 106 41 103 77 57 171 75 179 181 27 25 169 43 114 19 52 122 127 178 16 29 79 21 147 152 83 102 163 97 70 111 185 183 150 88 90 65 18 192 14 81 161 157 140 154 15 17 120 123 105 50 167
98 84 195 176 2 128 113 174 37 72 46 87 34 186 116 63 94 172 139 107 126 93 5 22 67 0 136 86 89 119 10 130 141 144 28 149 8 182 24 121 30 166 175 40 100 135 35 158 180 133 85 194 39 74 95 78 42 68 7 184 32 20 4 145 60 168 58 36 104 80 198 96 101 108 38 118 103 146 69 148 142 191 1 64 156 13 91 125 193 112 143 110 82 9 153 179 75 171 57 77 41 106 181 27 43 169 25 29 16 52 19 114 159 189 48 71 127 122 178 147 152 83 102 163 97 79 21 61 165 92 151 117 73 51 26 164 197 70 111 185 183 150 88 90 65 18 192 14 81 123 17 15 120 161 157 140 154 138 196 132 188 99 105 55 129 53 66 167 50 23 56 44 6 170 54 3 173 115 12 31 162 47 76 137 155 11 177 62 160 45 109 190 131 134 49 59 199 33 124 187
50 167 55 129 66 53 117 151 73 51 26 164 197 165 61 21 79 147 152 83 102 163 97 70 111 185 183 150 88 90 65 18 105 192 14 81 123 161 157 140 154 120 15 17 196 132 99 188 23 56 44 6 170 54 162 31 115 110 82 9 153 179 75 77 57 171 181 27 43 159 106 41 103 146 69 101 148 142 78 95 74 194 39 191 1 64 13 156 143 12 112 193 125 91 24 182 8 149 109 45 160 62 177 11 155 137 76 47 124 187 98 84 195 138 176 2 128 113 174 37 72 33 199 59 49 46 87 134 34 190 131 186 116 63 94 172 139 107 126 93 5 22 67 0 136 86 89 119 10 130 141 144 28 121 30 166 175 40 100 135 35 158 180 85 133 68 7 42 184 32 20 4 145 60 168 198 58 36 104 80 96 108 118 38 189 48 71 114 19 52 122 127 178 16 29 169 25 92 173 3
52 19 114 43 169 25 27 181 179 153 9 75 171 57 77 82 110 115 12 31 162 54 6 170 47 76 137 155 11 62 177 182 24 121 28 8 149 22 5 93 109 160 45 134 46 87 34 190 131 186 116 63 139 107 126 94 172 67 0 136 86 89 119 10 130 141 144 100 135 35 158 180 85 133 68 7 42 4 145 58 36 104 80 198 168 60 20 32 184 78 95 74 39 194 175 40 166 30 193 112 143 125 91 13 156 64 1 191 142 148 69 146 101 96 108 38 118 103 41 106 159 189 48 71 127 122 178 147 152 83 102 163 97 70 111 185 183 150 88 90 65 18 105 192 14 81 123 161 157 140 154 120 17 15 176 2 128 113 174 37 72 33 49 199 59 124 187 98 84 195 138 196 132 99 188 23 44 56 50 167 55 129 53 66 3 173 92 151 117 73 51 26 164 197 165 61 21 79 29 16
11 155 137 76 47 49 59 199 33 124 187 98 84 195 176 2 128 113 174 37 72 46 87 134 34 190 131 186 116 107 126 63 139 94 172 89 119 10 130 141 28 121 144 135 100 40 175 194 39 74 78 95 85 180 35 158 133 68 7 42 184 32 20 4 145 60 168 198 58 36 104 80 108 38 118 96 101 146 69 148 142 191 1 64 13 156 82 9 153 179 75 171 57 77 41 106 181 27 43 169 25 92 165 61 21 79 29 16 52 19 114 159 103 189 48 71 127 122 178 147 97 83 152 102 163 111 185 183 150 88 90 65 18 192 14 81 123 17 15 120 161 157 140 154 138 196 132 188 99 105 167 50 23 56 44 6 170 54 162 31 3 66 55 129 53 117 51 26 70 164 197 73 151 173 115 110 143 12 112 193 125 91 166 30 24 182 8 149 0 136 86 67 22 5 93 109 45 160 62 177
171 57 77 82 110 143 12 112 193 125 91 13 156 64 1 191 142 148 69 146 101 96 108 118 38 189 48 71 127 122 178 16 29 52 19 114 159 103 106 41 181 43 169 25 27 92 165 61 21 79 147 152 83 102 163 97 70 111 185 183 150 88 90 65 18 192 14 81 123 161 157 140 154 120 15 17 105 55 129 53 117 51 26 164 197 73 151 173 3 66 167 50 56 44 23 188 99 132 196 138 176 2 128 195 98 84 113 37 174 187 124 59 199 49 33 72 46 87 134 34 131 190 109 45 160 22 5 93 126 107 186 116 63 139 94 172 67 0 136 86 89 119 10 130 141 144 100 135 35 158 180 85 133 68 7 42 4 145 58 36 104 80 198 168 60 20 32 184 78 95 74 39 194 175 40 166 30 121 28 149 8 24 182 177 11 155 62 137 76 47 170 6 54 162 31 115 9 153 179 75
128 2 176 138 195 84 98 170 54 6 44 56 23 188 99 132 196 154 140 157 161 120 15 17 123 81 14 192 18 65 90 88 150 183 185 111 70 97 163 102 83 152 127 122 178 147 197 164 26 51 73 151 117 53 66 129 55 105 167 50 3 173 92 165 61 21 79 29 16 52 19 114 43 169 25 27 179 75 77 57 171 181 41 106 103 159 71 48 189 38 118 108 96 101 146 69 148 142 191 1 64 156 13 91 125 193 112 12 143 110 82 9 153 115 31 162 47 76 137 155 11 62 160 45 109 93 5 22 67 86 136 0 28 121 149 8 182 177 24 30 166 40 175 194 39 74 95 78 184 32 20 60 168 198 80 104 36 58 145 4 7 68 42 85 133 180 158 35 135 100 144 141 130 10 119 89 172 94 139 63 126 107 116 186 131 190 34 134 87 46 49 199 59 124 187 33 72 37 174 113
62 160 45 109 93 5 22 67 86 136 0 28 121 149 8 182 24 30 166 40 175 194 39 74 95 78 184 32 20 60 168 198 80 104 36 58 145 4 7 68 42 85 133 180 158 35 135 100 144 141 130 10 119 89 172 94 139 63 126 107 116 186 131 190 34 134 87 46 72 37 174 113 128 2 176 138 195 84 98 170 54 6 44 56 23 188 99 132 196 154 140 157 161 120 15 17 123 81 14 192 18 65 90 88 150 183 185 111 70 97 163 102 83 152 127 122 178 147 197 164 26 51 73 151 117 53 66 129 55 105 167 50 3 173 92 165 61 21 79 29 16 52 19 114 43 169 25 27 179 75 77 57 171 181 41 106 103 159 71 48 189 38 118 108 96 101 146 69 148 142 191 1 64 156 13 91 125 193 112 12 143 110 82 9 153 115 31 162 124 187 33 199 59 49 47 76 137 155 11 177
47 54 170 6 44 56 23 188 99 132 196 138 154 140 157 161 120 15 17 123 81 14 192 18 65 90 88 150 183 185 111 26 51 117 53 66 129 55 105 167 50 3 173 115 31 162 193 112 12 143 110 82 9 153 179 75 171 57 77 41 106 181 27 43 169 25 79 147 21 61 165 92 151 73 197 164 70 97 163 102 83 152 127 122 178 16 29 52 19 114 159 71 48 189 103 146 69 148 142 191 1 64 156 13 91 125 39 194 74 78 184 32 20 101 96 108 118 38 80 104 36 58 198 168 60 145 4 7 68 42 95 85 133 180 158 35 135 100 40 175 166 30 121 28 144 141 130 10 119 89 86 136 0 67 22 5 93 172 94 139 63 116 186 107 126 131 190 109 45 160 149 8 24 182 177 62 11 155 76 137 134 34 87 46 33 72 37 174 113 128 2 176 195 84 98 187 124 59 199 49
91 125 112 143 12 3 173 115 110 82 9 153 179 75 77 57 171 27 43 169 25 92 165 61 21 79 29 16 52 19 114 159 181 106 41 64 1 191 142 148 69 146 103 189 48 71 127 122 178 147 152 83 102 163 97 70 111 185 183 150 88 90 55 129 53 117 51 26 164 197 73 151 66 50 167 105 18 65 192 14 81 123 161 157 140 154 120 15 17 196 132 99 188 23 56 44 6 54 170 98 84 195 138 176 2 128 113 37 174 187 124 59 199 49 33 72 46 87 134 34 190 131 186 116 107 126 63 139 94 172 89 119 86 136 0 67 22 5 93 109 45 160 62 137 76 47 162 31 193 155 11 177 182 24 8 149 141 10 130 144 28 121 30 166 100 135 35 158 180 133 68 7 4 145 60 168 198 58 36 104 80 38 118 108 96 101 20 32 184 78 95 42 85 74 194 40 175 39 13 156
5 93 67 0 136 86 89 119 10 130 135 100 35 158 180 85 133 68 7 42 4 145 60 168 198 58 36 104 80 38 118 108 96 101 20 32 184 78 95 74 39 194 175 40 166 125 91 13 156 64 1 191 142 148 69 146 103 189 48 71 127 122 178 16 29 52 19 114 159 106 41 77 57 171 75 179 181 27 43 169 25 79 147 152 83 102 163 97 21 61 165 197 164 51 26 70 111 185 183 150 88 90 65 18 192 14 81 123 161 157 140 154 120 15 17 196 132 99 188 23 44 56 50 167 105 55 129 66 53 117 73 92 153 9 82 110 115 173 151 3 6 170 54 162 31 12 143 112 193 155 11 177 62 137 76 47 49 59 199 33 124 187 98 84 195 138 176 2 128 113 174 37 72 46 87 134 34 186 116 63 139 94 172 126 107 131 190 109 45 160 149 8 182 24 30 121 28 144 141 22
4 20 32 184 78 95 42 7 68 133 85 180 158 35 135 100 40 175 194 39 74 191 1 64 142 148 69 146 118 103 106 41 77 57 171 75 179 153 9 82 115 110 156 13 91 125 193 112 143 12 31 162 47 76 137 155 11 177 62 8 149 182 24 166 30 121 28 144 141 130 10 0 67 136 86 119 89 172 94 139 63 116 186 131 190 107 126 93 5 22 109 160 45 34 134 87 46 72 33 49 199 59 124 187 174 37 113 128 2 176 138 195 84 98 170 54 6 44 56 23 188 99 132 196 154 140 157 161 120 15 17 123 81 14 192 18 65 90 88 150 183 185 111 26 51 117 53 66 129 55 105 167 50 3 173 151 73 197 164 70 97 163 102 83 152 147 79 21 61 165 92 25 169 27 181 43 29 16 178 127 122 52 19 114 159 71 48 189 38 108 101 96 80 104 36 58 198 168 60 145
134 34 190 131 186 116 63 94 172 139 107 126 93 5 22 67 0 136 86 89 119 10 130 141 144 100 135 35 158 180 133 68 7 4 145 60 168 198 58 36 104 80 38 118 108 96 101 148 69 146 103 189 48 71 127 122 178 152 83 102 163 97 147 21 61 165 79 29 16 52 19 114 159 43 169 25 27 181 106 41 77 57 171 75 179 153 9 82 110 143 125 91 13 156 64 1 191 142 20 32 184 42 78 95 85 74 39 194 175 40 166 30 28 121 24 182 8 149 109 45 160 62 177 11 155 193 112 31 12 115 92 173 3 50 167 55 129 66 53 117 151 73 51 26 164 197 70 111 185 183 150 88 90 65 18 105 192 14 81 123 161 157 140 154 120 15 17 196 132 99 188 23 56 44 6 170 54 162 47 76 137 49 59 199 33 124 187 98 84 195 138 176 2 128 113 174 37 72 46 87
13 156 82 9 153 179 75 171 57 77 41 106 181 27 43 169 25 92 165 61 21 79 97 163 102 83 152 147 178 127 122 16 29 52 19 114 159 71 48 189 103 146 69 148 142 64 1 191 78 184 32 20 101 96 108 118 38 80 104 36 58 198 168 60 145 4 7 68 42 95 74 85 133 180 158 35 135 100 40 175 194 39 166 30 24 182 8 149 160 45 109 93 5 22 121 28 144 141 130 10 0 67 136 86 119 89 172 94 139 63 116 186 107 126 190 131 34 134 87 46 72 37 174 113 128 2 176 195 84 98 187 124 33 199 59 49 47 76 137 62 177 11 155 162 31 54 6 170 132 196 138 154 140 157 161 120 15 17 123 81 14 192 99 188 23 44 56 50 167 66 53 129 55 105 18 65 90 88 150 183 185 111 70 197 164 26 51 73 117 151 3 173 115 110 143 12 112 193 125 91
173 3 66 53 129 55 105 167 50 56 44 23 188 99 132 196 17 15 120 154 140 157 161 123 81 14 192 18 65 90 88 150 183 185 111 163 102 83 152 127 122 178 147 97 70 164 26 51 117 151 73 197 165 61 21 79 29 16 52 19 114 71 48 189 38 118 108 96 101 146 69 148 142 191 1 64 156 13 91 125 112 193 155 11 177 62 76 137 160 45 109 93 5 22 67 86 136 0 28 121 149 8 182 24 30 166 40 175 194 39 74 95 78 184 32 20 60 168 198 80 104 36 58 145 4 7 68 42 85 133 180 158 35 135 100 144 141 130 10 119 89 172 94 139 63 126 107 116 186 131 190 34 134 87 46 72 37 174 113 128 2 176 138 195 84 98 187 124 33 199 59 49 47 170 6 54 162 31 12 143 110 82 77 57 103 41 106 159 43 169 25 27 181 171 75 179 9 153 92 115
61 165 197 164 26 70 111 185 183 150 88 90 65 18 105 167 50 56 44 23 188 99 192 14 81 123 161 157 140 154 120 15 17 132 196 138 176 2 128 195 98 84 113 37 174 187 124 59 199 49 33 72 46 87 134 34 131 190 109 45 160 22 5 93 126 107 186 116 63 139 94 172 67 0 136 86 89 119 10 130 141 144 100 135 35 158 180 85 133 68 7 42 4 145 58 36 104 80 198 168 60 20 32 184 78 95 74 39 194 175 40 166 30 121 28 149 8 24 182 177 11 155 62 137 76 47 170 6 54 162 31 12 143 112 193 125 91 13 156 64 1 191 142 148 69 146 101 96 108 118 38 189 48 71 159 103 106 41 171 57 77 82 110 115 173 3 66 55 129 53 117 51 73 151 92 153 9 75 179 181 27 25 169 43 114 19 52 178 122 127 152 83 102 163 97 147 16 29 79 21
137 76 155 11 177 62 160 45 109 93 5 22 149 8 182 24 121 28 30 166 40 175 194 39 74 95 78 184 32 20 60 168 198 80 104 36 58 145 4 7 68 42 85 133 180 158 35 135 100 144 141 130 10 119 89 86 136 0 67 172 94 139 63 116 186 107 126 190 131 34 134 87 46 72 37 174 113 128 2 176 138 195 84 98 170 54 6 44 56 23 188 99 132 196 154 140 157 161 120 15 17 123 81 14 192 18 65 90 88 150 183 185 111 70 97 163 102 83 152 127 122 178 147 197 164 26 51 73 151 117 53 66 129 55 105 167 50 3 173 92 165 61 21 79 29 16 52 19 114 43 169 25 27 179 75 77 57 171 181 41 106 103 159 71 48 189 38 118 108 96 101 146 69 148 142 191 1 64 156 13 91 125 193 112 12 143 110 82 9 153 115 31 162 47 124 187 33 199 59 49
87 46 134 131 190 45 109 93 5 22 149 8 160 62 137 76 49 59 199 33 124 187 72 37 174 113 128 2 176 138 195 84 98 170 54 6 44 56 23 188 99 132 196 154 140 157 161 120 15 17 123 81 14 192 18 65 90 88 150 183 185 111 70 97 163 102 83 152 127 122 178 147 197 164 26 51 73 151 117 53 66 129 55 105 167 50 3 173 92 165 61 21 79 29 16 52 19 114 43 169 25 27 179 75 77 57 171 181 41 106 103 159 71 48 189 38 118 108 96 101 146 69 148 142 191 1 64 156 13 91 125 193 112 12 143 110 82 9 153 115 31 162 47 155 11 177 182 24 30 166 40 175 194 39 74 95 78 184 32 20 60 168 198 80 104 36 58 145 4 42 7 68 133 85 180 158 35 135 100 144 121 28 141 130 10 0 67 136 86 119 89 172 94 139 63 126 107 116 186 34
155 11 177 62 160 45 109 190 131 34 87 46 134 137 76 47 54 6 170 98 84 187 124 59 199 49 33 72 37 174 113 128 2 176 195 138 196 132 154 140 157 161 120 15 17 123 81 14 192 99 188 23 44 56 50 167 66 53 129 55 105 18 65 90 88 150 183 185 111 102 152 83 163 97 147 127 122 178 16 29 52 19 114 159 71 48 189 103 106 41 181 27 43 169 25 79 21 61 165 197 164 70 26 51 73 117 151 92 153 9 179 75 171 57 77 82 110 143 156 13 64 1 191 39 175 40 194 74 95 78 184 32 20 96 101 148 142 69 146 118 38 108 80 104 36 58 198 168 60 145 4 7 68 42 85 133 180 158 35 100 135 130 119 89 172 94 139 63 116 186 107 126 93 5 22 67 86 136 0 10 141 144 28 149 8 182 24 121 30 166 91 125 193 112 12 115 173 3 31 162
86 136 0 67 22 5 93 109 45 160 149 8 182 24 30 121 28 141 10 130 144 100 135 35 158 180 85 133 68 7 42 4 145 60 168 198 58 36 104 80 38 118 108 96 101 20 32 184 78 95 74 39 194 175 40 166 125 91 13 156 64 1 191 142 148 69 146 103 189 48 71 159 114 19 52 29 16 178 122 127 152 83 147 79 21 61 165 197 164 51 26 70 97 163 102 111 185 183 150 88 90 65 18 192 14 81 123 161 157 140 154 120 15 17 196 132 99 188 23 44 56 50 167 105 55 129 66 53 117 73 92 25 169 43 27 181 106 41 77 57 171 75 179 153 9 82 110 143 12 112 193 155 11 177 62 137 76 47 162 31 115 173 151 3 54 6 170 59 199 49 33 124 187 98 84 195 138 176 2 128 113 174 37 72 46 87 134 34 190 131 186 116 107 126 63 139 94 172 89 119
127 122 178 52 19 114 29 16 79 147 152 83 102 163 97 21 61 165 197 164 70 111 185 26 51 73 117 151 173 3 66 53 183 150 88 90 65 18 192 14 81 123 161 157 140 154 120 15 17 105 55 129 167 50 56 44 23 188 99 132 196 138 176 2 128 195 98 84 113 37 174 187 124 59 199 49 33 72 46 87 134 34 131 190 109 45 160 22 5 93 126 107 186 116 63 139 94 172 67 0 136 86 89 119 10 130 141 144 100 135 35 158 180 85 133 68 7 42 4 145 58 36 104 80 198 168 60 20 32 184 78 95 74 39 194 175 40 166 30 121 28 149 8 24 182 177 11 155 62 137 76 47 170 6 54 162 31 115 92 25 169 43 159 103 106 41 181 27 171 57 77 75 179 153 9 82 110 143 12 112 193 125 91 13 156 64 1 191 142 148 69 146 101 96 108 118 38 189 48 71
171 57 77 82 110 143 12 112 193 125 91 13 156 64 1 191 142 148 69 146 101 96 108 118 38 189 48 71 127 122 178 16 29 52 19 114 159 103 106 41 181 43 169 25 27 92 165 61 21 79 147 152 83 102 163 97 70 111 185 183 150 88 90 65 18 192 14 81 123 161 157 140 154 120 15 17 105 55 129 53 117 51 26 164 197 73 151 173 3 66 167 50 56 44 23 188 99 132 196 138 176 2 128 195 98 84 113 37 174 187 124 59 199 49 33 72 46 87 134 34 131 190 109 45 160 22 5 93 126 107 186 116 63 139 94 172 67 0 136 86 89 119 10 130 141 144 100 135 35 158 180 85 133 68 7 42 4 145 58 36 104 80 198 168 60 20 32 184 78 95 74 39 194 175 40 166 30 121 28 149 8 24 182 177 11 155 62 137 76 47 170 6 54 162 31 115 9 153 179 75
121 28 144 100 135 35 158 180 85 133 68 7 42 4 145 58 36 104 80 198 168 60 20 32 184 78 95 74 39 194 175 40 166 125 91 13 156 64 1 191 142 148 69 146 101 96 108 118 38 189 48 71 127 122 178 16 29 52 19 114 159 103 106 41 57 77 82 110 143 12 112 193 162 31 115 9 153 179 75 171 181 43 169 25 27 92 173 3 50 167 55 129 66 53 117 151 73 51 26 164 197 165 61 21 79 147 152 83 102 163 97 70 111 185 183 150 88 90 65 18 105 192 14 81 123 161 157 140 154 120 15 17 196 132 99 188 23 56 44 6 54 170 98 84 195 138 176 2 128 113 174 37 72 187 124 33 199 59 49 46 87 134 34 186 116 63 139 107 126 172 94 89 119 130 141 10 0 136 86 67 22 5 93 109 190 131 45 137 76 47 155 11 177 62 160 149 8 182 24 30
96 108 38 118 101 148 142 69 146 103 106 41 181 27 43 169 25 29 16 52 19 114 159 189 48 71 127 122 178 147 152 83 102 163 97 79 21 61 165 92 173 3 50 167 55 129 66 53 117 151 73 51 26 164 197 70 111 185 183 150 88 90 65 18 105 192 14 81 123 161 157 140 154 120 15 17 196 132 99 188 23 56 44 6 170 54 115 31 162 47 76 137 49 59 199 33 124 187 98 84 195 138 176 2 128 113 174 37 72 46 87 134 34 131 190 109 45 160 62 155 11 177 182 24 8 149 22 5 93 126 107 186 116 63 139 94 172 67 0 136 86 89 119 10 130 141 144 28 121 30 166 91 125 193 112 12 143 110 9 153 179 75 171 57 77 82 156 13 64 1 191 74 39 194 175 40 100 135 35 158 180 85 133 68 7 42 95 78 184 32 20 4 145 60 168 58 36 104 80 198
19 52 122 127 178 16 29 79 25 169 43 159 103 106 41 181 27 179 153 9 75 171 57 77 82 110 115 173 3 50 167 55 129 66 53 117 151 73 51 26 164 197 92 165 61 21 147 152 83 102 163 97 70 111 185 183 150 88 90 65 18 105 192 14 81 123 17 15 120 161 157 140 154 138 176 2 128 113 174 37 72 33 199 59 49 46 87 134 34 190 131 186 116 107 126 63 139 94 172 89 119 10 130 141 144 100 135 35 158 180 133 85 42 68 7 4 145 58 36 104 80 198 168 60 20 32 184 78 95 74 39 194 175 40 166 30 24 177 182 8 149 121 28 0 136 86 67 22 5 93 109 45 160 62 11 155 137 76 47 124 187 98 84 195 196 132 99 188 23 56 44 6 170 54 162 31 12 143 112 193 125 91 13 156 64 1 191 142 148 69 146 101 96 108 118 38 189 48 71 114
115 110 143 12 31 162 47 76 137 62 177 11 155 193 112 125 91 13 156 82 75 171 57 77 41 106 103 146 69 148 142 64 1 191 78 184 32 20 101 96 108 118 38 80 104 36 58 198 168 60 145 4 7 68 42 95 74 85 133 180 158 35 135 141 28 121 144 100 40 175 194 39 166 30 24 182 8 149 160 45 109 93 5 22 67 86 136 0 10 130 119 89 172 94 139 63 116 186 107 126 190 131 34 134 87 46 72 33 49 199 59 124 187 174 37 113 128 2 176 138 195 84 98 170 54 6 44 56 23 188 99 132 196 154 140 157 161 120 15 17 123 81 14 192 18 65 90 88 150 183 185 111 26 51 117 53 66 129 55 105 167 50 3 173 151 73 197 164 70 97 163 102 83 152 147 178 122 127 71 48 189 159 114 19 52 16 29 79 21 61 165 92 25 169 43 27 181 179 153 9
76 137 62 177 11 155 193 112 12 143 110 82 9 153 179 75 171 57 77 41 106 181 27 43 169 25 92 165 61 21 79 147 97 163 102 83 152 127 122 178 16 29 52 19 114 159 71 48 189 103 146 69 148 142 191 1 64 156 13 91 125 166 40 175 194 39 74 78 184 32 20 101 96 108 118 38 80 104 36 58 198 168 60 145 4 7 68 42 95 85 133 180 158 35 135 100 144 28 121 30 24 182 8 149 160 45 109 22 141 130 10 0 67 136 86 119 89 94 172 5 93 126 107 139 63 116 186 131 190 34 134 87 46 72 37 174 113 128 2 176 195 84 98 187 124 33 199 59 49 47 54 170 6 44 56 23 188 99 132 196 138 154 140 157 161 120 15 17 123 81 14 192 18 65 90 88 150 183 185 111 70 197 164 26 51 73 151 117 53 66 129 55 105 167 50 3 173 115 31 162
49 33 72 46 87 134 34 131 190 109 45 160 22 5 93 126 107 186 116 63 139 94 172 67 0 136 86 89 119 10 130 141 144 100 135 35 158 180 85 133 68 7 42 4 145 58 36 104 80 198 168 60 20 32 184 78 95 74 39 194 175 40 166 30 121 28 149 8 24 182 177 11 155 62 137 76 47 162 31 12 143 112 193 125 91 13 156 64 1 191 142 148 69 146 101 96 108 118 38 189 48 71 127 122 178 16 29 52 19 114 159 103 106 41 57 77 82 110 115 9 153 179 75 171 181 43 169 25 27 92 173 3 50 167 55 129 66 53 117 151 73 51 26 164 197 165 61 21 79 147 152 83 102 163 97 70 111 185 183 150 88 90 65 18 105 192 14 81 123 161 157 140 154 120 15 17 196 132 99 188 23 56 44 6 54 170 98 84 195 138 176 2 128 113 37 174 187 124 59 199
92 153 9 179 75 171 57 77 41 106 181 27 43 169 25 79 21 61 165 197 164 26 51 73 151 117 53 66 129 55 167 50 54 170 6 44 56 23 188 99 132 196 195 84 98 187 124 47 76 137 155 193 112 125 91 166 30 121 28 144 141 149 8 24 182 177 11 62 160 45 109 93 5 22 67 86 136 0 10 130 119 89 172 94 139 63 126 107 116 186 131 190 34 134 87 46 49 59 199 33 72 37 174 113 128 2 176 138 154 140 157 161 120 15 17 123 81 14 192 105 18 65 90 88 150 183 185 111 70 97 163 102 83 152 147 127 122 178 16 29 52 19 114 159 71 48 189 38 108 80 104 36 58 145 4 7 68 133 85 180 158 35 135 100 40 175 194 39 74 95 78 42 184 32 20 60 168 198 96 101 118 103 146 69 148 142 191 1 64 13 156 82 110 143 12 31 162 3 173 115
31 162 54 170 6 44 56 23 188 99 132 196 138 154 140 157 161 120 15 17 123 81 14 192 18 65 90 88 150 183 185 111 26 51 117 53 66 129 55 105 167 50 3 115 173 151 73 197 164 70 97 163 102 83 152 147 178 122 127 71 48 189 38 118 108 101 96 198 80 104 36 58 168 60 145 4 20 32 184 78 95 42 7 68 133 85 74 180 158 35 135 144 28 121 149 8 160 45 109 93 5 22 141 130 10 119 89 86 136 0 67 172 94 139 63 116 186 107 126 190 131 34 134 87 46 72 37 174 113 128 2 176 195 84 98 187 124 33 199 59 49 47 76 137 62 155 11 177 182 24 30 166 100 40 175 194 39 13 156 64 1 191 142 148 69 146 103 159 114 19 52 16 29 79 21 61 165 92 25 169 43 27 181 106 41 77 57 171 75 179 153 9 82 110 12 143 91 125 193 112
22 5 93 67 0 136 86 172 94 89 119 10 130 135 100 35 158 180 85 133 68 7 42 4 145 58 36 104 80 198 168 60 20 32 184 78 95 74 39 194 175 40 30 166 125 91 13 156 64 1 191 142 148 69 146 101 96 108 118 38 189 48 71 127 122 178 16 29 52 19 114 159 103 106 41 57 77 82 110 143 12 112 193 162 31 115 9 153 179 75 171 181 43 169 25 27 92 173 3 50 167 55 129 66 53 117 151 73 51 26 164 197 165 61 21 79 147 152 83 102 163 97 70 111 185 183 150 88 90 65 18 105 192 14 81 123 161 157 140 154 120 15 17 196 132 99 188 23 56 44 6 54 170 98 84 195 138 176 2 128 113 37 174 187 124 33 199 59 49 47 76 137 155 11 177 62 160 45 134 46 72 87 34 186 116 63 139 126 107 131 190 109 149 8 182 24 121 28 144 141
75 179 9 153 92 165 61 21 79 147 152 83 102 163 97 70 111 185 183 150 88 90 65 18 192 14 81 123 161 157 140 154 120 15 17 105 55 129 53 117 51 26 164 197 73 151 173 3 66 167 50 56 44 23 188 99 132 196 138 176 2 128 195 98 84 113 37 174 187 124 59 199 49 33 72 46 87 134 34 131 190 109 45 160 22 5 93 126 107 186 116 63 139 94 172 67 0 136 86 89 119 10 130 141 144 100 135 35 158 180 85 133 68 7 42 4 145 58 36 104 80 198 168 60 20 32 184 78 95 74 39 194 175 40 166 30 121 28 149 8 24 182 177 11 155 62 137 76 47 170 6 54 162 31 115 82 110 143 12 112 193 125 91 13 156 64 1 191 142 148 69 146 101 96 108 118 38 189 48 71 127 122 178 16 29 52 19 114 43 169 25 27 181 159 103 106 41 77 57 171
181 27 43 169 25 92 173 3 50 167 55 129 66 53 117 151 73 51 26 164 197 165 61 21 79 147 152 83 102 163 97 70 111 185 183 150 88 90 65 18 105 192 14 81 123 161 157 140 154 120 15 17 196 132 99 188 23 56 44 6 170 54 162 47 49 59 199 33 124 187 98 84 195 138 176 2 128 113 174 37 72 46 87 134 34 186 116 63 139 94 172 126 107 131 190 109 93 5 22 67 0 136 86 89 119 10 130 141 144 166 30 121 28 149 8 24 182 177 62 160 45 137 76 11 155 193 125 91 112 143 12 31 115 110 82 156 13 39 194 175 40 100 135 35 158 180 85 133 68 7 42 4 145 58 36 104 80 198 168 60 20 32 184 78 95 74 191 1 64 142 148 69 146 101 96 108 118 38 189 48 71 127 122 178 16 29 52 19 114 159 103 106 41 77 57 171 75 9 153 179
124 187 98 84 195 176 2 128 113 174 37 72 46 87 134 34 190 131 186 116 63 94 172 139 107 126 93 5 22 67 0 136 86 89 119 10 130 141 144 28 121 30 166 175 40 100 135 35 158 180 85 133 68 7 4 145 58 36 104 80 198 168 60 20 32 184 42 78 95 74 194 39 13 156 91 125 193 112 143 110 82 9 153 179 75 171 57 77 41 106 181 27 43 169 25 29 16 52 19 114 159 103 146 69 64 1 191 142 148 101 96 108 118 38 189 48 71 127 122 178 147 152 83 102 163 97 79 21 61 165 92 151 117 73 51 26 164 197 70 111 185 183 150 88 90 65 18 192 14 81 123 17 15 120 161 157 140 154 138 196 132 188 99 105 55 129 53 66 167 50 23 56 44 6 170 54 3 173 115 12 31 162 155 11 177 182 24 8 149 109 45 160 62 137 76 47 49 59 199 33
168 60 145 4 20 32 184 78 95 42 7 68 133 85 180 158 35 135 100 144 141 130 10 119 89 94 172 86 136 0 67 22 5 93 126 107 139 63 116 186 131 190 109 160 45 34 134 87 46 72 37 174 113 128 2 176 195 84 98 187 124 33 199 59 49 47 76 137 155 11 62 177 182 24 8 149 28 121 30 166 40 175 194 39 74 191 1 64 142 148 69 146 103 41 106 159 181 171 57 77 75 179 153 9 82 156 13 91 125 193 112 12 143 110 115 31 162 54 170 6 44 56 23 188 99 132 196 138 154 140 157 161 120 15 17 123 81 14 192 105 18 65 90 88 150 183 185 111 70 97 163 102 83 152 147 79 21 61 165 197 164 26 51 117 53 129 55 167 50 66 3 173 151 73 92 27 43 169 25 29 16 178 127 122 52 19 114 71 48 189 38 118 108 101 96 198 80 104 36 58
20 32 184 78 95 42 7 68 133 85 180 158 35 135 100 144 141 130 10 119 89 94 172 86 136 0 67 22 5 93 126 107 139 63 116 186 131 190 109 160 45 34 134 87 46 72 37 174 113 128 2 176 195 84 98 187 124 33 199 59 49 47 76 137 155 11 62 177 182 24 8 149 28 121 30 166 40 175 194 39 74 191 1 64 142 148 69 146 103 41 106 159 181 171 57 77 75 179 153 9 82 156 13 91 125 193 112 12 143 110 115 31 162 54 170 6 44 56 23 188 99 132 196 138 154 140 157 161 120 15 17 123 81 14 192 105 18 65 90 88 150 183 185 111 70 97 163 102 83 152 147 79 21 61 165 197 164 26 51 117 53 129 55 167 50 66 3 173 151 73 92 27 43 169 25 29 16 178 127 122 52 19 114 71 48 189 38 118 101 96 108 80 36 58 104 198 168 60 145 4
177 182 8 149 141 144 28 121 24 30 166 175 194 40 100 135 35 158 180 85 133 68 7 42 184 32 20 4 145 60 168 198 58 36 104 80 108 38 118 103 146 69 101 96 148 142 78 95 74 39 191 1 64 13 156 82 9 153 179 75 171 57 77 41 106 181 27 43 169 25 92 165 61 21 79 29 16 52 19 114 159 189 48 71 127 122 178 147 97 83 152 102 163 111 185 183 150 88 90 65 18 192 14 81 123 17 15 120 161 157 140 154 176 138 196 132 188 99 105 167 50 23 56 44 6 170 54 162 31 3 66 55 129 53 117 51 26 70 164 197 73 151 173 115 110 143 12 112 91 125 193 155 11 137 76 47 49 59 199 33 124 187 98 84 195 2 128 113 174 37 72 46 87 134 34 190 131 186 116 107 126 63 139 94 172 89 119 130 10 0 136 86 67 22 5 93 109 45 160 62
193 112 143 110 82 9 153 179 75 171 57 77 41 106 181 27 43 169 25 92 165 61 21 79 147 97 163 102 83 152 127 122 178 16 29 52 19 114 159 71 48 189 103 146 69 148 142 191 1 64 156 13 91 125 166 40 175 194 39 74 78 184 32 20 101 96 108 118 38 80 104 36 58 198 168 60 145 4 7 68 42 95 85 133 180 158 35 135 100 144 28 121 30 24 149 8 182 177 62 160 45 109 22 141 130 10 0 67 136 86 119 89 94 172 5 93 126 107 139 63 116 186 131 190 34 134 87 46 72 33 49 137 11 155 76 47 59 199 124 187 174 37 113 128 2 176 138 195 84 98 170 54 6 44 56 23 188 99 132 196 154 140 157 161 120 15 17 123 81 14 192 18 65 90 88 150 183 185 111 70 197 164 26 51 73 151 117 53 66 129 55 105 167 50 3 173 115 12 31 162
199 49 33 72 46 87 134 34 131 190 109 45 160 22 5 93 126 107 186 116 63 139 94 172 67 0 136 86 89 119 10 130 141 144 100 135 35 158 180 85 133 68 7 42 4 145 58 36 104 80 198 168 60 20 32 184 78 95 74 39 194 175 40 166 30 121 28 149 8 24 182 177 11 155 62 137 76 47 162 31 12 143 112 193 125 91 13 156 64 1 191 142 148 69 146 101 96 108 118 38 189 48 71 127 122 178 16 29 52 19 114 159 103 106 41 57 77 82 110 115 9 153 179 75 171 181 43 169 25 27 92 173 3 50 167 55 129 66 53 117 151 73 51 26 164 197 165 61 21 79 147 152 83 102 163 97 70 111 185 183 150 88 90 65 18 105 192 14 81 123 161 157 140 154 120 15 17 196 132 99 188 23 56 44 6 54 170 98 84 195 138 176 2 128 113 37 174 187 124 59
34 134 87 46 72 37 174 113 128 2 176 195 84 98 187 124 33 199 59 49 47 162 193 112 12 143 110 82 9 153 179 75 171 57 77 41 106 181 27 43 169 25 79 147 21 61 165 92 115 31 54 170 6 44 56 23 188 99 132 196 138 154 140 157 161 120 15 17 123 81 14 192 18 65 90 88 150 183 185 111 26 51 117 53 66 129 55 105 167 50 3 173 151 73 197 164 70 97 163 102 83 152 127 122 178 16 29 52 19 114 159 71 48 189 103 146 69 148 142 191 1 64 156 13 91 125 39 194 74 78 184 32 20 101 96 108 118 38 80 104 36 58 198 168 60 145 4 7 68 42 95 85 133 180 158 35 135 100 40 175 166 30 121 28 144 141 130 10 119 89 94 172 86 136 0 67 22 93 5 149 8 24 182 177 62 11 155 76 137 160 45 109 126 107 139 63 116 186 131 190
176 2 128 113 174 37 72 46 87 134 34 131 190 109 45 160 62 177 11 155 137 76 47 49 59 199 33 124 187 84 98 170 54 162 31 12 143 112 193 125 91 13 156 64 1 191 142 39 194 175 40 166 30 28 121 24 182 8 149 0 136 86 67 22 5 93 126 107 186 116 63 139 94 172 89 119 10 130 141 144 100 135 35 158 180 85 133 68 7 42 95 74 78 184 32 20 4 145 60 168 198 58 36 104 80 38 118 108 96 101 148 69 146 103 106 41 77 57 171 181 27 43 169 25 29 16 52 19 114 159 189 48 71 127 122 178 147 152 83 102 163 97 79 21 61 165 92 153 179 75 9 82 110 115 173 151 117 73 51 26 164 197 70 111 185 183 150 88 90 65 18 105 55 129 53 66 3 167 50 6 44 56 23 188 99 192 14 81 123 17 15 120 161 157 140 154 132 196 138 195
132 196 138 154 140 157 161 120 15 17 123 81 14 192 18 65 90 88 105 55 129 66 53 150 183 185 111 163 102 83 152 127 122 178 147 97 70 26 51 117 151 73 164 197 165 61 21 79 29 16 52 19 114 71 48 189 38 118 108 96 101 146 69 148 142 191 1 64 156 13 91 125 193 112 12 143 110 82 77 57 103 41 106 159 43 169 25 27 181 171 75 179 9 153 92 173 3 115 31 162 155 11 177 62 160 45 109 93 5 22 149 8 182 24 121 28 30 166 40 175 194 39 74 95 78 184 32 20 60 168 198 80 104 36 58 145 4 7 68 42 85 133 180 158 35 135 100 144 141 130 10 119 89 86 136 0 67 172 94 139 63 116 186 107 126 190 131 34 134 87 46 137 76 47 49 199 59 124 187 33 72 37 174 113 128 2 176 195 84 98 170 54 6 44 56 50 167 23 188 99
96 108 38 118 101 148 142 69 146 103 106 41 181 27 43 169 25 29 16 52 19 114 159 189 48 71 127 122 178 147 152 83 102 163 97 79 21 61 165 92 173 3 50 167 55 129 66 53 117 151 73 51 26 164 197 70 111 185 183 150 88 90 65 18 105 192 14 81 123 161 157 140 154 120 15 17 196 132 99 188 23 56 44 6 170 54 115 31 162 47 76 137 49 59 199 33 124 187 98 84 195 138 176 2 128 113 174 37 72 46 87 134 34 131 190 109 45 160 62 155 11 177 182 24 8 149 22 5 93 126 107 186 116 63 139 94 172 67 0 136 86 89 119 10 130 141 144 28 121 30 166 91 125 193 112 12 143 110 9 153 179 75 171 57 77 82 156 13 64 1 191 74 39 194 175 40 100 135 35 158 180 85 133 68 7 42 95 78 184 32 20 4 145 60 168 58 36 104 80 198
96 108 38 118 101 148 142 69 146 103 106 41 181 27 43 169 25 29 16 52 19 114 159 189 48 71 127 122 178 147 152 83 102 163 97 79 21 61 165 92 173 3 50 167 55 129 66 53 117 151 73 51 26 164 197 70 111 185 183 150 88 90 65 18 105 192 14 81 123 161 157 140 154 120 15 17 196 132 99 188 23 56 44 6 170 54 115 31 162 47 76 137 49 59 199 33 124 187 98 84 195 138 176 2 128 113 174 37 72 46 87 134 34 131 190 109 45 160 62 155 11 177 182 24 8 149 22 5 93 126 107 186 116 63 139 94 172 67 0 136 86 89 119 10 130 141 144 28 121 30 166 91 125 193 112 12 143 110 9 153 179 75 171 57 77 82 156 13 64 1 191 74 39 194 175 40 100 135 35 158 180 85 133 68 7 42 95 78 184 32 20 4 145 60 168 58 36 104 80 198
166 40 175 194 39 74 78 184 32 20 60 168 198 80 104 36 58 145 4 7 68 42 95 85 133 180 158 35 135 100 30 121 28 144 141 149 8 109 93 5 22 67 86 136 0 10 130 119 89 172 94 139 63 126 107 116 186 131 190 34 87 72 46 134 45 160 62 137 76 49 59 199 33 124 187 174 37 113 128 2 176 138 195 84 98 170 54 6 44 56 23 188 99 132 196 154 140 157 161 120 15 17 123 81 14 192 18 65 90 88 150 183 185 111 70 97 163 102 83 152 127 122 178 147 197 164 26 51 73 151 117 53 66 129 55 105 167 50 3 173 92 165 61 21 79 29 16 52 19 114 43 169 25 27 179 75 77 57 171 181 41 106 103 159 71 48 189 38 118 108 96 101 146 69 148 142 191 1 64 156 13 91 125 193 112 12 143 110 82 9 153 115 31 162 47 155 11 177 182 24
170 54 6 44 56 23 188 99 132 196 138 154 140 157 161 120 15 17 123 81 14 192 18 65 90 88 150 183 185 111 70 97 163 102 83 152 127 122 178 147 197 164 26 51 73 151 117 53 66 129 55 105 167 50 3 173 92 165 61 21 79 29 16 52 19 114 43 169 25 27 179 75 77 57 171 181 41 106 103 159 71 48 189 38 118 108 96 101 146 69 148 142 191 1 64 156 13 91 125 193 112 12 143 110 82 9 153 115 31 162 47 76 137 155 11 62 160 45 109 93 5 22 67 86 136 0 28 121 149 8 182 177 24 30 166 40 175 194 39 74 95 78 184 32 20 60 168 198 80 104 36 58 145 4 7 68 42 85 133 180 158 35 135 100 144 141 130 10 119 89 172 94 139 63 126 107 116 186 131 190 34 134 87 46 72 37 128 2 176 195 113 174 33 49 199 59 124 187 84 98
111 185 183 150 88 90 65 18 192 14 81 123 161 157 140 154 120 15 17 99 188 132 196 138 176 2 128 195 113 174 37 72 46 87 134 34 131 190 126 107 186 116 63 139 94 172 89 119 10 130 141 144 100 135 35 158 180 85 133 68 7 42 4 145 58 36 104 80 198 168 60 20 32 184 78 95 74 39 194 175 40 166 30 28 121 24 182 8 149 0 136 86 67 22 5 93 109 45 160 62 177 11 155 193 112 125 91 13 156 64 1 191 142 148 69 146 101 96 108 118 38 189 48 71 114 19 52 122 127 178 16 29 79 21 147 152 83 102 163 97 61 165 197 73 151 3 173 92 153 9 75 179 181 27 25 169 43 159 103 106 41 171 57 77 82 115 110 143 12 31 162 47 76 137 49 59 199 33 124 187 84 98 170 54 6 44 56 23 50 167 105 55 129 66 53 117 51 26 164 70
157 140 154 138 196 132 98 84 124 59 199 49 33 187 195 176 2 128 113 174 37 72 46 87 134 34 131 190 126 107 186 116 63 139 94 172 89 119 10 130 141 144 100 135 35 158 180 85 133 68 7 42 4 145 58 36 104 80 198 168 60 20 32 184 78 95 74 39 194 175 40 166 30 28 121 24 182 8 149 0 136 86 67 22 5 93 109 45 160 62 177 11 155 137 76 47 162 31 12 143 112 193 125 91 13 156 64 1 191 142 148 69 146 101 96 108 118 38 189 48 71 127 122 178 16 29 52 19 114 43 169 25 27 159 103 106 41 181 171 57 77 75 179 153 9 82 110 115 92 173 3 66 53 117 151 73 51 26 164 197 165 61 21 79 147 152 83 102 163 97 70 111 185 183 150 88 90 65 18 105 55 129 167 50 54 170 6 44 56 23 188 99 192 14 81 123 17 15 120 161
87 46 134 131 190 45 109 93 5 22 149 8 160 62 137 76 49 59 199 33 124 187 72 37 174 113 128 2 176 138 195 84 98 170 54 6 44 56 23 188 99 132 196 154 140 157 161 120 15 17 123 81 14 192 18 65 90 88 150 183 185 111 70 97 163 102 83 152 127 122 178 147 197 164 26 51 73 151 117 53 66 129 55 105 167 50 3 173 92 165 61 21 79 29 16 52 19 114 43 169 25 27 179 75 77 57 171 181 41 106 103 159 71 48 189 38 118 108 96 101 146 69 148 142 191 1 64 156 13 91 125 193 112 12 143 110 82 9 153 115 31 162 47 155 11 177 182 24 30 166 40 175 194 39 74 95 78 184 32 20 60 168 198 80 104 36 58 145 4 42 7 68 133 85 180 158 35 135 100 144 121 28 141 130 10 0 67 136 86 119 89 172 94 139 63 126 107 116 186 34
54 170 98 84 195 2 128 113 37 174 187 124 59 199 49 33 72 46 87 134 34 131 190 109 45 160 22 5 93 126 107 186 116 63 139 94 172 67 0 136 86 89 119 10 130 141 144 100 135 35 158 180 85 133 68 7 42 4 145 58 36 104 80 198 168 60 20 32 184 78 95 74 39 194 175 40 166 30 121 28 149 8 24 182 177 11 155 62 137 76 47 162 31 12 143 112 193 125 91 13 156 64 1 191 142 148 69 146 101 96 108 118 38 189 48 71 127 122 178 16 29 52 19 114 159 103 106 41 57 77 82 110 115 9 153 179 75 171 181 43 169 25 27 92 173 3 50 167 55 129 66 53 117 151 73 51 26 164 197 165 61 21 79 147 152 83 102 163 97 70 111 185 183 150 88 90 65 18 105 192 14 81 123 17 15 120 161 157 140 154 176 138 196 132 99 188 23 56 44 6
119 10 141 28 121 149 8 109 93 5 22 67 0 136 86 89 172 94 139 63 126 107 116 186 131 190 34 87 72 46 134 45 160 62 137 76 49 59 199 33 124 187 174 37 113 128 2 176 138 195 84 98 170 54 6 44 56 23 188 99 132 196 154 140 157 161 120 15 17 123 81 14 192 18 65 90 88 150 183 185 111 70 97 163 102 83 152 127 122 178 147 197 164 26 51 73 151 117 53 66 129 55 105 167 50 3 173 92 165 61 21 79 29 16 52 19 114 43 169 25 27 179 75 77 57 171 181 41 106 103 159 71 48 189 38 118 108 96 101 146 69 148 142 191 1 64 156 13 91 125 193 112 12 143 110 82 9 153 115 31 162 47 155 11 177 182 24 30 166 40 175 194 39 74 95 78 184 32 20 60 168 198 80 104 36 58 145 4 7 68 42 85 133 180 158 35 135 100 144 130
66 3 151 173 115 82 110 143 12 112 193 125 91 13 156 64 1 191 142 148 69 146 101 96 108 118 38 189 48 71 127 122 178 16 29 52 19 114 159 103 106 41 77 57 171 75 9 153 179 181 43 169 25 27 92 21 79 147 152 83 102 163 97 70 61 165 197 73 117 51 164 26 111 185 183 150 88 90 65 18 105 192 14 81 123 161 157 140 154 120 17 15 176 2 128 113 37 174 187 124 59 199 49 33 72 46 87 134 34 131 190 109 45 160 22 5 93 126 107 186 116 63 139 94 172 67 0 136 86 89 119 10 130 141 144 100 135 35 158 180 85 133 68 7 42 4 145 58 36 104 80 198 168 60 20 32 184 78 95 74 39 194 175 40 166 30 121 28 149 8 24 182 177 11 155 62 137 76 47 162 31 54 6 170 98 84 195 138 196 132 99 188 23 44 56 50 167 55 129 53
104 58 36 80 38 189 48 71 127 122 178 16 29 52 19 114 43 169 25 27 92 173 3 50 167 55 129 66 53 117 151 73 51 26 164 197 165 61 21 79 147 152 83 102 163 97 70 111 185 183 150 88 90 65 18 105 192 14 81 123 161 157 140 154 120 15 17 196 132 99 188 23 56 44 6 170 54 49 59 199 33 124 187 98 84 195 138 176 2 128 113 174 37 72 46 87 134 34 131 190 45 160 109 107 186 116 63 139 94 172 126 93 5 22 67 0 136 86 89 119 10 130 141 144 166 30 121 28 149 8 24 182 177 11 155 62 137 76 47 162 31 12 143 112 193 125 91 13 156 110 115 82 9 153 179 75 77 57 171 181 159 106 41 103 118 108 96 101 146 69 148 142 64 1 191 74 39 194 175 40 100 135 35 158 180 85 133 68 7 42 95 78 184 32 20 4 145 60 168 198
199 49 33 72 46 87 134 34 131 190 109 45 160 22 5 93 126 107 186 116 63 139 94 172 67 0 136 86 89 119 10 130 141 144 100 135 35 158 180 85 133 68 7 42 4 145 58 36 104 80 198 168 60 20 32 184 78 95 74 39 194 175 40 166 30 121 28 149 8 24 182 177 11 155 62 137 76 47 162 31 12 143 112 193 125 91 13 156 64 1 191 142 148 69 146 101 96 108 118 38 189 48 71 127 122 178 16 29 52 19 114 159 103 106 41 57 77 82 110 115 9 153 179 75 171 181 43 169 25 27 92 173 3 50 167 55 129 66 53 117 151 73 51 26 164 197 165 61 21 79 147 152 83 102 163 97 70 111 185 183 150 88 90 65 18 105 192 14 81 123 161 157 140 154 120 15 17 196 132 99 188 23 56 44 6 54 170 98 84 195 138 176 2 128 113 37 174 187 124 59
16 178 122 127 152 83 102 163 97 147 29 79 21 61 165 197 164 51 26 70 111 185 183 150 88 90 65 18 105 192 14 81 123 161 157 140 154 120 17 15 176 2 128 113 174 37 72 33 49 199 59 124 187 98 84 195 138 196 132 99 188 23 44 56 50 167 55 129 53 66 3 173 151 117 73 92 115 31 162 54 6 170 47 76 137 155 11 177 62 160 109 45 134 46 87 34 131 190 107 186 116 63 139 94 172 126 93 5 22 67 0 136 86 89 119 10 130 141 144 28 149 8 182 24 121 30 166 39 194 175 40 100 135 35 158 180 85 133 68 7 42 95 74 78 184 32 20 4 145 60 168 198 58 36 104 80 38 189 48 71 159 106 41 103 118 108 96 101 146 69 148 142 191 1 64 156 13 91 125 193 112 12 143 110 82 9 153 179 75 77 57 171 181 27 25 169 43 114 19 52
190 131 107 126 172 94 139 63 116 186 34 134 87 46 72 37 174 113 128 2 176 195 84 98 187 124 33 199 59 49 47 76 137 160 62 177 11 155 193 112 143 12 31 162 54 170 6 44 56 23 188 99 132 196 138 154 140 157 161 120 15 17 123 81 14 192 18 65 90 88 150 183 185 111 70 97 163 102 83 152 127 122 178 147 21 61 165 92 151 73 197 164 26 51 117 53 66 129 55 105 167 50 3 173 115 110 82 9 153 179 75 171 57 77 41 106 181 27 43 169 25 79 29 16 52 19 114 159 71 48 189 103 146 69 148 142 191 1 64 156 13 91 125 166 30 24 182 8 149 121 28 100 40 175 194 39 74 78 184 32 20 101 96 108 118 38 80 104 36 58 198 168 60 145 4 7 68 42 95 85 133 180 158 35 135 144 141 130 10 119 89 86 136 0 67 22 5 93 109 45
81 123 161 157 140 154 120 15 17 196 132 99 188 23 56 50 167 105 55 129 66 53 117 151 173 92 153 9 75 179 181 27 25 169 43 159 103 106 41 171 57 77 82 110 115 3 54 6 44 170 98 47 76 137 49 199 59 124 187 84 195 138 176 2 128 113 174 37 72 33 46 87 134 34 131 190 126 107 186 116 63 139 94 172 89 119 10 130 141 144 100 135 35 158 180 85 133 68 7 42 4 145 58 36 104 80 198 168 60 20 32 184 78 95 74 39 194 175 40 166 30 28 121 24 182 8 149 0 136 86 67 22 5 93 109 45 160 62 177 11 155 162 31 12 143 112 193 125 91 13 156 64 1 191 142 148 69 146 101 96 108 118 38 189 48 71 114 19 52 16 29 79 21 61 165 197 73 51 26 164 70 97 147 178 122 127 152 83 102 163 111 185 183 150 88 90 65 18 192 14
56 23 188 99 132 196 138 154 140 157 161 120 15 17 123 81 14 192 18 65 90 88 105 55 129 66 53 150 183 185 111 163 102 83 152 127 122 178 147 97 70 26 51 117 151 73 164 197 165 61 21 79 29 16 52 19 114 71 48 189 38 118 108 96 101 146 69 148 142 191 1 64 156 13 91 125 193 112 143 12 31 162 47 76 137 155 11 177 62 160 45 109 93 5 22 149 8 182 24 121 28 30 166 40 175 194 39 74 95 78 184 32 20 60 168 198 80 104 36 58 145 4 7 68 42 85 133 180 158 35 135 100 144 141 130 10 119 89 86 136 0 67 172 94 139 63 116 186 107 126 190 131 34 134 87 46 49 199 59 124 187 33 72 37 174 113 128 2 176 195 84 98 170 44 6 54 115 110 82 77 57 103 41 106 159 43 169 25 27 181 171 75 179 9 153 92 173 3 167 50
178 127 122 52 19 114 71 48 189 38 118 108 96 101 148 142 191 1 64 69 146 103 41 106 159 43 169 25 27 181 171 57 77 75 179 153 9 82 156 13 91 125 193 112 12 143 110 115 31 162 54 170 6 66 3 173 151 73 92 165 61 197 164 26 51 117 53 129 55 167 50 56 44 23 188 99 132 196 195 84 98 187 124 47 76 137 155 11 62 160 45 109 93 5 22 67 86 136 0 28 121 149 8 182 177 24 30 166 40 175 194 39 74 95 78 184 32 20 60 168 198 80 104 36 58 145 4 7 68 42 85 133 180 158 35 135 100 144 141 130 10 119 89 172 94 139 63 126 107 116 186 131 190 34 134 87 46 49 59 199 33 72 37 174 113 128 2 176 138 154 140 157 161 120 15 17 123 81 14 192 105 18 65 90 88 150 183 185 111 70 97 163 102 83 152 147 21 79 29 16
89 119 130 135 100 35 158 180 85 133 68 7 4 145 60 168 198 58 36 104 80 38 118 108 96 101 148 69 146 103 189 48 71 127 122 178 16 29 52 19 114 159 106 41 77 57 171 75 179 181 27 43 169 25 79 21 147 152 83 102 163 97 70 111 185 183 150 88 90 55 129 66 53 117 151 73 51 26 164 197 61 165 92 153 9 82 156 13 64 1 191 142 20 32 184 42 78 95 74 39 194 175 40 166 91 125 143 110 115 173 3 50 167 105 18 65 192 14 81 123 161 157 140 154 120 15 17 196 132 99 188 23 56 44 6 170 54 162 31 12 112 193 155 11 177 62 137 76 47 49 59 199 33 124 187 98 84 195 138 176 2 128 113 174 37 72 46 87 134 34 131 190 126 107 186 116 63 139 94 172 86 136 0 67 22 5 93 109 45 160 149 8 182 24 30 121 28 144 141 10
143 12 31 162 54 170 6 44 56 23 188 99 132 196 138 154 140 157 161 120 15 17 123 81 14 192 18 65 90 88 150 183 185 111 70 197 164 26 51 73 151 117 53 66 129 55 105 167 50 3 173 115 110 82 9 153 179 75 171 57 77 41 106 181 27 43 169 25 92 165 61 21 79 147 97 163 102 83 152 127 122 178 16 29 52 19 114 159 71 48 189 103 146 69 64 1 191 142 148 101 118 38 108 96 80 36 58 104 198 168 60 145 4 20 32 184 7 68 42 78 95 74 85 133 180 158 35 135 100 40 175 194 39 166 30 24 182 8 149 160 45 109 93 5 22 121 28 144 141 130 10 0 67 136 86 119 89 172 94 139 63 116 186 107 126 190 131 34 134 87 46 72 37 174 113 128 2 176 195 84 98 187 124 33 199 59 49 47 76 137 62 177 11 155 193 112 125 91 13 156
186 116 63 139 94 172 67 0 136 86 89 119 10 130 141 144 100 135 35 158 180 85 133 68 7 42 4 145 58 36 104 80 198 168 60 20 32 184 78 95 74 39 194 175 40 166 30 121 28 149 8 182 24 125 91 13 156 64 1 191 142 148 69 146 101 96 108 118 38 189 48 71 127 122 178 16 29 52 19 114 159 103 106 41 57 77 82 110 143 12 112 193 162 31 115 9 153 179 75 171 181 43 169 25 27 92 173 3 50 167 55 129 66 53 117 151 73 51 26 164 197 165 61 21 79 147 152 83 102 163 97 70 111 185 183 150 88 90 65 18 105 192 14 81 123 161 157 140 154 120 15 17 196 132 99 188 23 56 44 6 54 170 98 84 195 138 176 2 128 113 37 174 187 124 33 199 59 49 47 76 137 155 11 177 62 160 45 134 46 72 87 34 131 190 109 22 5 93 126 107
167 55 129 53 117 151 73 51 26 164 197 165 61 21 79 147 152 83 102 163 97 70 111 185 183 150 88 90 65 18 105 192 14 81 123 17 15 120 161 157 140 154 176 138 196 132 99 188 23 50 56 44 6 54 170 98 84 195 2 128 113 37 174 187 124 59 199 49 33 72 46 87 134 34 131 190 109 45 160 22 5 93 126 107 186 116 63 139 94 172 67 0 136 86 89 119 10 130 141 144 100 135 35 158 180 85 133 68 7 42 4 145 58 36 104 80 198 168 60 20 32 184 78 95 74 39 194 175 40 166 30 121 28 149 8 24 182 177 11 155 62 137 76 47 162 31 12 143 112 193 125 91 13 156 64 1 191 142 148 69 146 101 96 108 118 38 189 48 71 127 122 178 16 29 52 19 114 159 103 41 106 43 169 25 27 181 171 57 77 75 179 153 9 82 110 115 92 173 3 66
135 100 40 175 194 39 74 78 95 85 180 35 158 133 68 7 42 184 32 20 4 145 60 168 198 58 36 104 80 108 38 118 96 101 146 69 148 142 191 1 64 13 156 82 110 115 173 3 50 167 55 129 66 53 117 151 73 51 26 164 197 61 165 92 153 9 179 75 171 57 77 41 106 181 27 43 169 25 21 79 29 16 52 19 114 159 103 189 48 71 127 122 178 147 152 83 102 163 97 70 111 185 183 150 88 90 65 18 105 192 14 81 123 161 157 140 154 120 15 17 196 132 99 188 23 56 44 6 170 54 162 31 12 143 112 193 125 91 166 30 28 121 24 182 8 149 109 45 160 62 177 11 155 137 76 47 49 59 199 33 124 187 98 84 195 138 176 2 128 113 174 37 72 46 87 134 34 190 131 186 116 63 94 172 139 107 126 93 5 22 67 0 136 86 89 119 10 130 141 144
25 169 43 27 92 153 9 179 75 77 57 171 181 41 106 103 159 71 48 189 38 118 108 96 101 146 69 148 142 191 1 64 156 13 91 125 193 112 12 143 110 82 115 173 151 117 53 3 66 129 55 167 50 56 44 23 188 99 132 196 195 84 98 170 6 54 31 162 47 76 137 155 11 62 160 45 109 93 5 22 67 86 136 0 28 121 149 8 182 177 24 30 166 40 175 194 39 74 95 78 184 32 20 60 168 198 80 104 36 58 145 4 7 68 42 85 133 180 158 35 135 100 144 141 130 10 119 89 172 94 139 63 126 107 116 186 131 190 34 134 87 46 49 199 59 124 187 33 72 37 174 113 128 2 176 138 154 140 157 161 120 15 17 123 81 14 192 105 18 65 90 88 150 183 185 111 70 97 163 102 83 152 147 178 127 122 52 19 114 29 16 79 21 61 164 26 51 73 197 165
165 21 61 197 164 26 51 117 53 129 55 105 18 65 90 88 150 183 185 111 70 97 163 102 83 152 147 79 29 16 178 127 122 52 19 114 71 48 189 38 118 108 96 101 146 69 148 142 191 1 64 156 13 91 125 193 112 12 143 110 82 77 57 103 41 106 159 43 169 25 27 181 171 75 179 9 153 92 115 31 162 54 6 170 98 84 187 124 33 199 59 49 47 76 137 155 11 62 160 45 109 93 5 22 67 86 136 0 28 121 149 8 182 177 24 30 166 40 175 194 39 74 95 78 184 32 20 60 168 198 80 104 36 58 145 4 7 68 42 85 133 180 158 35 135 100 144 141 130 10 119 89 172 94 139 63 126 107 116 186 131 190 34 134 87 46 72 37 174 113 128 2 176 195 138 154 140 157 120 161 192 14 81 123 17 15 196 132 99 188 23 44 56 50 167 66 3 173 151 73
174 113 128 2 176 138 195 84 98 132 196 154 140 157 161 120 15 17 123 81 14 192 99 188 23 44 56 50 167 105 18 65 90 88 150 183 53 129 55 66 3 6 170 54 162 31 12 143 112 193 125 91 13 156 64 1 191 142 148 69 146 103 106 41 77 57 171 75 179 153 9 82 110 115 173 151 117 73 197 164 26 51 185 111 70 97 163 102 83 152 147 79 21 61 165 92 25 169 27 181 43 29 16 178 127 122 52 19 114 159 71 48 189 38 118 108 101 96 80 36 58 104 198 168 60 145 4 20 32 184 78 95 42 7 68 133 85 180 158 35 135 100 74 39 194 175 40 166 30 24 182 8 149 121 28 144 141 130 10 119 89 86 136 0 67 22 5 93 109 160 62 177 11 155 47 76 137 45 190 131 107 126 172 94 139 63 116 186 34 134 87 46 49 59 199 33 124 187 72 37
75 179 9 153 92 165 61 21 79 147 152 83 102 163 97 70 111 185 183 150 88 90 65 18 192 14 81 123 161 157 140 154 120 15 17 105 55 129 53 117 51 26 164 197 73 151 173 3 66 167 50 56 44 23 188 99 132 196 138 176 2 128 195 98 84 113 37 174 187 124 59 199 49 33 72 46 87 134 34 131 190 109 45 160 22 5 93 126 107 186 116 63 139 94 172 67 0 136 86 89 119 10 130 141 144 100 135 35 158 180 85 133 68 7 42 4 145 58 36 104 80 198 168 60 20 32 184 78 95 74 39 194 175 40 166 30 121 28 149 8 24 182 177 11 155 62 137 76 47 170 6 54 162 31 115 82 110 143 12 112 193 125 91 13 156 64 1 191 142 148 69 146 101 96 108 118 38 189 48 71 127 122 178 16 29 52 19 114 43 169 25 27 181 159 103 106 41 77 57 171
168 60 145 4 20 32 184 78 95 42 7 68 133 85 180 158 35 135 100 144 141 130 10 119 89 94 172 86 136 0 67 22 5 93 126 107 139 63 116 186 131 190 109 160 45 34 134 87 46 72 37 174 113 128 2 176 195 84 98 187 124 33 199 59 49 47 76 137 155 11 62 177 182 24 8 149 28 121 30 166 40 175 194 39 74 191 1 64 142 148 69 146 103 41 106 159 181 171 57 77 75 179 153 9 82 156 13 91 125 193 112 12 143 110 115 31 162 54 170 6 44 56 23 188 99 132 196 138 154 140 157 161 120 15 17 123 81 14 192 105 18 65 90 88 150 183 185 111 70 97 163 102 83 152 147 79 21 61 165 197 164 26 51 117 53 129 55 167 50 66 3 173 151 73 92 27 43 169 25 29 16 178 127 122 52 19 114 71 48 189 38 118 108 101 96 198 80 104 36 58
100 135 144 141 130 10 0 67 136 86 119 89 172 94 139 63 116 186 107 126 93 5 22 109 45 190 131 34 134 87 46 72 37 174 113 128 2 176 195 84 98 187 124 33 199 59 49 47 76 137 160 62 155 11 177 182 24 8 149 28 121 30 166 91 125 193 112 143 110 12 31 162 54 170 6 44 56 23 188 99 132 196 138 154 140 157 161 120 15 17 123 81 14 192 18 65 90 88 150 183 185 111 70 26 51 117 53 66 129 55 105 167 50 3 115 173 151 73 164 197 165 61 21 79 147 97 163 102 83 152 127 122 178 16 29 52 19 114 71 48 189 103 159 43 169 25 92 27 181 106 41 77 57 171 75 179 153 9 82 156 13 64 1 191 78 184 32 20 96 101 148 142 69 146 118 38 108 80 104 36 58 198 168 60 145 4 7 42 133 68 158 35 180 85 95 74 39 194 175 40
135 100 40 175 194 39 74 78 95 85 180 35 158 133 68 7 42 184 32 20 4 145 60 168 198 58 36 104 80 108 38 118 96 101 146 69 148 142 191 1 64 13 156 82 110 115 173 3 50 167 55 129 66 53 117 151 73 51 26 164 197 61 165 92 153 9 179 75 171 57 77 41 106 181 27 43 169 25 21 79 29 16 52 19 114 159 103 189 48 71 127 122 178 147 152 83 102 163 97 70 111 185 183 150 88 90 65 18 105 192 14 81 123 161 157 140 154 120 15 17 196 132 99 188 23 56 44 6 170 54 162 31 12 143 112 193 125 91 166 30 28 121 24 182 8 149 109 45 160 62 177 11 155 137 76 47 49 59 199 33 124 187 98 84 195 138 176 2 128 113 174 37 72 46 87 134 34 190 131 186 116 63 94 172 139 107 126 93 5 22 67 0 136 86 89 119 10 130 141 144
88 90 65 18 105 55 129 167 50 56 44 98 84 124 59 199 49 33 187 195 138 196 132 23 188 99 192 14 81 123 161 157 140 154 120 17 15 176 2 128 113 174 37 72 46 87 134 34 131 190 109 45 160 22 5 93 126 107 186 116 63 139 94 172 67 0 136 86 89 119 10 130 141 144 100 135 35 158 180 85 133 68 7 42 4 145 58 36 104 80 198 168 60 20 32 184 78 95 74 39 194 175 40 166 30 121 28 149 8 24 182 177 11 155 62 137 76 47 170 6 54 162 31 12 143 112 193 125 91 13 156 64 1 191 142 148 69 146 101 96 108 118 38 189 48 71 159 103 106 41 171 57 77 82 110 115 173 3 66 53 117 151 73 51 26 164 197 165 92 153 9 75 179 181 27 43 169 25 61 21 79 16 29 114 19 52 122 127 178 147 152 83 102 163 97 70 111 185 183 150
43 169 25 92 165 61 197 164 26 51 73 151 117 53 66 129 55 167 50 3 173 115 110 82 9 153 75 179 27 181 171 57 77 41 106 103 159 71 48 189 38 118 108 96 101 146 69 148 142 191 1 64 156 13 91 125 193 112 143 12 31 162 54 170 6 44 56 23 188 99 132 196 195 84 98 187 124 33 199 59 49 47 76 137 155 11 62 160 45 109 93 5 22 67 86 136 0 28 121 149 8 182 177 24 30 166 40 175 194 39 74 95 78 184 32 20 60 168 198 80 104 36 58 145 4 7 68 42 85 133 180 158 35 135 100 144 141 130 10 119 89 172 94 139 63 126 107 116 186 131 190 34 134 87 46 72 37 174 113 128 2 176 138 154 140 157 161 120 15 17 123 81 14 192 105 18 65 90 88 150 183 185 111 70 97 163 102 83 152 147 21 79 16 178 127 122 52 19 114 29
109 93 5 22 67 0 136 86 89 119 10 130 141 144 100 135 35 158 180 85 133 68 7 42 4 145 58 36 104 80 198 168 60 20 32 184 78 95 74 39 194 175 40 166 30 121 28 149 8 182 24 125 91 13 156 64 1 191 142 148 69 146 101 96 108 118 38 189 48 71 127 122 178 16 29 52 19 114 159 103 106 41 57 77 82 110 143 12 112 193 162 31 115 9 153 179 75 171 181 43 169 25 27 92 173 3 50 167 55 129 66 53 117 151 73 51 26 164 197 165 61 21 79 147 152 83 102 163 97 70 111 185 183 150 88 90 65 18 105 192 14 81 123 161 157 140 154 120 15 17 196 132 99 188 23 56 44 6 54 170 98 84 195 138 176 2 128 113 37 174 187 124 33 199 59 49 47 76 137 155 11 177 62 160 45 134 46 72 87 34 190 131 186 116 63 139 94 172 126 107
156 13 64 1 191 39 194 175 40 166 91 125 193 112 143 12 31 162 155 11 177 62 137 76 47 124 187 98 84 195 138 176 2 128 113 174 37 72 33 199 59 49 46 87 134 34 190 131 186 116 107 126 63 139 94 172 89 119 86 136 0 67 22 5 93 109 45 160 149 8 182 24 30 121 28 141 10 130 144 100 135 35 158 180 133 68 7 42 85 74 95 78 184 32 20 4 145 60 168 198 58 36 104 80 38 118 108 96 101 148 142 69 146 103 189 48 71 127 122 178 16 29 52 19 114 159 43 169 25 92 165 61 21 79 147 152 83 102 163 97 70 111 185 183 150 88 90 65 18 192 14 81 123 161 157 140 154 120 15 17 196 132 99 188 23 56 44 6 170 54 3 66 50 167 105 55 129 53 117 51 26 164 197 73 151 173 115 110 82 9 153 179 27 181 106 41 77 57 171 75
67 0 141 144 100 30 28 121 24 182 8 149 160 45 109 22 5 93 126 107 139 63 116 186 131 190 34 134 87 46 72 37 174 113 128 2 176 138 195 84 98 187 124 33 199 59 49 47 76 137 62 177 11 155 193 112 143 12 31 162 54 6 170 132 196 154 140 157 161 120 15 17 123 81 14 192 99 188 23 44 56 50 167 105 18 65 90 88 150 183 185 111 163 102 83 152 127 122 178 147 97 70 197 164 26 51 73 117 53 129 55 66 3 151 173 115 110 82 9 153 179 75 171 57 77 41 106 181 27 43 169 25 92 165 61 21 79 29 16 52 19 114 159 71 48 189 103 146 69 148 142 191 1 64 156 13 91 125 166 40 175 194 39 74 95 78 184 32 20 101 96 108 118 38 80 104 36 58 198 168 60 145 4 42 7 68 133 85 180 158 35 135 130 10 119 89 94 172 86 136
120 161 123 81 14 192 18 65 90 88 105 55 129 66 53 150 183 185 111 163 102 83 152 127 122 178 147 97 70 26 51 117 151 73 164 197 165 61 21 79 29 16 52 19 114 71 48 189 38 118 108 96 101 146 69 148 142 191 1 64 156 13 91 125 193 155 11 177 62 160 45 109 93 5 22 149 8 182 24 121 28 30 166 40 175 194 39 74 95 78 184 32 20 60 168 198 80 104 36 58 145 4 7 68 42 85 133 180 158 35 135 100 144 141 130 10 119 89 86 136 0 67 172 94 139 63 116 186 107 126 190 131 34 134 87 46 137 76 47 162 31 112 143 12 115 110 82 77 57 103 41 106 159 43 169 25 27 181 171 75 179 9 153 92 173 3 54 6 170 98 84 195 187 124 59 199 49 33 72 37 174 113 128 2 176 138 196 132 188 23 44 56 50 167 99 17 15 154 140 157
64 1 191 142 148 69 146 103 41 106 159 181 171 57 77 75 9 153 179 27 25 169 43 114 19 52 29 16 178 122 127 71 48 189 38 118 108 101 96 80 36 58 104 198 168 60 145 4 20 32 184 78 95 42 7 68 133 85 74 180 158 35 135 100 144 28 121 149 8 182 24 30 166 40 175 194 39 91 125 193 112 143 12 31 162 47 76 137 155 11 177 62 160 45 109 93 5 22 141 130 10 119 89 86 136 0 67 172 94 139 63 116 186 107 126 190 131 34 134 87 46 72 37 174 113 128 2 176 195 33 49 199 59 124 187 84 98 170 6 54 3 173 151 117 53 66 129 55 167 50 56 44 23 188 99 132 196 138 154 140 157 161 120 15 17 123 81 14 192 105 18 65 90 88 150 183 185 111 70 97 163 102 83 152 147 79 21 61 165 197 164 26 51 73 92 115 110 82 156 13
135 100 40 175 194 39 74 78 95 85 180 35 158 133 68 7 42 184 32 20 4 145 60 168 198 58 36 104 80 108 38 118 96 101 146 69 148 142 191 1 64 13 156 82 110 115 173 3 50 167 55 129 66 53 117 151 73 51 26 164 197 61 165 92 153 9 179 75 171 57 77 41 106 181 27 43 169 25 21 79 29 16 52 19 114 159 103 189 48 71 127 122 178 147 152 83 102 163 97 70 111 185 183 150 88 90 65 18 105 192 14 81 123 161 157 140 154 120 15 17 196 132 99 188 23 56 44 6 170 54 162 31 12 143 112 193 125 91 166 30 28 121 24 182 8 149 109 45 160 62 177 11 155 137 76 47 49 59 199 33 124 187 98 84 195 138 176 2 128 113 174 37 72 46 87 134 34 190 131 186 116 63 94 172 139 107 126 93 5 22 67 0 136 86 89 119 10 130 141 144
178 127 122 52 19 114 71 48 189 38 118 108 96 101 148 142 191 1 64 69 146 103 41 106 159 43 169 25 27 181 171 57 77 75 179 153 9 82 156 13 91 125 193 112 12 143 110 115 31 162 54 170 6 66 3 173 151 73 92 165 61 197 164 26 51 117 53 129 55 167 50 56 44 23 188 99 132 196 195 84 98 187 124 47 76 137 155 11 62 160 45 109 93 5 22 67 86 136 0 28 121 149 8 182 177 24 30 166 40 175 194 39 74 95 78 184 32 20 60 168 198 80 104 36 58 145 4 7 68 42 85 133 180 158 35 135 100 144 141 130 10 119 89 172 94 139 63 126 107 116 186 131 190 34 134 87 46 49 59 199 33 72 37 174 113 128 2 176 138 154 140 157 161 120 15 17 123 81 14 192 105 18 65 90 88 150 183 185 111 70 97 163 102 83 152 147 21 79 29 16
29 16 178 127 122 52 19 114 71 48 189 38 118 108 96 101 146 69 148 142 191 1 64 156 13 39 166 40 175 194 74 95 78 184 32 20 60 168 198 80 104 36 58 145 4 7 68 42 85 133 180 158 35 135 100 144 28 121 30 24 182 8 149 160 45 109 93 5 22 141 130 10 119 89 86 136 0 67 172 94 139 63 116 186 107 126 190 131 34 134 87 46 72 37 174 113 128 2 176 195 84 98 187 124 33 199 59 49 47 76 137 62 177 11 155 193 125 91 112 12 143 110 115 31 162 54 170 6 44 56 23 188 99 132 196 138 154 140 157 161 120 15 17 123 81 14 192 105 18 65 90 88 150 183 185 111 51 117 53 129 55 167 50 66 3 173 151 73 197 164 26 70 163 102 152 83 97 147 79 21 61 165 92 153 9 82 75 179 27 181 171 57 77 103 41 106 159 43 169 25
136 86 172 94 89 119 10 130 135 100 166 40 175 194 39 74 95 78 42 85 133 180 35 158 68 7 184 32 20 4 145 60 168 58 36 104 80 198 96 101 108 38 118 103 146 69 148 142 191 1 64 156 13 91 125 143 110 82 9 153 179 75 171 57 77 41 106 181 27 43 169 25 29 16 52 19 114 159 189 48 71 127 122 178 147 152 83 102 163 97 79 21 61 165 92 151 117 73 51 26 164 197 70 111 185 183 150 88 90 65 18 192 14 81 123 161 157 140 154 120 15 17 196 132 188 99 105 55 129 53 66 167 50 23 56 44 6 170 54 3 173 115 12 31 162 112 193 155 11 177 62 137 76 47 49 59 199 33 124 187 98 84 195 138 176 2 128 113 174 37 72 46 87 134 34 190 131 186 116 63 139 107 126 93 5 22 109 45 160 149 8 182 24 30 121 28 144 141 0 67
75 179 9 153 92 165 61 21 79 147 152 83 102 163 97 70 111 185 183 150 88 90 65 18 192 14 81 123 161 157 140 154 120 15 17 105 55 129 53 117 51 26 164 197 73 151 173 3 66 167 50 56 44 23 188 99 132 196 138 176 2 128 195 98 84 113 37 174 187 124 59 199 49 33 72 46 87 134 34 131 190 109 45 160 22 5 93 126 107 186 116 63 139 94 172 67 0 136 86 89 119 10 130 141 144 100 135 35 158 180 85 133 68 7 42 4 145 58 36 104 80 198 168 60 20 32 184 78 95 74 39 194 175 40 166 30 121 28 149 8 24 182 177 11 155 62 137 76 47 170 6 54 162 31 115 82 110 143 12 112 193 125 91 13 156 64 1 191 142 148 69 146 101 96 108 118 38 189 48 71 127 122 178 16 29 52 19 114 43 169 25 27 181 159 103 106 41 77 57 171
